ep_title,ep_url,sutra,genres,genres_full,track_count,ep_total_tracks,total_plays,total_likes,duration_total,artwork_url,lyrics_id,lyrics_title,lyrics_match_conf,created_at
A Man's A Man for A' That - VOL. 01 - Revolution Forever,https://soundcloud.com/bananasutra/sets/a-mans-a-man-for-a-that-vol-01,KNOWsutra,,,3,3,575,6,0:10:33,https://i1.sndcdn.com/artworks-YUOwZVtRKHQ7qgnV-7WlPYA-t500x500.jpg,L-005,A Man's a Man and A' That,CONFIRMED,2025-02-07 1:15:28
Ain't Doing Bad Doing Nothing ⭐︎ Public Domain Vol. 02 EPx10 ⭐︎ FLOWsutra Wet JAZZ,https://soundcloud.com/bananasutra/sets/aint-doing-bad-doing-nothing-public-domain-vol-02-epx10-flowsutra-wet-jazz,FLOWsutra,"BLUES, BURLESQUE, JAZZ","BLUES, BURLESQUE, JAZZ",10,10,3844,38,0:29:52,https://i1.sndcdn.com/artworks-ywHf0D0qFVueq62i-1G6SmQ-t500x500.png,L-014,Ain't Doing Bad Doing Nothing,CONFIRMED,2025-11-04 5:33:57
All I Know • Shades of Fools (It's the Why) • KNOWsutra EPx5 Vol. 02,https://soundcloud.com/bananasutra/sets/all-i-know-shades-of-fools-its-the-why-knowsutra-epx5-vol-02,KNOWsutra,"BLUES, BURLESQUE, FOLK, INDIE, JAZZ","BLUES, BURLESQUE, FOLK, INDIE, JAZZ",5,5,2019,15,0:16:03,https://i1.sndcdn.com/artworks-jqVeUE2kfD4URweU-kKwl8A-t500x500.png,L-209,Shades of Fools (All I Know),CONFIRMED,2025-11-19 19:59:32
Atheist Tango EP x9 VOL. 1 ☰ Waldo's Burlesque Tales of Truth,https://soundcloud.com/bananasutra/sets/atheist-tango-ep-x9-vol-1-waldos-burlesque-tales-of-truth,KNOWsutra,"BURLESQUE, FOLK, JAZZ","BURLESQUE, FOLK, JAZZ",9,9,1659,23,0:29:14,https://i1.sndcdn.com/artworks-zGmZBF6E6J0dpCF7-7ObUQQ-t500x500.png,L-235,The Atheist Tango,CONFIRMED,2025-04-06 5:22:33
But(t) How Can You? GROWsutra (Dare to Care) EPx10,https://soundcloud.com/bananasutra/sets/butt-how-can-you-growsutra-epx10,GROWsutra,"DUB, INDIE, LOFI","DUB, GIPSY, HIP HOP, INDIE, LOFI, PSYCHEDELIC, RAGGA",10,10,4254,16,0:19:15,https://i1.sndcdn.com/artworks-wzNXJ0kKC1UWtYRu-qF7vrw-t500x500.png,L-038,But(t) How Can You?,CONFIRMED,2026-03-06 21:23:29
But(t) How you Kids Learn Now? EPx9 VOL. 01,https://soundcloud.com/bananasutra/sets/butt-how-you-kids-learn-now-epx9-vol-01,KNOWsutra,"FOLK, INDIE, JAZZ","FOLK, INDIE, JAZZ",9,9,1951,29,0:30:18,https://i1.sndcdn.com/artworks-s7JwXEm6wQmnuT1J-ySHR0g-t500x500.png,L-100,How Do Kids Learn Now?,CONFIRMED,2025-04-14 18:55:06
Crimina/els EP,https://soundcloud.com/bananasutra/sets/crimina-els-ep,BLOWsutra,"BLUES, JAZZ","BLUES, CABARET, GIPSY, JAZZ",3,3,551,6,0:06:59,https://i1.sndcdn.com/artworks-N2bJW7Tqp3S7Ldn6-PMk8kA-t500x500.jpg,L-048,Criminals,CONFIRMED,2024-10-18 8:12:31
Darling EP,https://soundcloud.com/bananasutra/sets/arthur-darling,BOWsutra,INDIE,,4,4,1548,22,0:13:47,https://i1.sndcdn.com/artworks-sm0RyWK8U9ogWbAR-vvmBLg-t500x500.png,L-053,Darling,CONFIRMED,2024-11-20 21:30:55
Jacques Brel : French EPx9 : GLOWsutra Burlesque Indie Blues Gratitude POET(ry),https://soundcloud.com/bananasutra/sets/jacques-brel-french-epx9-glowsutra-burlesque-indie-blues-gratitude-poetry,GLOWsutra,"BANJO, BLUES, BURLESQUE, INDIE","BANJO, BLUES, BURLESQUE, INDIE, PSYCHEDELIC",9,9,3199,28,0:38:47,https://i1.sndcdn.com/artworks-e0sOW6yRL70L2ZRD-C8tirQ-t500x500.png,L-112,Jacques Brel,CONFIRMED,2025-11-29 22:24:02
Joseph Campbell's Truth Metaphors ☷ KNOWsutra EPx12,https://soundcloud.com/bananasutra/sets/joseph-campbells-truth-metaphors-knowsutra-epx12,KNOWsutra,"BLUES, BURLESQUE, DUB, INDIE, LOFI, MANTRA","BLUES, BURLESQUE, DUB, INDIE, LOFI, MANTRA",12,12,2253,22,0:41:38,https://i1.sndcdn.com/artworks-jy4Ny3sg2PSbdteq-7zc7yg-t500x500.jpg,L-153,Metaphors' Edge (Joseph Campbell's song),CONFIRMED,2025-08-24 6:22:50
Kids Are Asking ✪ KNOWsutra But(t) Why EPx3,https://soundcloud.com/bananasutra/sets/kids-are-asking-knowsutra-butt-why-epx3,KNOWsutra,"DUB, FOLK, INDIE, JAZZ, LOFI, MANTRA","ACOUSTIC, DUB, FOLK, INDIE, JAZZ, LOFI, MANTRA, TRIP HOP",3,3,1078,2,0:09:14,https://i1.sndcdn.com/artworks-L6uXyHUyGsqH0ZAv-cvmeZg-t500x500.png,L-118,Kids Are Asking,CONFIRMED,2025-12-04 6:56:57
MAMA-B-C (Make America Mine Achtung Encore) • BLOWsutra MAxA Series EPx3,https://soundcloud.com/bananasutra/sets/mama-b-c-blowsutra-maxa-series-epx3,BLOWsutra,"BANJO, DUB, INDIE, MANTRA","ACOUSTIC, BANJO, COUNTRY, DUB, INDIE, MANTRA, TRIP HOP",3,3,610,7,0:11:37,https://i1.sndcdn.com/artworks-uDzqzbtn80lOeo3H-hV475g-t500x500.png,L-150,MAMA (Make America Mine Achtung),CONFIRMED,2026-02-13 6:21:02
MAMA-B-C (Make America Mine Achtung) • BLOWsutra MAxA Series EPx8,https://soundcloud.com/bananasutra/sets/mama-b-c-blowsutra-maxa-series-epx8,BLOWsutra,"BANJO, BLUES, BURLESQUE, FOLK, INDIE, LOFI","BANJO, BLUES, BURLESQUE, FOLK, INDIE, LOFI, PSYCHEDELIC, TRIP HOP",5,8,6992,43,0:20:16,https://i1.sndcdn.com/artworks-uDzqzbtn80lOeo3H-hV475g-t500x500.png,L-150,MAMA (Make America Mine Achtung),CONFIRMED,2026-02-13 5:48:35
MASA (Make America Safe Again) ✮ EPX12 ✮ QUACKsutra Psychedelic BANJO,https://soundcloud.com/bananasutra/sets/masa-make-america-safe-again-epx12-quacksutra-psychedelic-banjo,BLOWsutra,"BANJO, BLUES, BURLESQUE, DUB, ROCK","BANJO, BLUES, BURLESQUE, COUNTRY, DUB, PSYCHEDELIC, ROCK",12,12,5417,37,0:38:28,https://i1.sndcdn.com/artworks-zGBEcizIyyXPbSgu-fuTgSg-t500x500.png,L-152,MAWA (Make America Woke Again),CONFIRMED,2025-11-12 10:23:14
Make Amurica Gulag Again ☭ BLOWsutra DUB EPx25,https://soundcloud.com/bananasutra/sets/make-amurica-gulag-again-blowsutra-dub-epx25,BLOWsutra,"DUB, FOLK, INDIE, LOFI","DUB, FOLK, GIPSY, INDIE, LOFI, RAGGA",25,25,8362,87,1:19:51,https://i1.sndcdn.com/artworks-EtyWMtEaw4pyLtcc-MBCl2Q-t500x500.png,L-145,Make Amurica Gulag Again (MAGA),CONFIRMED,2025-06-27 4:05:47
"No, I'm Not Being Political 🇺🇸 KNOWsutra Indie Dub EPx15",https://soundcloud.com/bananasutra/sets/no-im-not-being-political-knowsutra-indie-dub-epx15,KNOWsutra,"DUB, FOLK, INDIE, LOFI, MANTRA","DUB, FOLK, INDIE, LOFI, MANTRA",15,15,2944,25,0:48:40,https://i1.sndcdn.com/artworks-zz7WsK7tAEH4cMHT-fSdPcQ-t500x500.png,L-160,"No, I'm Not Being Political (CIRCA 2025)",CONFIRMED,2025-08-07 22:37:42
"Okey Dokey, No It's Not Ξ EPx5 Ξ LOFIsutra",https://soundcloud.com/bananasutra/sets/okey-dokey-no-its-not-epx5-lofisutra,BLOWsutra,INDIE,INDIE,5,5,6750,49,0:15:26,https://i1.sndcdn.com/artworks-lY0oFqEouYMs8MxL-RFc5iA-t500x500.png,L-166,Okie Dokie (No It's Not),CONFIRMED,2025-04-25 6:33:16
Prickly Peaches DUBsutra EPx3,https://soundcloud.com/bananasutra/sets/prickly-peaches-dubsutra-epx3,FLOWsutra,DUB,DUB,3,3,640,8,0:10:53,https://i1.sndcdn.com/artworks-RAzwB4AnKcyRKbyO-wrGX6g-t500x500.jpg,L-276,Wet (Prickly) Peaches vol.2,CONFIRMED,2024-12-24 21:59:32
Question di Kingdom ✰ Ragga DUBsutra EPx10,https://soundcloud.com/bananasutra/sets/question-di-kingdom-ragga-dubsutra-epx10,KNOWsutra,DUB,RAGGA,10,10,2856,24,0:27:13,https://i1.sndcdn.com/artworks-mKTmWGkHkyRy4ocv-MREqIQ-t500x500.png,L-191,Question Di Kingdom,CONFIRMED,2025-03-01 11:04:14
Rainbows in the Clouds • GLOWsutra Dub LoFi Blues,https://soundcloud.com/bananasutra/sets/rainbows-in-the-clouds-glowsutra-dub-lofi-blues,GLOWsutra,"BANJO, BLUES, DUB, FOLK, INDIE, JAZZ, LOFI","BANJO, BLUES, COUNTRY, DUB, FOLK, GIPSY, INDIE, JAZZ, LOFI",14,14,15584,173,0:33:40,https://i1.sndcdn.com/artworks-OuzjTqyXc8wz8Uv9-0cXu0Q-t500x500.png,L-194,Rainbows in the Clouds,CONFIRMED,2026-01-24 5:17:33
Reason over Reverence (No need for God) ☷ KNOWsutra EPx6,https://soundcloud.com/bananasutra/sets/reason-over-reverence-no-need-for-god-knowsutra-epx6,KNOWsutra,"BANJO, BLUES","BANJO, BLUES",6,6,1743,16,0:19:56,https://i1.sndcdn.com/artworks-52aEtWxS2ijbwMuq-syAe6A-t500x500.png,L-197,Reason Over Reverence,CONFIRMED,2025-06-24 1:57:02
"Rise Up, You Naked Peoples (Freedom Rings) ☆ BLOWsutra Victor Hugo Revolution Song",https://soundcloud.com/bananasutra/sets/rise-up-you-naked-peoples-blowsutra-victor-hugo-revolution,BLOWsutra,FOLK,FOLK,2,2,562,5,0:06:41,https://i1.sndcdn.com/artworks-XITSzbW3Jfw7E2Bb-d1yIpQ-t500x500.png,L-201,"Rise Up, You Naked Peoples (Freedom Rings)",CONFIRMED,2026-02-16 0:22:02
Second Hand Smoke (of) Arrogant Hearts - BLOWsutra EGO Therapy EPx6,https://soundcloud.com/bananasutra/sets/second-hand-smoke-of-arrogant-hearts-blowsutra-ego-therapy-epx6,BLOWsutra,"BANJO, BURLESQUE, DUB, INDIE, LOFI, MANTRA","BANJO, BURLESQUE, DUB, GIPSY, INDIE, LOFI, MANTRA, SOUL, TRIP HOP",6,6,4672,50,0:17:53,https://i1.sndcdn.com/artworks-Tee0LuKXPZj5MLJY-pyJfiA-t500x500.png,L-016,Arrogant Hearts (Second hand Smoke),CONFIRMED,2025-11-06 23:12:09
Secret de Polichinelle 🎪 French EPx10 🎪 KNOWsutra Psychedelic Gipsy Circus,https://soundcloud.com/bananasutra/sets/secret-de-polichinelle-french-epx10-knowsutra-psychedelic-gipsy-circus,KNOWsutra,"BURLESQUE, INDIE, JAZZ","BURLESQUE, GIPSY, INDIE, JAZZ, PSYCHEDELIC",10,10,5354,53,0:35:11,https://i1.sndcdn.com/artworks-xr4XjkoXh1PH9F6I-IQ3wCQ-t500x500.png,L-204,Secret De Polichinelle,CONFIRMED,2025-11-11 23:41:21
Serial BLOWerrr ✰ RAGGA DUBsutra,https://soundcloud.com/bananasutra/sets/serial-blowerrr,BLOWsutra,DUB,"DUB, FLAMENCO, RAGGA",7,7,1510,15,0:23:25,https://i1.sndcdn.com/artworks-L6YErpavAldzq4cD-HRzVlg-t500x500.png,L-207,Serial BLOWerrr,CONFIRMED,2025-01-31 13:03:24
Shades of Fools EPx9,https://soundcloud.com/bananasutra/sets/shades-of-fools-epx9,GROWsutra,BANJO,"BANJO, RAGGA",9,9,1738,16,0:26:00,https://i1.sndcdn.com/artworks-vmrDjbUos6J6FBAc-PCByYA-t500x500.png,L-210,Shady Fools,CONFIRMED,2025-01-15 0:58:35
"So, What Is Racism? KNOWsutra Gone Banana EPx17",https://soundcloud.com/bananasutra/sets/so-what-is-racism-knowsutra-gone-banana-epx17,KNOWsutra,"BANJO, BLUES, DUB, FOLK, JAZZ, LOFI","BANJO, BLUES, DUB, FOLK, GIPSY, JAZZ, LOFI, RAGGA",17,17,16599,174,0:52:18,https://i1.sndcdn.com/artworks-2Y1pH6yfxZuC4LKe-PWzeJA-t500x500.png,L-220,"So, What Is Racism?",CONFIRMED,2025-10-05 1:34:12
Tell The Truth (encore) KNOWsutra EPx9 Vol. 04,https://soundcloud.com/bananasutra/sets/tell-the-truth-encore-knowsutra-epx9-vol-04,KNOWsutra,"BANJO, BLUES, ROCK","BANJO, BLUES, PSYCHEDELIC, ROCK",9,9,10161,184,0:37:21,https://i1.sndcdn.com/artworks-64Uv99JMUudNjTVz-iC67zQ-t500x500.png,L-231,Tell The Truth,CONFIRMED,2025-11-02 5:28:17
The Echo Song ☭ Russian EPx3 ☭ Gipsy BLOWsutra LoFi Blues (Vladimir Vysotsky Cover),https://soundcloud.com/bananasutra/sets/the-echo-song-russian-epx3-gipsy-blowsutra-lofi-blues-vladimir-vysotsky-cover,BLOWsutra,"BANJO, BLUES, INDIE, LOFI","BANJO, BLUES, GIPSY, INDIE, LOFI, PSYCHEDELIC",3,3,2678,32,0:09:40,https://i1.sndcdn.com/artworks-acFrdgqIA6o30Zzp-mlZM9A-t500x500.png,L-239,The Echo Song,CONFIRMED,2025-10-25 8:16:50
There's No Prayer Like Desire • KNOWsutra But(t) Why EPx4,https://soundcloud.com/bananasutra/sets/theres-no-prayer-like-desire-knowsutra-butt-why-epx4,KNOWsutra,"BANJO, BLUES, BURLESQUE","BANJO, BLUES, BURLESQUE",3,3,1995,20,0:08:29,https://i1.sndcdn.com/artworks-BZeLqNQ4AlXL9NGG-8Sntuw-t500x500.png,L-251,There's No Prayer Like Desire,CONFIRMED,2025-12-14 4:18:39
They Muddy the Waters (aka Nietzsche's Gift) EPx5 VOL. 04,https://soundcloud.com/bananasutra/sets/they-muddy-the-waters-aka-nietzsches-gift-epx5-vol-04,KNOWsutra,"BANJO, BURLESQUE, FOLK, INDIE, LOFI","BANJO, BURLESQUE, FOLK, INDIE, LOFI",5,5,1065,6,0:16:27,https://i1.sndcdn.com/artworks-8WQovcQ1YWF6xgZ0-sPC0bQ-t500x500.png,L-157,Nietzsche's Gift (Muddy Waters),CONFIRMED,2025-04-14 6:55:17
Up a San Francisco Hill • Bananasutra Heart Beats,https://soundcloud.com/bananasutra/sets/up-a-san-francisco-hill-bananasutra-heart-beats,GLOWsutra,DUB,DUB,4,8,779,3,0:12:52,https://i1.sndcdn.com/artworks-GDiJpggFg27JRXo9-ZnhHqQ-t500x500.jpg,L-268,Up a San Francisco Hill,CONFIRMED,2025-01-26 23:36:14
Waldo's Fascist Tango EPx3 VOL. 1 • Burlesque JAZZ,https://soundcloud.com/bananasutra/sets/waldos-fascist-tango-epx3-vol-1-blowsutra-burlesque,BLOWsutra,"BURLESQUE, JAZZ","BURLESQUE, JAZZ",3,3,682,7,0:10:30,https://i1.sndcdn.com/artworks-c3L1ZrA7GdTEUNpD-srMlmg-t500x500.png,L-271,Waldo's Atheist Tango,CONFIRMED,2025-04-06 1:10:43
Why We Can't Be Brave? ☷ GROWsutra (Censored) Cello EPx8,https://soundcloud.com/bananasutra/sets/why-we-cant-be-brave-growsutra-censored-cello-epx8,GROWsutra,"BURLESQUE, DUB, INDIE, LOFI","BURLESQUE, DUB, FLAMENCO, HIP HOP, INDIE, LOFI, PSYCHEDELIC",8,8,6031,58,0:28:47,https://i1.sndcdn.com/artworks-rB89JSlaccuJ12aJ-01Yopg-t500x500.png,L-295,Why We Can't Be Brave?,CONFIRMED,2025-12-02 22:33:37
Zero Sum (Zero Sean) • GROWsutra (Dare to Care) EPx22,https://soundcloud.com/bananasutra/sets/zero-sum-growsutra-epx22,GROWsutra,"BURLESQUE, DUB, FOLK, INDIE, JAZZ, LOFI","BURLESQUE, CABARET, DUB, FADO, FLAMENCO, FOLK, GIPSY, INDIE, JAZZ, LOFI, PSYCHEDELIC, PUNK, RAGGA",23,23,21887,231,1:17:31,https://i1.sndcdn.com/artworks-EIMomqQ3VHc9dl93-DvcAsA-t500x500.png,L-303,Zero Sum (Zero Sean),CONFIRMED,2026-02-26 22:16:03
A Letter to My Friend (Never Again) EPx44 ☮ GROWsutra World Peace Mantra,https://soundcloud.com/bananasutra/sets/a-letter-to-my-friend-never-again-epx44-growsutra-world-peace-mantra,GROWsutra,"BANJO, BLUES, DUB, FOLK, INDIE, JAZZ, LOFI, MANTRA","BANJO, BLUES, DUB, FOLK, GIPSY, INDIE, JAZZ, LOFI, MANTRA, RAGGA, SOUL",44,44,28089,224,2:26:10,https://i1.sndcdn.com/artworks-wWQhnGqz9vHL3gbU-Sx2Pvw-t500x500.png,L-003,A Letter To My Friend (Never Again),EXACT,2025-10-10 3:58:46
A stroll down history’s lane ☆ KNOWsutra ☆ EPx6 Vol. 1,https://soundcloud.com/bananasutra/sets/a-stroll-down-historys-lane,KNOWsutra,MANTRA,MANTRA,6,6,1122,10,0:20:21,https://i1.sndcdn.com/artworks-9uz2GCIarSzz3CK9-yLGoGg-t500x500.jpg,L-007,A Stroll Down History’s Lane,EXACT,2025-01-16 4:36:18
AI Fair Use Manifesto EPx3 VOL.1 : LOFI BURLESQUE BLUES,https://soundcloud.com/bananasutra/sets/ai-fair-use-manifesto-epx3-vol1-lofi-burlesque-blues,KNOWsutra,"BLUES, BURLESQUE, LOFI","BLUES, BURLESQUE, LOFI",3,3,576,5,0:09:42,https://i1.sndcdn.com/artworks-8MpTLEJF8IA3pZOl-q8KlmA-t500x500.png,L-012,AI Fair Use Manifesto,EXACT,2025-04-10 20:36:25
BANANA ALLELUIA ♾ EPx5 ♾ KNOWsutra BURLESQUE,https://soundcloud.com/bananasutra/sets/banana-alleluia-epx5-knowsutra-burlesque,KNOWsutra,"BANJO, BURLESQUE, FOLK","BANJO, BURLESQUE, CABARET, FOLK",5,5,1110,18,0:16:20,https://i1.sndcdn.com/artworks-ygtp0Bp5Ccu1zSfd-ysCUOA-t500x500.png,L-020,Banana Alleluia,EXACT,2025-08-01 9:27:16
Because the Light ☉ EPx4 VOL.01,https://soundcloud.com/bananasutra/sets/because-the-light-epx4-vol01,GROWsutra,MANTRA,MANTRA,4,4,2188,20,0:13:30,https://i1.sndcdn.com/artworks-ZPfcJ5Xdh8yItO33-t97RIA-t500x500.png,L-026,Because the Light,EXACT,2025-04-25 4:46:24
Blaise's Tale ⭐︎ EPx3 ⭐︎ KNOWsutra Folk Cabaret,https://soundcloud.com/bananasutra/sets/blaises-tale-epx3-knowsutra-folk-cabaret,KNOWsutra,"BANJO, BURLESQUE, FOLK","BANJO, BURLESQUE, CABARET, FOLK",3,3,587,5,0:08:41,https://i1.sndcdn.com/artworks-nZjm9BvXode0nW5K-5dXY2A-t500x500.png,L-029,Blaise's Tale,EXACT,2025-08-24 1:01:13
Blessed Are the Cracked EP X3,https://soundcloud.com/bananasutra/sets/blessed-are-the-cracked-ep-x3,GLOWsutra,JAZZ,JAZZ,3,3,599,4,0:09:45,https://i1.sndcdn.com/artworks-d9e5zeXofS20S4AQ-Lb1s5g-t500x500.png,L-030,Blessed Are The Cracked,EXACT,2024-12-11 23:08:15
Blessed Be the Dogs ☰ SHOWsutra EPx9 ☰ Post-Punk Burlesque ROCK,https://soundcloud.com/bananasutra/sets/blessed-be-the-dogs-showsutra-epx9-post-punk-burlesque-rock,SHOWsutra,"BURLESQUE, ROCK","BURLESQUE, PUNK, ROCK",9,9,1830,27,0:35:13,https://i1.sndcdn.com/artworks-kAEVcohylwIZch0q-ThHu4Q-t500x500.png,L-031,Blessed Be The Dogs,EXACT,2025-08-15 1:39:45
"Bloom Past Doom - Vol. 2, 2 songs EPx7 - BLOWsutra (Revolution Ring Series) Fusion Jazz",https://soundcloud.com/bananasutra/sets/bloom-past-doom-vol-2-2-songs-epx7-blowsutra-revolution-ring-series-fusion-jazz,BLOWsutra,"BANJO, BLUES, BURLESQUE, DUB, FOLK, INDIE, JAZZ","BANJO, BLUES, BURLESQUE, DUB, FOLK, GIPSY, INDIE, JAZZ, PSYCHEDELIC",7,7,5483,67,0:22:38,https://i1.sndcdn.com/artworks-UsXPQkqEgN2gCzJ6-0lSKCQ-t500x500.png,L-034,Bloom Past Doom,EXACT,2026-01-16 4:36:35
CREEPYPASTA (what the hella) ♅ SHOWsutra ♅ EPx23 Side A+B,https://soundcloud.com/bananasutra/sets/creepypasta-what-the-hella-showsutra-epx23-side-ab,SHOWsutra,"BANJO, BURLESQUE, DUB, INDIE, LOFI","BANJO, BURLESQUE, DUB, GIPSY, INDIE, LOFI, PSYCHEDELIC, PUNK, RAGGA",23,27,7010,45,0:58:50,https://i1.sndcdn.com/artworks-fcCvHghEuNgLNX4y-dpY9Mg-t500x500.png,L-047,CREEPYPASTA (what the hella),EXACT,2025-10-21 8:20:29
Cassandra’s Lullaby • KNOWsutra EPx11 World,https://soundcloud.com/bananasutra/sets/cassandras-lullaby,KNOWsutra,"BLUES, BURLESQUE, FOLK, INDIE, JAZZ, MANTRA","BLUES, BURLESQUE, FOLK, INDIE, JAZZ, MANTRA",11,11,2594,35,0:44:36,https://i1.sndcdn.com/artworks-8MtzAVxPSN3vdqbc-b7c54g-t500x500.png,L-039,Cassandra's Lullaby,EXACT,2025-07-14 7:39:43
"Courage, Care, and Coconuts © GROWsutra EPx4",https://soundcloud.com/bananasutra/sets/courage-care-and-coconuts-growsutra-epx4,GROWsutra,"FOLK, INDIE","FOLK, INDIE",4,4,1014,6,0:09:22,https://i1.sndcdn.com/artworks-QE4Tkx0EyHytvlYD-6WhWtA-t500x500.png,L-043,"Courage, care, and coconuts",EXACT,2025-05-23 12:12:37
Creepy Con Meme EPX2 • Dicky Ducky DUBsutra,https://soundcloud.com/bananasutra/sets/creepy-con-meme-epx2-dicky-ducky-dubsutra,BLOWsutra,DUB,DUB,2,2,549,4,0:06:26,https://i1.sndcdn.com/artworks-DywO4KaBtyF8CyML-ToVQ2g-t500x500.png,L-045,Creepy Con Meme,EXACT,2025-02-22 21:09:03
Double Standards EPx3 VOL. 1 • BURLESQUEsutra,https://soundcloud.com/bananasutra/sets/double-standards-epx3-burlesquesutra,GROWsutra,BURLESQUE,BURLESQUE,3,3,609,10,0:09:59,https://i1.sndcdn.com/artworks-EbCkPt5OXsQDVEWJ-qwqVYw-t500x500.jpg,L-059,Double Standards,EXACT,2025-01-22 9:24:23
Double Standards EPx4 VOL. 2 ★ BLOWsutra LOFI,https://soundcloud.com/bananasutra/sets/double-standards-ep-4-vol-2,BLOWsutra,"FOLK, LOFI","FOLK, LOFI",4,4,755,4,0:12:16,https://i1.sndcdn.com/artworks-CzCzt9mTlZWzjTqp-8FLR4g-t500x500.png,L-059,Double Standards,EXACT,2025-04-02 5:42:54
Dump Trump EPx4 🪦 BLOWsutra Burlesque ROCK,https://soundcloud.com/bananasutra/sets/dump-trump-epx4-blowsutra-burlesque-rock,BLOWsutra,"BURLESQUE, LOFI, MANTRA, ROCK","BURLESQUE, LOFI, MANTRA, PUNK, ROCK",4,4,719,5,0:12:41,https://i1.sndcdn.com/artworks-j9D9XVaWNRVgQ3WS-Ns1zng-t500x500.png,L-061,Dump Trump,EXACT,2025-09-04 20:33:22
EGO's Masquerade • EPx4 • BLOWsutra Tzigane Trip Hop Lo-Fi INDIE,https://soundcloud.com/bananasutra/sets/egos-masquerade-epx4-tzigane-trip-hop-lo-fi-indie,BLOWsutra,"INDIE, LOFI","INDIE, LOFI, TRIP HOP",4,4,820,14,0:19:03,https://i1.sndcdn.com/artworks-JnuEvmR6UOwtbaIM-AYNThw-t500x500.png,L-064,EGO's Masquerade,EXACT,2025-08-26 3:00:49
Easy (Death Is Nothing At All) ❣ BOWsutra EPx9,https://soundcloud.com/bananasutra/sets/easy-death-is-nothing-at-all-bowsutra-epx9,BOWsutra,"BANJO, BLUES, DUB, INDIE","BANJO, BLUES, DUB, INDIE",9,9,2013,25,0:32:39,https://i1.sndcdn.com/artworks-bzZBqdfk2aR7Mc8I-ba7MdA-t500x500.png,L-062,Easy (Death Is Nothing At All),EXACT,2025-09-26 19:38:21
"Ego Ain't Your Amigo • Vol. 2, EPx21 • BLOWsutra (Ego Gone Loco)  Dub LoFi Burlesque",https://soundcloud.com/bananasutra/sets/ego-aint-your-amigo-vol2-epx21-blowsutra-dub-lofi,BLOWsutra,"BLUES, BURLESQUE, DUB, FOLK, INDIE, JAZZ, LOFI, ROCK","BLUES, BURLESQUE, DUB, FLAMENCO, FOLK, GIPSY, HIP HOP, INDIE, JAZZ, LOFI, PSYCHEDELIC, PUNK, ROCK",21,21,27029,282,1:24:25,https://i1.sndcdn.com/artworks-qfOVhmHG1WJJqjc9-k1w2VA-t500x500.png,L-063,Ego Ain't Your Amigo,EXACT,2026-02-23 4:45:47
Ego Ain't Your Amigo ⭐︎ EPx14 VOL. 01 ⭐︎ True Tales of BLUESsutra,https://soundcloud.com/bananasutra/sets/ego-aint-your-amigo-epx14-vol-01-true-tales-of-bluessutra,BLOWsutra,"BANJO, BLUES, BURLESQUE, DUB, FOLK, JAZZ","BANJO, BLUES, BURLESQUE, DUB, FOLK, JAZZ",14,14,2693,22,0:44:22,https://i1.sndcdn.com/artworks-6Al7JWcSGShXvOzO-NMakyQ-t500x500.jpg,L-063,Ego Ain't Your Amigo,EXACT,2025-04-16 3:50:29
Everybody Knows EP x6 : INDIEsutra,https://soundcloud.com/bananasutra/sets/everybody-knows-epx6-indie-rocksutra,KNOWsutra,INDIE,INDIE,5,6,805,3,0:14:37,https://i1.sndcdn.com/artworks-idU4oy8bvs1SNH2k-5V1pjg-t500x500.png,L-067,Everybody Knows,EXACT,2025-01-15 0:58:35
Everybody Knows ✔ Vol. 03 - EPx7 ✔ KNOWsutra Gipsy Trip Hop Truth Prayer Dream,https://soundcloud.com/bananasutra/sets/everybody-knows-vol-03-epx7-knowsutra-gipsy-trip-hop-truth-prayer-dream,KNOWsutra,"BLUES, BURLESQUE, DUB, INDIE, JAZZ, LOFI","BLUES, BURLESQUE, DUB, GIPSY, INDIE, JAZZ, LOFI, PSYCHEDELIC, TRIP HOP",7,7,4441,56,0:28:35,https://i1.sndcdn.com/artworks-WS97VCa9dwPRoGyv-ajY3dQ-t500x500.png,L-067,Everybody Knows,EXACT,2025-11-03 4:34:12
Fluye (como el mar) FLOWsutra,https://soundcloud.com/bananasutra/sets/fluye-como-el-mar-flowsutra,FLOWsutra,"DUB, INDIE","DUB, FADO, INDIE, RAGGA",11,11,4207,41,0:30:53,https://i1.sndcdn.com/artworks-JJ4nzGR7Kbx7XkxH-xkazNQ-t500x500.png,L-071,Fluye (como el mar),EXACT,2025-05-19 11:17:39
Foolish EPx5,https://soundcloud.com/bananasutra/sets/foolish-epx5,FLOWsutra,"INDIE, FOLK",,5,5,1317,26,0:17:26,https://i1.sndcdn.com/artworks-ce9hM1VBBXA95Gge-sqzp2g-t500x500.png,L-073,Foolish,EXACT,2024-12-18 4:19:43
Foolish Goldfish (Forever) ❃ Vol. 02 EPx15 ❃ KNOWsutra Peace (Not War),https://soundcloud.com/bananasutra/sets/foolish-goldfish-forever-vol-02-epx15-knowsutra-peace-not-war,KNOWsutra,"BLUES, DUB, FOLK, INDIE, LOFI","BLUES, DUB, FOLK, INDIE, LOFI, PSYCHEDELIC, SOUL",15,15,8860,66,1:03:59,https://i1.sndcdn.com/artworks-0YzGiltzEidfTrxR-osiLXg-t500x500.png,L-074,Foolish Goldfish (Forever),EXACT,2025-11-26 4:04:07
Genius EP,https://soundcloud.com/bananasutra/sets/genius,GROWsutra,"FOLK, INDIE, JAZZ","FOLK, INDIE, JAZZ",3,3,676,9,0:07:35,https://i1.sndcdn.com/artworks-VkDI20lCoNvB6yuu-kEiBRg-t500x500.jpg,L-080,Genius EP,EXACT,2024-10-28 21:12:05
Gladys in Sonderland EPx14 • SHOWsutra Psychedelic Gipsy Dream,https://soundcloud.com/bananasutra/sets/gladys-in-sonderland-epx14-showsutra-psychedelic-gipsy-dream,SHOWsutra,"BANJO, BLUES, BURLESQUE, INDIE, LOFI","BANJO, BLUES, BURLESQUE, GIPSY, INDIE, LOFI, PSYCHEDELIC",14,14,7679,68,1:06:19,https://i1.sndcdn.com/artworks-6hfJ7MQsBYyjyhKs-VO8orw-t500x500.png,L-083,Gladys in Sonderland,EXACT,2025-10-30 8:21:06
Hammy On Clyde ✪ SHOWsutra EPx8,https://soundcloud.com/bananasutra/sets/hammy-on-clyde-showsutra-epx8,SHOWsutra,"BLUES, DUB, FOLK, JAZZ, LOFI","BLUES, DUB, FOLK, GIPSY, JAZZ, LOFI",8,8,1571,11,0:35:38,https://i1.sndcdn.com/artworks-safSzuvAHiwvn0LF-0u5a3Q-t500x500.png,L-086,Hammy On Clyde,EXACT,2025-10-17 6:25:59
"Hello, Oh No • EPx16 • GROWsutra Psychedelic Logic Harmonics",https://soundcloud.com/bananasutra/sets/hello-oh-no-growsutra-psychedelic-epx16,GROWsutra,"BANJO, BLUES, BURLESQUE, DUB, FOLK, INDIE, JAZZ, LOFI","BANJO, BLUES, BURLESQUE, CABARET, DUB, FLAMENCO, FOLK, GIPSY, INDIE, JAZZ, LOFI, PSYCHEDELIC, PUNK",15,16,11004,120,0:48:03,https://i1.sndcdn.com/artworks-X8yzz8V1uH0GpZZw-fED3yQ-t500x500.png,L-089,"Hello, Oh No",EXACT,2026-02-26 22:16:03
"Hereby, I Cry ☠ BLOWsutra EPx5",https://soundcloud.com/bananasutra/sets/hereby-i-cry-blowsutra-epx5,BLOWsutra,"DUB, FOLK, JAZZ, MANTRA","DUB, FOLK, GIPSY, JAZZ, MANTRA",5,5,1531,22,0:18:15,https://i1.sndcdn.com/artworks-AJnyssyEpQIFaGYl-f1dxCg-t500x500.png,L-090,"Hereby, I Cry",EXACT,2025-07-03 8:16:21
"Hey, Creeps • EPx20 • BLOWsutra Ego Gone Loco",https://soundcloud.com/bananasutra/sets/hey-creeps-epx20-blowsutra-ego-gone-loco,BLOWsutra,"BURLESQUE, DUB, INDIE, JAZZ, LOFI, ROCK","BURLESQUE, DUB, GIPSY, HIP HOP, INDIE, JAZZ, LOFI, PSYCHEDELIC, PUNK, ROCK",20,20,10957,87,1:08:23,https://i1.sndcdn.com/artworks-D95jhvq945VUHBlk-M2mkVQ-t500x500.png,L-091,"Hey, Creeps",EXACT,2025-11-23 19:48:47
"Hi, My Name Is (Not Celine Dion) - Vol02 EPx11 - SHOWsutra Dubby Grass Burlesque Edition",https://soundcloud.com/bananasutra/sets/hi-my-name-is-not-celine-dion-vol02-epx11-showsutra-dubby-grass-burlesque-edition,SHOWsutra,"BANJO, BURLESQUE, DUB, FOLK, JAZZ","BANJO, BURLESQUE, COUNTRY, DUB, FOLK, JAZZ, PSYCHEDELIC",11,11,2070,13,0:38:21,https://i1.sndcdn.com/artworks-8AeGeNBuRUKrnybC-5NKduw-t500x500.png,L-093,"Hi, My Name Is (Not Celine Dion)",EXACT,2025-10-17 10:17:12
"Hi, My Name Is (Not Celine Dion) - Vol03 EPx11 - SHOWsutra Gipsy Trip Hop World LoFi Edition",https://soundcloud.com/bananasutra/sets/hi-my-name-is-not-celine-dion-vol03-epx11-showsutra-gipsy-trip-hop-world-lofi-edition,SHOWsutra,LOFI,"GIPSY, LOFI, TRIP HOP",11,11,2360,32,0:40:18,https://i1.sndcdn.com/artworks-F6v264OYqZyCDfpy-bKUKiA-t500x500.png,L-093,"Hi, My Name Is (Not Celine Dion)",EXACT,2025-10-17 10:24:43
"Hold the Mic, Babe  EP X7 | Soul Prayer Lullabies",https://soundcloud.com/bananasutra/sets/hold-the-mic-babe-soul,GROWsutra,"BLUES, FOLK, MANTRA",SOUL,7,7,5083,23,0:19:47,https://i1.sndcdn.com/artworks-ZzVNwSHzbhNq9mzn-vHyL4w-t500x500.png,L-096,"Hold The Mic, Babe",EXACT,2024-11-12 8:38:59
I Think I Need a Good Spank!ng (in Madrid) ⚯ SHOWsutra EPx9,https://soundcloud.com/bananasutra/sets/i-think-i-need-a-good-spankng-in-madrid-showsutra-epx9,SHOWsutra,"BURLESQUE, DUB, INDIE, JAZZ","BURLESQUE, DUB, FADO, HIP HOP, INDIE, JAZZ",9,9,1593,13,0:26:59,https://i1.sndcdn.com/artworks-PfxPRXz3WMhUPWjS-5CSzRQ-t500x500.png,L-106,I Think I Need a Good Spank!ng (in Madrid),EXACT,2025-07-02 23:26:38
Idiocracy Now ✪ QUACKsutra EPx10,https://soundcloud.com/bananasutra/sets/idiocracy-now-quacksutra-epx10,BLOWsutra,"BANJO, BURLESQUE, FOLK, INDIE, LOFI, ROCK","BANJO, BURLESQUE, COUNTRY, FOLK, INDIE, LOFI, PUNK, ROCK",10,10,1771,16,0:36:19,https://i1.sndcdn.com/artworks-PbQdusXHHfL2vzQG-PVycmg-t500x500.png,L-107,Idiocracy Now,EXACT,2025-09-10 2:31:49
If We Had But(t) The Truth • Vol. 2 EPx22 • BLOWsutra (Censored) Epstein Etcetera Soundtrack,https://soundcloud.com/bananasutra/sets/if-we-had-butt-the-truth-vol-2-epx22-blowsutra-censored-epstein-etcetera-soundtrack,BLOWsutra,"BLUES, BURLESQUE, DUB, FOLK, INDIE, JAZZ, LOFI, ROCK","BLUES, BURLESQUE, CABARET, DUB, FOLK, GIPSY, INDIE, JAZZ, LOFI, PSYCHEDELIC, RAGGA, ROCK, TRIP HOP",22,22,13528,100,1:18:17,https://i1.sndcdn.com/artworks-1InxeLQ1c3LnQwmz-u75GhQ-t500x500.png,L-108,If We Had But(t) The Truth,EXACT,2026-01-25 23:52:03
"It's War, My Friend ☳ QUACKsutra EPx15",https://soundcloud.com/bananasutra/sets/its-war-my-friend-quacksutra-epx15,BLOWsutra,"BLUES, DUB, FOLK, INDIE, LOFI, ROCK","BLUES, DUB, FOLK, INDIE, LOFI, PSYCHEDELIC, PUNK, ROCK",15,15,3115,40,0:50:17,https://i1.sndcdn.com/artworks-yjDwmBzrh9rcYKwR-u7wlPw-t500x500.png,L-111,"It's War, My Friend",EXACT,2025-09-10 2:01:47
It's an Ethical Paradox • Vol. 2 EPx15 • KNOWsutra (Bertrand Knows) Gipsy Burlesque Jazz,https://soundcloud.com/bananasutra/sets/its-an-ethical-paradox-an-oxymoron-maze-vol-2-epx15-knowsutra-bertrand-knows-gipsy-burlesque-jazz,KNOWsutra,"BURLESQUE, DUB, JAZZ, LOFI","BURLESQUE, DUB, GIPSY, JAZZ, LOFI, TRIP HOP",15,15,21251,271,0:54:51,https://i1.sndcdn.com/artworks-dpot7zmJbp98Q8za-Swn1Rg-t500x500.png,L-110,It's An Ethical Paradox,EXACT,2026-01-04 5:49:03
Jealousy (not for me) ♡ GROWsutra EPx22,https://soundcloud.com/bananasutra/sets/jealousy-not-for-me-growsutra-epx22,GROWsutra,"BLUES, BURLESQUE, DUB, INDIE, JAZZ, LOFI","BLUES, BURLESQUE, DUB, HIP HOP, INDIE, JAZZ, LOFI, RAGGA",22,22,5321,43,1:02:36,https://i1.sndcdn.com/artworks-NrFEJYn5QiBNXnw5-RFTkHQ-t500x500.png,L-113,Jealousy (Not For Me),EXACT,2025-06-26 10:26:09
Jolly Poo - EPx15 VOL. 01 - Banjo Blues BLOWsutra,https://soundcloud.com/bananasutra/sets/jolly-poo-epx15-vol-01-banjo-blues-blowsutra,BLOWsutra,"BANJO, BLUES","BANJO, BLUES, RAGGA",15,15,4255,24,0:49:08,https://i1.sndcdn.com/artworks-KLgAMRClt5uPFoax-dDF6zQ-t500x500.png,L-114,Jolly Poo,EXACT,2025-05-26 9:49:40
Just Be EP X7 | Vocal Honey Audio Ideals,https://soundcloud.com/bananasutra/sets/just-be-vocal-jazz-honey-x7,FLOWsutra,"BLUES, DUB, JAZZ, LOFI","BLUES, DUB, JAZZ, LOFI",7,7,5669,46,0:23:21,https://i1.sndcdn.com/artworks-IDfjsYaZOumrtQ1L-jseSkw-t500x500.png,L-115,Just Be,EXACT,2024-11-05 3:05:12
L'Accordéon de l'Ignorance EP X9,https://soundcloud.com/bananasutra/sets/laccordeon-de-lignorance-ep-x9,BLOWsutra,BURLESQUE,,9,9,1734,14,0:26:40,https://i1.sndcdn.com/artworks-otyCSuVjsJ2YL8G1-qQb1mw-t500x500.png,L-124,L'Accordéon De l'Ignorance,EXACT,2024-12-11 21:31:44
La Force Douce EPx7 ✪ French GROWsutra World Peace Duende LoFi Indie Fusion,https://soundcloud.com/bananasutra/sets/la-force-douce-epx7-french-growsutra-world-peace-duende-lofi-indie-fusion,GROWsutra,"INDIE, LOFI","FLAMENCO, GIPSY, INDIE, LOFI, SOUL",7,7,5259,38,0:23:54,https://i1.sndcdn.com/artworks-oqgzYZ3lzrGih5hj-WJ2hFQ-t500x500.png,L-126,La Force Douce,EXACT,2025-10-08 0:29:02
La Poesia Importa ♕ EPx7 VOL.01 ♕ Bananasutra En Español,https://soundcloud.com/bananasutra/sets/la-poesia-importa-epx7-vol01-bananasutra-en-espanol,GLOWsutra,LOFI,"FADO, LOFI",7,7,2501,26,0:22:29,https://i1.sndcdn.com/artworks-DQAHMhBcDTcoVFfl-BTKWAA-t500x500.png,L-127,La Poesia Importa,EXACT,2025-05-27 13:16:03
Le Système EP MIX X16 | Bluesy French Jazz,https://soundcloud.com/bananasutra/sets/le-systeme-de-macron-le-ptit-con,BLOWsutra,"BURLESQUE, DUB, JAZZ, LOFI","BURLESQUE, CABARET, DUB, JAZZ, LOFI, PUNK, SOUL",17,17,5877,80,0:46:58,https://i1.sndcdn.com/artworks-Jz9sGDEqD1gTTB5H-sILJIA-t500x500.jpg,L-131,Le Système,EXACT,2024-11-03 2:33:16
Linguistic Weaponry EPx4 (Vol 2) DUBsutra,https://soundcloud.com/bananasutra/sets/linguistic-weaponry-epx4-vol-2-dubsutra,KNOWsutra,DUB,"DUB, HIP HOP",1,1,163,1,0:03:19,https://i1.sndcdn.com/artworks-gk645DrsmcEOxAyn-PRMvkA-t500x500.png,L-141,Linguistic Weaponry,EXACT,2025-03-06 0:24:29
Linguistic Weaponry EPx7 Burlesque DUBsutra,https://soundcloud.com/bananasutra/sets/linguistic-weaponry-epx7-burlesque-dubsutra,SHOWsutra,"BURLESQUE, DUB","BURLESQUE, DUB, GIPSY",3,3,611,5,0:08:25,https://i1.sndcdn.com/artworks-gk645DrsmcEOxAyn-PRMvkA-t500x500.png,L-141,Linguistic Weaponry,EXACT,2025-03-06 0:05:09
MAHA (Make America Humane Again) ☆ VOL.2 EPx6 ☆ BLOWsutra (MAxA Series) Psychedelic Trip Hop,https://soundcloud.com/bananasutra/sets/maha-make-america-humane-again-vol2-epx6-blowsutra-psy-trip-hop,BLOWsutra,"BLUES, DUB, LOFI","BLUES, DUB, GIPSY, LOFI, PSYCHEDELIC, TRIP HOP",6,6,8593,56,0:16:57,https://i1.sndcdn.com/artworks-JGT1OnfOXKJX40oI-WLwAYA-t500x500.png,L-143,MAHA (Make America Humane Again),EXACT,2026-02-11 23:37:06
Make your Own Bible EP x6 VOL. 1 ℧ A Jazzy Burlesque Folk Trip Hop LOFI Venture (oui oui),https://soundcloud.com/bananasutra/sets/make-your-own-bible-ep-x6-vol-1-a-jazzy-burlesque-folk-trip-hop-lofi-venture-oui-oui,GROWsutra,"BURLESQUE, FOLK, JAZZ, LOFI","BURLESQUE, FOLK, JAZZ, LOFI, TRIP HOP",6,6,1214,4,0:18:34,https://i1.sndcdn.com/artworks-7xjmVBpcmAIlWBfO-5Ebr4Q-t500x500.png,L-146,Make your Own Bible,EXACT,2025-04-06 4:23:43
Male Fantasies - bananasutra EPx2 Vol. 03,https://soundcloud.com/bananasutra/sets/male-fantasies-bananasutra-epx2-vol-03,KNOWsutra,INDIE,,2,2,1650,12,0:07:19,https://i1.sndcdn.com/artworks-xSBf70BkIjbkDGPA-9368AQ-t500x500.png,L-148,Male Fantasies,EXACT,2025-05-02 3:14:53
Male Fantasies • CheekySUTRA EPx6 VOL. 02,https://soundcloud.com/bananasutra/sets/male-fantasies-cheekysutra-epx6-vol-02,SHOWsutra,INDIE,,6,6,999,6,0:20:32,https://i1.sndcdn.com/artworks-VQwphayyp6Az5g1b-6E63wg-t500x500.png,L-148,Male Fantasies,EXACT,2025-04-20 1:19:08
Mass Media Freakshow EPx13 VOL.02 ⭐︎ Terrence MCKenna KNOWs ⭐︎ Burlesque or Snooze?,https://soundcloud.com/bananasutra/sets/mass-media-freakshow-epx13-vol02-terrence-mckenna-knows-burlesque-or-snooze,BLOWsutra,"BURLESQUE, FOLK, JAZZ","BURLESQUE, FOLK, JAZZ",13,13,3268,19,0:44:35,https://i1.sndcdn.com/artworks-Xranl6ikDYKoluYT-FdIOxQ-t500x500.png,L-151,Mass Media Freakshow,EXACT,2025-04-15 20:39:21
Mind the Felon EP X5 | JAZZ LOFI : Psychedelic Paradox Soul Chanson,https://soundcloud.com/bananasutra/sets/mind-the-felon-bananasutra-jazz-lofi,BLOWsutra,"JAZZ, LOFI","JAZZ, LOFI, PSYCHEDELIC, SOUL",5,5,3178,28,0:15:38,https://i1.sndcdn.com/artworks-JhmQUJamnQmJaWeu-4kvdTA-t500x500.png,L-154,Mind the Felon,EXACT,2024-11-12 2:31:01
New Normalcy (Planet Earth to Higher Grounds) EP x7,https://soundcloud.com/bananasutra/sets/new-normalcy-planet-earth-to-higher-grounds-ep-x7,KNOWsutra,FOLK,FOLK,7,7,1847,19,0:25:21,https://i1.sndcdn.com/artworks-ud5KKsf2ftHwkxwZ-emOxEw-t500x500.jpg,L-156,New Normalcy (Planet Earth to Higher Grounds),EXACT,2024-12-20 2:29:50
Nous Sommes Le Feu EPx4 ☲ GROWsutra French Peace Indie,https://soundcloud.com/bananasutra/sets/nous-sommes-le-feu-epx4-growsutra-french-peace-indie,GROWsutra,"DUB, INDIE, MANTRA","DUB, INDIE, MANTRA",4,4,858,10,0:12:40,https://i1.sndcdn.com/artworks-LI16piMdqgOBh7oK-so3Vwg-t500x500.png,L-162,Nous Sommes Le Feu,EXACT,2025-09-15 8:03:06
"Oh My, Oh Why (Socrates Song) - GROWsutra EPx7",https://soundcloud.com/bananasutra/sets/oh-my-oh-why-socrates-song-growsutra-epx7,GROWsutra,"DUB, FOLK, INDIE","DUB, FOLK, INDIE",7,7,1243,12,0:26:35,https://i1.sndcdn.com/artworks-u4xWThnzlboyzPPM-yy5lxA-t500x500.png,L-163,"Oh My, Oh Why (Socrates Song)",EXACT,2025-08-08 1:24:26
"Oh, Freedom EP x10 ♛ BLUESsutra (Public Domain Lyrics)",https://soundcloud.com/bananasutra/sets/oh-freedom-bluessutra-public-domain-lyrics,BOWsutra,,SOUL,10,10,1852,24,0:28:24,https://i1.sndcdn.com/artworks-P78u62myC8kQzJcZ-qk1VzQ-t500x500.png,L-164,"Oh, Freedom",EXACT,2025-01-14 9:27:30
Ordo Amoris in Decay ♡ GROWsutra EPx6,https://soundcloud.com/bananasutra/sets/ordo-amoris-in-decay-growsutra-epx6,GROWsutra,"INDIE, JAZZ","FADO, INDIE, JAZZ",6,6,4837,42,0:19:10,https://i1.sndcdn.com/artworks-opR2DJpgXbteguGo-J7W1sA-t500x500.png,L-170,Ordo Amoris (in Decay),EXACT,2025-06-19 10:35:08
Pedo Nation ★ Felon Nation Redux ★ BLOWsutra EPx14,https://soundcloud.com/bananasutra/sets/pedo-nation-felon-nation-redux-blowsutra-epx14,BLOWsutra,"BANJO, BLUES, DUB, LOFI, MANTRA","BANJO, BLUES, COUNTRY, DUB, LOFI, MANTRA, TRIP HOP",14,14,3222,24,0:50:51,https://i1.sndcdn.com/artworks-LhTksDdMzsR3b0mE-zpGPhA-t500x500.png,L-176,Pedo Nation (Felon Nation Redux),EXACT,2025-06-23 3:11:56
"Poem (I wanted to be, basically) ℘ EPx14 VOL.01",https://soundcloud.com/bananasutra/sets/poem-i-wanted-to-be-basically-epx14-vol01,GLOWsutra,"BANJO, BLUES, BURLESQUE, DUB, FOLK, INDIE, JAZZ, LOFI","BANJO, BLUES, BURLESQUE, DUB, FOLK, INDIE, JAZZ, LOFI, PSYCHEDELIC",14,14,2385,20,0:46:15,https://i1.sndcdn.com/artworks-z3oqCWriMGQ0OJPD-bZzyHg-t500x500.png,L-180,"Poem (I wanted to be, basically)",EXACT,2025-04-21 18:32:17
Poetry Matters EP vol.3,https://soundcloud.com/bananasutra/sets/poetry-matters-ep-vol3,BOWsutra,"FOLK, LOFI, MANTRA","FOLK, LOFI, MANTRA",3,3,539,8,0:10:10,https://i1.sndcdn.com/artworks-2YAEhVqYbh7DwilS-Nd8dqg-t500x500.jpg,L-181,Poetry Matters,EXACT,2025-01-19 5:28:44
Poetry Matters ☰ BANJOsutra EPx2,https://soundcloud.com/bananasutra/sets/poetry-matters-banjosutra-ep,GLOWsutra,"BANJO, BLUES",,3,5,766,9,0:11:40,https://i1.sndcdn.com/artworks-2YAEhVqYbh7DwilS-Nd8dqg-t500x500.jpg,L-181,Poetry Matters,EXACT,2025-01-10 9:33:54
Poetry Matters ☲ EPx3 Vol.05 ☲ DUBsutra,https://soundcloud.com/bananasutra/sets/poetry-matters-epx3-vol05-dubsutra,GLOWsutra,DUB,DUB,3,3,2245,22,0:12:21,https://i1.sndcdn.com/artworks-abyBryFxsG9vVsON-VYqfCQ-t500x500.png,L-181,Poetry Matters,EXACT,2025-05-29 3:53:24
Poetry Nah Lie ☲ EPx6 Vol.01 ☲ DUBsutra,https://soundcloud.com/bananasutra/sets/poetry-nah-lie-epx6-vol01-dubsutra,GLOWsutra,DUB,RAGGA,6,6,3403,39,0:21:43,https://i1.sndcdn.com/artworks-XirUpSPl2GiR23bD-IUcZyA-t500x500.png,L-182,Poetry Nah Lie,EXACT,2025-05-29 4:13:56
Poetry Slow Burns ☲ EPx5 Vol.01 ☲ DUBsutra,https://soundcloud.com/bananasutra/sets/poetry-slow-burns-epx5-vol01-dubsutra,GLOWsutra,DUB,DUB,5,5,4049,37,0:19:17,https://i1.sndcdn.com/artworks-kFKsDMSXWH3Vpk1z-DJlmNw-t500x500.png,L-183,Poetry Slow Burns,EXACT,2025-05-29 3:59:24
Predators (why war) EP x11 vol.2,https://soundcloud.com/bananasutra/sets/predators-why-war-ep-vol2,BLOWsutra,MANTRA,MANTRA,11,11,2152,23,0:38:38,https://i1.sndcdn.com/artworks-OWRInG4UzoJJhhFd-ho8qyg-t500x500.jpg,L-186,Predators (Why War),EXACT,2025-01-08 0:47:18
"Pro-life means what, honey?",https://soundcloud.com/bananasutra/sets/pro-life-means-what-honey,KNOWsutra,"BANJO, MANTRA","BANJO, MANTRA",6,6,1210,18,0:20:15,https://i1.sndcdn.com/artworks-6n9qPQKkYrr2fiIl-Ru83aw-t500x500.jpg,L-188,"Pro-life Means What, Honey?",EXACT,2025-02-11 3:29:33
Question Di Kingdom EPx4 VOL.02,https://soundcloud.com/bananasutra/sets/question-di-kingdom-epx4-vol02,KNOWsutra,DUB,"DUB, RAGGA",4,4,4769,48,0:11:40,https://i1.sndcdn.com/artworks-di7zASJGwZPfXRsD-DluSHw-t500x500.png,L-191,Question Di Kingdom,EXACT,2025-04-27 2:47:38
Question the Nation • EPx10 • BLOWsutra Psychedelic Dub Revolution,https://soundcloud.com/bananasutra/sets/question-the-nation-blowsutra-psychedelic-revolution-epx10,BLOWsutra,"BLUES, DUB, INDIE, JAZZ, LOFI","ACOUSTIC, BLUES, DUB, GIPSY, INDIE, JAZZ, LOFI, PSYCHEDELIC, RAGGA, TRIP HOP",10,10,3981,44,0:35:59,https://i1.sndcdn.com/artworks-kMicgGnKLarUxkiZ-jURgUg-t500x500.png,L-192,Question The Nation,EXACT,2026-02-15 4:08:14
RHINOCEROSS ♦ EPx7 ♦ BLOWsutra Surreal Real Poetry,https://soundcloud.com/bananasutra/sets/rhinoceross-epx7-blowsutra-surreal-real-poetry,BLOWsutra,"BLUES, BURLESQUE, DUB, FOLK, INDIE, LOFI, ROCK","BLUES, BURLESQUE, DUB, FOLK, INDIE, LOFI, PSYCHEDELIC, ROCK",7,7,1751,22,0:33:21,https://i1.sndcdn.com/artworks-WaElY6xZh0PPyRbQ-4p9Ziw-t500x500.png,L-200,Rhinoceross,EXACT,2025-09-24 17:55:18
"RUN (now, if you can)",https://soundcloud.com/bananasutra/sets/run-now-if-you-can,BLOWsutra,"BLUES, DUB, FOLK","BLUES, DUB, FOLK",22,22,9592,84,1:17:34,https://i1.sndcdn.com/artworks-5ysLQg1Z7QHERkaa-XU5K0Q-t500x500.jpg,L-202,RUN (Now If You Can),EXACT,2025-05-19 5:33:21
SS Means Sacred Sp3rm ☠ BLOWsutra EPx19,https://soundcloud.com/bananasutra/sets/ss-means-sacred-sp3rm-blowsutra-epx19,BLOWsutra,"BURLESQUE, FOLK, INDIE, JAZZ, ROCK","BURLESQUE, FOLK, INDIE, JAZZ, ROCK",19,19,3997,38,1:02:31,https://i1.sndcdn.com/artworks-Ewv6TYyznUIgQm3O-4hTy5Q-t500x500.png,L-225,SS Means Sacred Sp3rm,EXACT,2025-06-28 21:33:37
Segggsting • SHOWsutra EPx6 • French Burlesque Jazz Cabaret,https://soundcloud.com/bananasutra/sets/segggsting-showsutra-epx6-burlesque-jazz-cabaret,SHOWsutra,"BANJO, BURLESQUE, JAZZ","BANJO, BURLESQUE, CABARET, JAZZ",6,6,1239,6,0:21:22,https://i1.sndcdn.com/artworks-ysjQ1M8gFBitUZAA-QR72zg-t500x500.png,L-205,Segggsting,EXACT,2025-07-22 5:12:27
Sidération - The Sky Stood Still - EPx6 VOL. 2 of 4,https://soundcloud.com/bananasutra/sets/sideration-the-sky-stood-still-epx6-vol-2-of-4,BLOWsutra,JAZZ,JAZZ,6,6,2022,21,0:18:19,https://i1.sndcdn.com/artworks-gwDy1gyG7fsttlqv-odJ2KA-t500x500.png,L-216,Sidération (The Sky Stood Still),EXACT,2025-05-26 0:39:25
"Sing Your Own Gospel • Vol. 2 EPx7 • GROWsutra (God, Etc) Revolutionary Gipsy JAZZ",https://soundcloud.com/bananasutra/sets/sing-your-own-gospel-vol-2-epx7-growsutra-god-etc-revolutionary-gipsy-jazz,GROWsutra,"BLUES, FOLK, INDIE, JAZZ","BLUES, FOLK, GIPSY, INDIE, JAZZ",7,7,6259,93,0:21:46,https://i1.sndcdn.com/artworks-kWzeemU5Sy6IEyqW-Ipy4sA-t500x500.png,L-219,Sing Your Own Gospel,EXACT,2026-01-04 5:10:22
"So, What Is Racism • EPx9 Vol. 2 • KNOWsutra Gipsy Jazz + LoFi",https://soundcloud.com/bananasutra/sets/so-what-is-racism-knowsutra-jazz-lofi-epx9-vol2,KNOWsutra,"JAZZ, LOFI","GIPSY, JAZZ, LOFI",9,9,3988,36,0:29:01,https://i1.sndcdn.com/artworks-NK0wy8xSKMBP4LSI-DlE3WA-t500x500.png,L-220,"So, What Is Racism?",EXACT,2026-03-27 4:14:45
Some Truths (Are Harder to Swallow) EPx7,https://soundcloud.com/bananasutra/sets/some-truths-are-harder-to-swallow-epx7,GROWsutra,,,7,7,1190,7,0:21:48,https://i1.sndcdn.com/artworks-SUUIsI7woB0IboJy-gnp3pA-t500x500.jpg,L-222,Some Truths Are Harder to Swallow,EXACT,2024-12-24 20:25:29
Tell the Truth EP x4 BLUESsutra,https://soundcloud.com/bananasutra/sets/tell-the-truth-ep-x4-bluessutra,GROWsutra,,,5,5,1291,21,0:18:54,https://i1.sndcdn.com/artworks-1orEckq5nx9HrqGz-OMASFw-t500x500.jpg,L-231,Tell The Truth,EXACT,2024-12-28 2:57:26
The Accordion of Ignorance EP X4,https://soundcloud.com/bananasutra/sets/the-accordion-of-ignorance-ep-x4,BLOWsutra,FOLK,FOLK,4,4,700,7,0:15:49,https://i1.sndcdn.com/artworks-ppd320RXiIyfcazy-2Vw1DA-t500x500.png,L-234,The Accordion of Ignorance,EXACT,2024-12-11 21:36:43
"The Atheist Tango • Vol. 2 EPx12  •  GROWsutra (God, Etc) Conscious Gipsy LoFi Burlesque Jazz",https://soundcloud.com/bananasutra/sets/the-atheist-tango-vol-2-epx12-growsutra-god-etc-conscious-gipsy-lofi-burlesque-jazz,GROWsutra,"BURLESQUE, JAZZ, LOFI","BURLESQUE, GIPSY, JAZZ, LOFI",12,12,13713,153,0:39:26,https://i1.sndcdn.com/artworks-eYKRlb3V6IdPR1u7-GGSyjw-t500x500.png,L-235,The Atheist Tango,EXACT,2026-01-09 6:56:24
The Dystopian Quiz Song ★ EPx15 ★ Acoustic SOULsutra,https://soundcloud.com/bananasutra/sets/the-dystopian-quiz-song-epx15-acoustic-soulsutra,GLOWsutra,"BLUES, BURLESQUE, JAZZ, MANTRA","ACOUSTIC, BLUES, BURLESQUE, JAZZ, MANTRA",15,15,2969,14,0:46:20,https://i1.sndcdn.com/artworks-jQRym0eZpol8JOvs-sUKVsw-t500x500.png,L-238,The Dystopian Quiz Song,EXACT,2025-04-18 20:27:24
The Love of a Dove ☩ EPx18 ☩ GROWsutra Peace Fusion Prayer,https://soundcloud.com/bananasutra/sets/the-love-of-a-dove-epx18-growsutra-peace-fusion-prayer,GROWsutra,"BLUES, DUB, FOLK, INDIE","BLUES, DUB, FADO, FOLK, INDIE, PSYCHEDELIC, RAGGA, SOUL",18,18,13382,162,0:55:13,https://i1.sndcdn.com/artworks-JAgkPz4F7h0eq74Z-njbS5Q-t500x500.png,L-244,The Love of A Dove,EXACT,2025-10-06 8:08:00
Time for Rebel Romance ☆ EPx6 ☆ BLOWsutra (Revolt Now) Cabaret,https://soundcloud.com/bananasutra/sets/time-for-rebel-romance-epx6-blowsutra-revolt-now-cabaret,BLOWsutra,"BURLESQUE, DUB, INDIE, JAZZ, MANTRA, ROCK","BURLESQUE, CABARET, DUB, INDIE, JAZZ, MANTRA, PSYCHEDELIC, RAGGA, ROCK, TRIP HOP",6,6,10146,88,0:18:05,https://i1.sndcdn.com/artworks-FCpNyoKfIRn6bNzD-59cLWg-t500x500.png,L-257,Time For Rebel Romance,EXACT,2026-02-19 8:00:15
Trump Derangement Syndrome ™ EPx7,https://soundcloud.com/bananasutra/sets/trump-derangement-syndrome-epx7,BLOWsutra,"BANJO, BURLESQUE, DUB, JAZZ, MANTRA","BANJO, BURLESQUE, DUB, JAZZ, MANTRA",7,7,1393,16,0:22:00,https://i1.sndcdn.com/artworks-Ys4zGlSmXhrD1HsT-Kvzuxg-t500x500.png,L-260,Trump Derangement Syndrome ™,EXACT,2025-06-18 17:12:26
Trust No One EP x3 VOL.1 ☆ BLOWsutra Alternative Indie ROCK,https://soundcloud.com/bananasutra/sets/trust-no-one-ep-x3-vol1-blowsutra-alternative-indie-rock,BLOWsutra,"INDIE, JAZZ, ROCK","INDIE, JAZZ, ROCK",3,3,937,12,0:06:33,https://i1.sndcdn.com/artworks-zo2LcEgQQvZyFMXS-Hip2cg-t500x500.png,L-261,Trust No One,EXACT,2025-04-04 3:18:48
Truth Don't Care ✗ EPx2 ✗ KNOWsutra Psychedelic Muse Cabaret,https://soundcloud.com/bananasutra/sets/truth-dont-care-epx2-knowsutra-psychedelic-muse-cabaret,KNOWsutra,"BURLESQUE, JAZZ","BURLESQUE, CABARET, JAZZ, PSYCHEDELIC",2,2,373,3,0:06:52,https://i1.sndcdn.com/artworks-2pO2JGvoTeCfSURr-2A3VeA-t500x500.png,L-262,Truth Don't Care,EXACT,2025-08-24 2:48:48
Tune in the Tender ☲ #GROWsutra EPx9,https://soundcloud.com/bananasutra/sets/tune-in-the-tender-growsutra-epx9,GROWsutra,"DUB, INDIE, LOFI","DUB, INDIE, LOFI",9,9,2843,31,0:36:05,https://i1.sndcdn.com/artworks-ayo6PDrn2o8EClWe-wyHddg-t500x500.png,L-264,Tune In The Tender,EXACT,2025-06-21 9:02:23
"Two Things, Darling • EPx11 • KNOWsutra (Bertrand) Conscious Gipsy LoFi Blues INDIE",https://soundcloud.com/bananasutra/sets/two-things-darling-epx11-knowsutra-bertrand-conscious-gipsy-lofi-blues-indie,KNOWsutra,"BANJO, BLUES, DUB, INDIE, LOFI","BANJO, BLUES, DUB, FLAMENCO, GIPSY, INDIE, LOFI, PSYCHEDELIC, TRIP HOP",11,11,7975,72,0:43:01,https://i1.sndcdn.com/artworks-arUtRqgFTtrbCyLv-f6mbwA-t500x500.png,L-265,"Two Things, Darling",EXACT,2026-01-01 22:37:07
Untamed EP X3,https://soundcloud.com/bananasutra/sets/untamed-ep-x3,GROWsutra,INDIE,,3,3,521,2,0:07:37,https://i1.sndcdn.com/artworks-h4WvLIv6GtEpPvLT-kyZycQ-t500x500.png,L-267,Untamed,EXACT,2024-12-14 20:25:24
WIN-WIN DUB EPx3 ⚭ French-English GROWsutra Fusion Soul,https://soundcloud.com/bananasutra/sets/win-win-dub-epx3-french-english-growsutra-fusion-soul,GROWsutra,DUB,"DUB, HIP HOP, RAGGA, SOUL",3,3,770,9,0:08:12,https://i1.sndcdn.com/artworks-oBETDaFyMMJRa4Qg-sDo0ng-t500x500.png,L-298,WIN-WIN (dub),EXACT,2025-10-07 9:27:14
We Live Not By Lies ⚬ EPx12 ⚬ GROWsutra Revolution Ring,https://soundcloud.com/bananasutra/sets/we-live-not-by-lies-epx12-growsutra-revolution-ring,GROWsutra,"BURLESQUE, DUB, INDIE, LOFI, ROCK","BURLESQUE, DUB, GIPSY, INDIE, LOFI, PSYCHEDELIC, PUNK, ROCK",12,12,10982,108,0:34:57,https://i1.sndcdn.com/artworks-aUUxzKo6oEXsOIfq-vtqUJA-t500x500.png,L-273,We Live Not By Lies,EXACT,2025-11-13 7:29:21
Wet (Prickly) Peaches vol.2,https://soundcloud.com/bananasutra/sets/wet-prickly-peaches-vol2,FLOWsutra,BLUES,BLUES,9,9,2069,33,0:27:28,https://i1.sndcdn.com/artworks-y6GNuYSUFwSvEtI4-VH6lnQ-t500x500.jpg,L-276,Wet (Prickly) Peaches vol.2,EXACT,2025-02-08 23:13:01
What It's About • Vol. 02 EPx6 • BLOWsutra Revolution Ring,https://soundcloud.com/bananasutra/sets/what-its-about-vol-02-epx6-blowsutra-revolution-ring,BLOWsutra,"BANJO, BLUES, BURLESQUE, JAZZ","BANJO, BLUES, BURLESQUE, JAZZ, PSYCHEDELIC, TRIP HOP",6,6,4860,73,0:25:11,https://i1.sndcdn.com/artworks-f5X1h7BNCNHQw6au-Qj1DyQ-t500x500.png,L-279,What It's About,EXACT,2025-11-20 22:24:12
What's F-A-S-C-I-S-T? EPx8 VOL. 1 ☆ BLOWsutra JAZZ FOLK Fusion,https://soundcloud.com/bananasutra/sets/whats-f-a-s-c-i-s-t-epx9-vol-1-blowsutra-jazz-folk-fusion,BLOWsutra,"BURLESQUE, FOLK, JAZZ, LOFI","BURLESQUE, COUNTRY, FOLK, JAZZ, LOFI",8,8,1549,11,0:25:17,https://i1.sndcdn.com/artworks-ovG5pHzgSSHWXS4C-9duL4w-t500x500.png,L-283,What's F-A-S-C-I-S-T?,EXACT,2025-04-04 0:41:20
When Did Seduction Become so Untrue? EPx16 Vol. 02 ䷶ KNOWsutra Flamenco Techno,https://soundcloud.com/bananasutra/sets/when-did-seduction-become-so-untrue-how-do-kids-learn-now-epx16-vol-02-knowsutra-flamenco-techno,KNOWsutra,"INDIE, WORLD","FADO, FLAMENCO, GIPSY",16,16,3352,21,1:12:03,https://i1.sndcdn.com/artworks-vJJyHyvScNYFs8IL-ASDhig-t500x500.png,L-284,When Did Seduction Become so Untrue?,EXACT,2025-08-12 2:17:38
When We Duende (All Night) EPx9 ☯ DUB + BURLESQUEsutra,https://soundcloud.com/bananasutra/sets/when-we-duende-all-night-epx9-dub-burlesquesutra,SHOWsutra,"BURLESQUE, DUB, JAZZ","BURLESQUE, DUB, JAZZ",9,9,2352,20,0:29:29,https://i1.sndcdn.com/artworks-9BOw1039glUsyHSi-RcOVWw-t500x500.png,L-285,When We Duende (All Night),EXACT,2025-06-14 9:24:24
Where Hope Expires ℧ EPx8 VOL.02,https://soundcloud.com/bananasutra/sets/where-hope-expires-epx8-vol02,BLOWsutra,"DUB, FOLK, INDIE, JAZZ","DUB, FOLK, INDIE, JAZZ",8,8,1752,21,0:26:33,https://i1.sndcdn.com/artworks-RDHQvbzOVwhs5g5O-y1W0yw-t500x500.png,L-287,Where Hope Expires,EXACT,2025-04-22 3:58:48
Where We Begin (Preakly Peaches) EPx4,https://soundcloud.com/bananasutra/sets/where-we-begin-preakly-peaches-epx4,FLOWsutra,,,4,4,774,9,0:10:39,https://i1.sndcdn.com/artworks-jm4lztgC6B1n1CHp-ql6gNg-t500x500.jpg,L-288,Where We Begin (Preakly Peaches),EXACT,2024-12-23 12:00:03
Who Knows Where How Happiness Truly Grows ☰ GROWsutra EPx29,https://soundcloud.com/bananasutra/sets/who-knows-where-how-happiness-truly-grows-growsutra-epx29,GROWsutra,"BURLESQUE, DUB, FOLK, INDIE, JAZZ, LOFI, MANTRA","BURLESQUE, DUB, FOLK, INDIE, JAZZ, LOFI, MANTRA",29,29,5449,45,1:48:44,https://i1.sndcdn.com/artworks-Ooj55UF0JzVS0KFh-9aN0SA-t500x500.png,L-291,Who Knows Where How Happiness Truly Grows,EXACT,2025-07-06 4:05:11
Who Needs a Big D? EP x8 VOL. 1 - JAZZ 'n DUB,https://soundcloud.com/bananasutra/sets/who-needs-a-big-d-ep-x8-vol-1-jazz-n-dub,SHOWsutra,"BURLESQUE, DUB, FOLK, JAZZ, LOFI","BURLESQUE, DUB, FOLK, JAZZ, LOFI",8,8,1836,16,0:25:49,https://i1.sndcdn.com/artworks-jhyk7fARubhfUtQC-VqNUCQ-t500x500.png,L-292,Who Needs A Big D?,EXACT,2025-04-09 3:13:27
Who's Your Vladdy? EPx10 ☿ BLOWsutra World Peace Fusion Indie,https://soundcloud.com/bananasutra/sets/whos-your-vladdy-epx10-blowsutra-world-peace-fusion-indie,BLOWsutra,"BANJO, BLUES, BURLESQUE, DUB, FOLK, INDIE, LOFI, ROCK","BANJO, BLUES, BURLESQUE, DUB, FOLK, GIPSY, HIP HOP, INDIE, LOFI, PSYCHEDELIC, PUNK, ROCK, SOUL",10,10,2401,25,0:43:06,https://i1.sndcdn.com/artworks-HdcKeFj5zjo8xoo9-37TalQ-t500x500.png,L-293,Who's Your Vladdy?,EXACT,2025-09-18 5:53:33
Who's Your Vladdy? EPx2 VOL.02 ☿ BLOWsutra World Peace LOFI + ROCK,https://soundcloud.com/bananasutra/sets/whos-your-vladdy-epx2-vol02-blowsutra-world-peace-lofi-rock,BLOWsutra,"BURLESQUE, LOFI, ROCK","BURLESQUE, GIPSY, LOFI, PSYCHEDELIC, PUNK, ROCK",2,2,672,9,0:08:37,https://i1.sndcdn.com/artworks-301rwrEjz0M0tuZV-1dVJMg-t500x500.png,L-293,Who's Your Vladdy?,EXACT,2025-09-20 18:14:31
"Why Trust an Old, Mean Religion? EPx9 VOL. 01",https://soundcloud.com/bananasutra/sets/why-trust-an-old-mean-religion-epx9-vol-01,GROWsutra,"BANJO, BLUES, DUB, FOLK, INDIE, LOFI","BANJO, BLUES, DUB, FOLK, INDIE, LOFI, SOUL",9,9,1764,13,0:29:51,https://i1.sndcdn.com/artworks-Z6c6IDbs2ejUVhp8-iueiCg-t500x500.png,L-294,"Why trust an old, mean religion?",EXACT,2025-04-22 3:01:56
Why You Lie (to the People's Face) EP x7 ☠ QUACKsutra,https://soundcloud.com/bananasutra/sets/why-you-lie-to-the-peoples-face-quacksutra,BLOWsutra,"BURLESQUE, FOLK, INDIE","BURLESQUE, FOLK, HIP HOP, INDIE, RAGGA",7,7,1472,15,0:21:42,https://i1.sndcdn.com/artworks-OY8Egh3zRPXQxH74-PbCZmw-t500x500.png,L-296,Why You Lie (To The People's Face)?,EXACT,2025-03-02 6:57:02
Woke 'em Whacks EPx4 : BLUES & DUBsutra (Music Therapy),https://soundcloud.com/bananasutra/sets/woke-em-whacks-epx4-blues-dubsutra-music-therapy,BLOWsutra,BLUES,BLUES,4,4,1096,19,0:12:56,https://i1.sndcdn.com/artworks-w61imgKjvg3ASHMz-HXgbbA-t500x500.jpg,L-300,Woke 'em Whacks,EXACT,2025-01-23 5:56:51
some songs are more fun than others EP x8 ∞,https://soundcloud.com/bananasutra/sets/some-songs-are-more-fun-than-others-ep,SHOWsutra,JAZZ,JAZZ,8,8,1824,30,0:23:33,https://i1.sndcdn.com/artworks-nykdkPQFrFTjZX28-gv5jEA-t500x500.jpg,L-221,Some Songs Are More Fun Than Others,EXACT,2024-12-25 5:23:07
A Man's a Man and A' That (à la bananasutra) EPx3 - VOL. 02 - Revolution Forever,https://soundcloud.com/bananasutra/sets/a-mans-a-man-and-a-that-a-la-bananasutra-epx3-vol-02-revolution-forever,BLOWsutra,"LOFI, MANTRA","LOFI, MANTRA, TRIP HOP",3,3,931,9,0:09:42,https://i1.sndcdn.com/artworks-1bqixGWYedpZR647-tZkbFA-t500x500.png,L-005,A Man's a Man and A' That,HIGH,2025-04-25 3:30:19
ABCs of Kindness - KNOWsutra,https://soundcloud.com/bananasutra/sets/abcs-of-kindness-knowsutra,KNOWsutra,"INDIE, BURLESQUE",,10,10,1956,13,0:30:28,https://i1.sndcdn.com/artworks-OJbXzv5DEM6ihALr-CtrAEg-t500x500.jpg,L-009,ABC Of Kindness,HIGH,2025-02-09 2:36:22
El Papito Leo Es No MAGA Show ☰ KNOWsutra EPx6,https://soundcloud.com/bananasutra/sets/el-papito-leo-es-no-maga-show-knowsutra-epx6,KNOWsutra,"DUB, INDIE, JAZZ","DUB, INDIE, JAZZ",6,6,3623,24,0:15:38,https://i1.sndcdn.com/artworks-pO4mbYYB5FWshxlE-Emrw6Q-t500x500.png,L-065,El Papito (Es No MAGA Show),HIGH,2025-06-23 22:28:02
"En Vrai, On Est Tous Frères ䷁ FRENCH BLUESsutra EPx5",https://soundcloud.com/bananasutra/sets/en-vrai-on-est-tous-freres-banjo-frenchsutra-epx5,KNOWsutra,"BANJO, BLUES, FOLK, LOFI, MANTRA","BANJO, BLUES, FOLK, LOFI, MANTRA",5,5,1334,24,0:16:26,https://i1.sndcdn.com/artworks-LV5LoqM7mHhduC2y-UvDK3w-t500x500.jpg,L-066,"En Vrai, On Est Tous Frères",HIGH,2025-01-28 3:35:51
Read Me Harder (BB is for Banned Books) ☆ SHOWsutra Side A+B EPx19,https://soundcloud.com/bananasutra/sets/read-me-harder-bb-is-for-banned-books-showsutra-side-ab-epx19,SHOWsutra,"BANJO, BLUES, BURLESQUE, DUB, FOLK, INDIE, JAZZ, LOFI, ROCK","BANJO, BLUES, BURLESQUE, COUNTRY, DUB, FOLK, HIP HOP, INDIE, JAZZ, LOFI, PSYCHEDELIC, ROCK",19,19,9646,67,1:02:22,https://i1.sndcdn.com/artworks-AsBdOuYSmx4CVzKs-Y8zKhQ-t500x500.png,L-195,Read Me Harder (BB is for Banned Books),HIGH,2025-10-21 3:56:19
Seminal Bollocks EP,https://soundcloud.com/bananasutra/sets/seminal-bollocks-ep,GROWsutra,ROCK,ROCK,2,2,573,10,0:05:05,https://i1.sndcdn.com/artworks-Ik066z1d2sgR1wBb-CC1jVQ-t500x500.jpg,L-206,Seminal Bollocks,HIGH,2024-10-18 5:50:49
"They Call It Freedom (Oh Hi, Sweet Honey Bun) ✯ BLOWsutra (Revolt Now) EPx11",https://soundcloud.com/bananasutra/sets/they-call-it-freedom-oh-hi-sweet-honey-bun-blowsutra-revolt-now-epx11,BLOWsutra,"BLUES, BURLESQUE, FOLK, INDIE, LOFI","BLUES, BURLESQUE, FOLK, GIPSY, HIP HOP, INDIE, LOFI, PSYCHEDELIC, TRIP HOP",11,11,6575,79,0:36:40,https://i1.sndcdn.com/artworks-kwu5kFHr0XzItgSe-7wgK2Q-t500x500.png,L-254,"They Call It Freedom (Oh Hi, Sweet Honey Bun)",HIGH,2025-12-05 5:48:03
Up a San Francisco Hill EP(x4) VOL.2,https://soundcloud.com/bananasutra/sets/up-a-san-francisco-hill-epx4-vol2,GLOWsutra,DUB,DUB,4,4,752,9,0:13:31,https://i1.sndcdn.com/artworks-pNf3bEZAmay75ojX-AjKkkg-t500x500.png,L-268,Up a San Francisco Hill,HIGH,2025-01-29 19:15:52
We Remember What (We Remember What) We Feel☉EPx5 INDIE GROWsutra,https://soundcloud.com/bananasutra/sets/we-remember-what-we-remember-what-we-feelepx5-indie-growsutra,GROWsutra,INDIE,INDIE,5,5,1200,34,0:15:54,https://i1.sndcdn.com/artworks-InO7MMy9vHYpBdDo-YcZoDQ-t500x500.png,L-274,We Remember What (We Remember What) We Feel☉,HIGH,2025-06-02 23:28:11
What the Mirror Said (Reste Lucide) - GLOWsutra JAZZ,https://soundcloud.com/bananasutra/sets/what-the-mirror-said-reste-lucide-glowsutra-jazz,GLOWsutra,"BURLESQUE, INDIE, JAZZ","BURLESQUE, INDIE, JAZZ",5,5,758,7,0:18:38,https://i1.sndcdn.com/artworks-VQkWPBpI3EhvPQjd-JaXiYg-t500x500.png,L-281,What the Mirror Said (Reste Lucide),HIGH,2025-07-25 8:08:37
All the -Isms | BLOWsutra EPx7,https://soundcloud.com/bananasutra/sets/all-the-isms-blowsutra-epx7,BLOWsutra,"BANJO, BURLESQUE, FOLK, JAZZ","BANJO, BURLESQUE, FOLK, JAZZ",7,7,1614,14,0:22:51,https://i1.sndcdn.com/artworks-qrxklwZQpzKpzPUh-kUGDvA-t500x500.png,,All the -Isms,CONFIRMED,2025-08-26 2:05:58
An American in Paris (Public Domain Lyrics) 🎙️ SHOWsutra Classic Retro Musical REMAKE,https://soundcloud.com/bananasutra/sets/an-american-in-paris-public-domain-lyrics-showsutra-classic-retro-musical-remake,SHOWsutra,"DUB, INDIE, JAZZ","DUB, INDIE, JAZZ",6,6,3569,35,0:20:07,https://i1.sndcdn.com/artworks-dOp2MsRUp5Ta2lVZ-MjIpgA-t500x500.png,,An American in Paris (Public Domain Lyrics),CONFIRMED,2026-01-16 9:39:20
Awe Is Mighty (Maybe Even Holy) - GLOWsutra Conscious Indie LoFi Lullaby EPx2,https://soundcloud.com/bananasutra/sets/awe-is-mighty-maybe-even-holy-glowsutra-conscious-indie-lofi-epx2,GLOWsutra,"BLUES, FOLK, INDIE, LOFI, MANTRA","BLUES, FOLK, INDIE, LOFI, MANTRA, PSYCHEDELIC, TRIP HOP",2,2,673,12,0:06:41,https://i1.sndcdn.com/artworks-OV8ZRGizQyraCB7N-C8HWOQ-t500x500.png,,Awe Is Mighty,CONFIRMED,2025-12-30 0:34:09
Bee the Fool EP x2 : BANJOsutra,https://soundcloud.com/bananasutra/sets/bee-the-fool-ep-x2-honeysutra,SHOWsutra,"BANJO, BLUES, FOLK",,2,2,391,5,0:07:16,https://i1.sndcdn.com/artworks-1QKzz4xNQaa8y2oX-Ru7mWg-t500x500.jpg,,Be The Fool (Perfection Is A Lie),CONFIRMED,2024-12-21 3:33:39
Bloom Past Doom (Apes Gone Wrong Series) EPx5 - BLOWsutra (Revolt Now)  Grassroots Hope Song,https://soundcloud.com/bananasutra/sets/bloom-past-doom-apes-gone-wrong-series-epx5-blowsutra-revolt-now-grassroots-hope-song,BLOWsutra,"BURLESQUE, FOLK, INDIE, JAZZ","BURLESQUE, CABARET, COUNTRY, FOLK, INDIE, JAZZ, PSYCHEDELIC, SOUL",5,5,3419,37,0:15:41,https://i1.sndcdn.com/artworks-NfNdCTLZ9C9HupPU-ETvEcw-t500x500.png,,Bloom Past Doom,CONFIRMED,2026-01-15 7:26:41
Bo Burnham Gone Bananas 🍌 COVERsutra Vaudeville Indie JAZZ EPx11,https://soundcloud.com/bananasutra/sets/bo-burnham-gone-bananas-coversutra-epx11,,"BLUES, BURLESQUE, DUB, INDIE, JAZZ, LOFI","BLUES, BURLESQUE, DUB, INDIE, JAZZ, LOFI",11,11,4197,46,0:43:15,https://i1.sndcdn.com/artworks-0cRNu3FFXne8uJuk-QwQNJA-t500x500.png,,Bo Burnham Covers,CONFIRMED,2026-03-07 23:40:15
CREEPYPASTA (what the hella) ♲ LoFi DUB Edition ♲ SoundCloud is broken REDUX,https://soundcloud.com/bananasutra/sets/creepypasta-what-the-hella-lofi-dub-edition-soundcloud-is-broken-redux,SHOWsutra,"DUB, INDIE, LOFI","DUB, INDIE, LOFI, PSYCHEDELIC, RAGGA",4,4,772,5,0:11:03,https://i1.sndcdn.com/artworks-fcCvHghEuNgLNX4y-dpY9Mg-t500x500.png,,Creepy Pasta (What The Hella),CONFIRMED,2025-10-21 23:25:44
Carnival FOTUS (ctd) EP X3,https://soundcloud.com/bananasutra/sets/carnival-fotus-ctd-ep-x3,SHOWsutra,BURLESQUE,,3,3,549,6,0:09:27,https://i1.sndcdn.com/artworks-MzAkEow42yD4mCMA-FITGfQ-t500x500.png,,Carnival FOTUS (ctd),CONFIRMED,2024-12-19 3:54:02
Creo (La Poesia) ☘ EPx10 VOL.01 ☘ Bananasutra En Español,https://soundcloud.com/bananasutra/sets/creo-la-poesia-epx10-vol01-bananasutra-en-espanol,GLOWsutra,DUB,"DUB, FADO, FLAMENCO, PSYCHEDELIC, RAGGA",10,10,4684,47,0:36:34,https://i1.sndcdn.com/artworks-HYGREko4IUXdrDm0-LliGgA-t500x500.png,,Creo (La Poesia),CONFIRMED,2025-05-27 13:06:35
Curious Like A Kiss • FLOWsutra Cheeky Duende EPx11,https://soundcloud.com/bananasutra/sets/curious-like-a-kiss-flowsutra-epx11,FLOWsutra,"BURLESQUE, DUB, INDIE, LOFI","BURLESQUE, DUB, FLAMENCO, GIPSY, INDIE, LOFI",11,11,7873,63,0:34:05,https://i1.sndcdn.com/artworks-zbyI4lbDpbvjrsBi-cszDDA-t500x500.png,,Curious Like A Kiss (Kiss a Pulse),CONFIRMED,2026-03-11 18:25:43
Daddy's a Creep ⚞  P3d0 T-Shirts ON SALE ⚟ BLOWsutra EPx4,https://soundcloud.com/bananasutra/sets/daddys-a-creep-p3d0-t-shirts-on-sale-blowsutra-epx4,BLOWsutra,"BLUES, BURLESQUE, JAZZ, LOFI","BLUES, BURLESQUE, JAZZ, LOFI",4,4,780,5,0:10:36,https://i1.sndcdn.com/artworks-fryyTDM2WyR2DKBA-QI4BwQ-t500x500.png,,Daddy's a Creep,CONFIRMED,2025-07-06 22:28:19
Do Panic Now ✝ GROWsutra EPx13,https://soundcloud.com/bananasutra/sets/do-panic-now-growsutra-epx13,GROWsutra,"DUB, FOLK, INDIE, JAZZ, LOFI, MANTRA","DUB, FOLK, GIPSY, INDIE, JAZZ, LOFI, MANTRA, RAGGA",13,13,2550,18,0:35:43,https://i1.sndcdn.com/artworks-BsO5CMcHbZ0M93kT-isQTpA-t500x500.png,,Do Panic Now,CONFIRMED,2025-06-29 5:49:04
Donkeys Years - SHOWsutra Fanana Club Gratitude EPx20,https://soundcloud.com/bananasutra/sets/donkeys-years-showsutra-fanana-club-gratitude-epx20,SHOWsutra,"BURLESQUE, DUB, INDIE, JAZZ, LOFI, ROCK","BURLESQUE, CABARET, DUB, FLAMENCO, GIPSY, INDIE, JAZZ, LOFI, PSYCHEDELIC, RAGGA, ROCK",20,20,10796,103,0:59:12,https://i1.sndcdn.com/artworks-09nrbUudNilo3UyQ-Qz1LzA-t500x500.png,,Donkeys Years,CONFIRMED,2025-12-09 0:16:35
Dressed in (nothing butt) Wonder ★ Exxxplore and Play (EP) x16 Bananas,https://soundcloud.com/bananasutra/sets/dressed-in-nothing-butt-wonder-exxxplore-and-play-ep-x16-bananas,SHOWsutra,"BURLESQUE, DUB, FOLK","BURLESQUE, DUB, FOLK, RAGGA",16,16,3233,35,0:48:15,https://i1.sndcdn.com/artworks-1DyhYd51j78cqPch-AJYylQ-t500x500.png,,Dressed In (Nothing Butt) Wonder,CONFIRMED,2025-04-06 22:50:16
Ethical Paradox (Bertrand Undone),https://soundcloud.com/bananasutra/sets/ethical-paradox-bertrand-undone,KNOWsutra,INDIE,,4,4,774,8,0:13:54,https://i1.sndcdn.com/artworks-e6OYFWuOzXif0Mz7-XAx0EQ-t500x500.jpg,,It's An Ethical Paradox,CONFIRMED,2024-12-26 10:06:49
F-BOMB ⚝ SHOWsutra DUB EPx7,https://soundcloud.com/bananasutra/sets/f-bomb-showsutra-dub-epx7,SHOWsutra,"BURLESQUE, DUB, INDIE","BURLESQUE, DUB, GIPSY, INDIE",7,7,1185,5,0:21:56,https://i1.sndcdn.com/artworks-MaDI6oRlKnS475ml-wUwvOA-t500x500.png,,F-BOMB DUB,CONFIRMED,2025-07-02 21:47:04
"Freee, La Fille • French SHOWsutra Psychedelic EPx10",https://soundcloud.com/bananasutra/sets/freee-la-fille-french-showsutra-psychedelic-epx10,SHOWsutra,"BURLESQUE, DUB, LOFI","BURLESQUE, DUB, HIP HOP, LOFI, PSYCHEDELIC, RAGGA",10,10,6698,53,0:30:12,https://i1.sndcdn.com/artworks-RJT0le0yFOpGmfuI-gfY2hw-t500x500.png,,"Freee, La Fille",CONFIRMED,2025-10-02 3:17:48
Glitter on a Turd ❯ GROWsutra Banana Cabaret EPx5,https://soundcloud.com/bananasutra/sets/glitter-on-a-turd-epx5,GROWsutra,"BURLESQUE, INDIE","BURLESQUE, CABARET, INDIE",5,5,2491,25,0:14:49,https://i1.sndcdn.com/artworks-XYwpBnKZkAc8nA2R-sfypIw-t500x500.png,,Glitter On A Turd,CONFIRMED,2025-05-23 11:53:24
Grifters • BLOWsutra (Apes Gone Wrong) EPx14,https://soundcloud.com/bananasutra/sets/grifters-blowsutra-epx14,BLOWsutra,"BANJO, BLUES, BURLESQUE, DUB, FOLK, INDIE, LOFI, ROCK","BANJO, BLUES, BURLESQUE, COUNTRY, DUB, FADO, FLAMENCO, FOLK, GIPSY, HIP HOP, INDIE, LOFI, PSYCHEDELIC, PUNK, ROCK",14,14,2933,26,0:43:26,https://i1.sndcdn.com/artworks-iPtXxjIVQyjzpElZ-rzZZyw-t500x500.png,,Grifters,CONFIRMED,2026-04-08 8:58:15
Hard Core (Questions that Matter) X5,https://soundcloud.com/bananasutra/sets/hard-core-x5,KNOWsutra,BURLESQUE,BURLESQUE,5,5,4657,44,0:15:20,https://i1.sndcdn.com/artworks-TawBy2TG82lsrzx3-SEV7yw-t500x500.png,,Hard Core,CONFIRMED,2024-11-15 4:12:14
HashtagWHY (to be ctd...),https://soundcloud.com/bananasutra/sets/hashtagwhy-to-be-ctd,KNOWsutra,ROCK,PUNK ROCK,2,2,529,5,0:06:23,https://i1.sndcdn.com/artworks-0LTSLaDkEUo21nzx-OHpjRw-t500x500.jpg,,HashtagWHY (Sorry Not Sorry),CONFIRMED,2024-12-23 2:47:27
"Hey, You ✖ EPx8 ✖ BLOWsutra Indie Punk ROCK",https://soundcloud.com/bananasutra/sets/hey-you-blowsutra-jazz-punk-rock,BLOWsutra,"BURLESQUE, INDIE, ROCK","BURLESQUE, INDIE, PUNK, ROCK",7,7,1468,8,0:13:47,https://i1.sndcdn.com/artworks-8zXPkONAqcbxOwwP-p3Wifg-t500x500.png,,"Hey, You (Creepers)",CONFIRMED,2025-08-01 8:24:53
Hope is So Do-Do-Dope 🎪🦤 SHOWsutra Surreal Soul Circus EPx9,https://soundcloud.com/bananasutra/sets/hope-is-so-do-do-dope-showsutra-surreal-soul-circus-epx9,SHOWsutra,"BURLESQUE, INDIE, ROCK","BURLESQUE, GIPSY, INDIE, PSYCHEDELIC, ROCK, SOUL",9,9,1365,9,0:32:05,https://i1.sndcdn.com/artworks-6nsPwxZLywLDp58z-pvh8Pw-t500x500.png,,Hope is Do-Do-Dope,CONFIRMED,2025-09-24 18:31:54
"How to Help a Bible Bro Grow Up, In the name of Religious Freedom",https://soundcloud.com/bananasutra/sets/how-to-help-a-bible-bro-grow-up-in-the-name-of-religious-freedom,GROWsutra,"DUB, FOLK, INDIE","DUB, FOLK, INDIE",7,7,1744,16,0:20:34,https://i1.sndcdn.com/artworks-iut6y3WtyieWGgpN-uNGjiA-t500x500.png,,Shush (How To Help A Bible Bro Grow Up),CONFIRMED,2025-04-13 18:49:47
I Ain't No Christian (No Holy Fool) ♥ EPx4 VOL.02,https://soundcloud.com/bananasutra/sets/i-aint-no-christian-no-holy-fool-epx4-vol02,SHOWsutra,"BLUES, BURLESQUE, FOLK, INDIE, ROCK","BLUES, BURLESQUE, FOLK, INDIE, ROCK, SOUL",4,4,733,8,0:11:49,https://i1.sndcdn.com/artworks-FXu0T1aNuzRuPyMB-olhCZA-t500x500.png,,I Ain't No Christian (Like Bertrand),CONFIRMED,2025-04-19 2:10:30
"I Did the Math, and Everything is Stupid • SHOWsutra Snoopy Fanana Club EPx11",https://soundcloud.com/bananasutra/sets/i-did-the-math-and-everything-is-stupid-showsutra-snoopy-fanana-club-epx11,SHOWsutra,"BURLESQUE, DUB, INDIE, JAZZ, ROCK","BURLESQUE, DUB, GIPSY, INDIE, JAZZ, PSYCHEDELIC, PUNK, ROCK",11,11,10127,100,0:40:34,https://i1.sndcdn.com/artworks-MzZS6UnLWFjCH0yw-Ud0ziA-t500x500.png,,"I Did The Math (Everything is Stupid, Absurd, and Divine",CONFIRMED,2025-12-24 9:11:17
If We Had But(t) The Truth ☲ Easterican Profanities EPx5 ☲ QUACKsutra,https://soundcloud.com/bananasutra/sets/if-we-had-butt-the-truth-easterican-profanities-epx5-quacksutra,BLOWsutra,BLUES,BLUES,5,5,1606,18,0:16:02,https://i1.sndcdn.com/artworks-YXoYMbXvm3ILHBz6-ixlblg-t500x500.png,,If We Had But(t) The Truth,CONFIRMED,2025-05-27 15:41:21
Ironic Moronic Eugenics ☤ What Happens When KNOWsutra & BLOWsutra Make a Baby,https://soundcloud.com/bananasutra/sets/ironic-moronic-eugenics-what-happens-when-knowsutra-blowsutra-make-a-baby,KNOWsutra,"BANJO, BLUES, DUB, FOLK, ROCK","BANJO, BLUES, DUB, FOLK, PSYCHEDELIC, PUNK, ROCK",8,8,1664,15,0:27:43,https://i1.sndcdn.com/artworks-N9z3Fy63NDAYopf0-Ffs1iA-t500x500.png,,Ironic Moronic Eugenics,CONFIRMED,2025-09-23 1:12:20
Kindness - Psychedelic INDIEsutra,https://soundcloud.com/bananasutra/sets/kindness-psychedelic-indiesutra,KNOWsutra,INDIE,PSYCHEDELIC,2,2,306,3,0:04:22,https://i1.sndcdn.com/artworks-60rWtzt0Ur5yDsl8-lcLgjQ-t500x500.jpg,,Kindness,CONFIRMED,2025-02-06 9:38:55
Kindness Matters - Human Life Soundtrack EP,https://soundcloud.com/bananasutra/sets/kindness-matters-human-life-soundtrackl,KNOWsutra,INDIE,,5,5,1454,10,0:18:08,https://i1.sndcdn.com/artworks-qsLSixra831RrldW-lEhsdw-t500x500.jpg,,Kindness,CONFIRMED,2025-02-06 7:58:26
Kiss A Pulse • GLOWsutra (Lucille Clifton Poetry) EPx16,https://soundcloud.com/bananasutra/sets/kiss-a-pulse-glowsutra-epx16,GLOWsutra,"BANJO, BLUES, BURLESQUE, DUB, FOLK, INDIE, JAZZ, LOFI","BANJO, BLUES, BURLESQUE, CABARET, DUB, FOLK, GIPSY, INDIE, JAZZ, LOFI, PSYCHEDELIC, SOUL",16,16,14998,176,0:45:33,https://i1.sndcdn.com/artworks-FsS9zAJyonxRU7Rm-RHZvfQ-t500x500.png,,Kiss A Pulse,CONFIRMED,2026-03-02 2:26:35
L'Embobinage (d'après Carl Sagan) • French GROWsutra EPx17,https://soundcloud.com/bananasutra/sets/lembobinage-dapres-carl-sagan-french-growsutra-epx17,GROWsutra,"BURLESQUE, DUB, INDIE, JAZZ","BURLESQUE, DUB, FLAMENCO, INDIE, JAZZ",17,17,11576,114,0:50:14,https://i1.sndcdn.com/artworks-CtDeRlGcQzG1ofC3-5Y1m0w-t500x500.png,,L’Embobinage,CONFIRMED,2025-09-29 21:24:07
Le Bal Des Salauds - French BLOWsutra Indie Gipsy Burlesque EPx9,https://soundcloud.com/bananasutra/sets/le-bal-des-salauds-french-blowsutra-indie-gipsy-burlesque-epx9,BLOWsutra,"BURLESQUE, FOLK, INDIE, LOFI, MANTRA","BURLESQUE, FOLK, GIPSY, INDIE, LOFI, MANTRA",9,9,8495,88,0:35:32,https://i1.sndcdn.com/artworks-y8HtxewGKAQtoPJZ-3ZbprQ-t500x500.png,,Le Bal Des Salauds,CONFIRMED,2025-11-01 8:25:47
Let’s Do It (Let's Fall in Love) EP • Public Domain Lyrics • JAZZsutra,https://soundcloud.com/bananasutra/sets/lets-do-it-lets-fall-in-love-ep-public-domain-lyrics-jazzsutra,FLOWsutra,JAZZ,"JAZZ, PSYCHEDELIC",4,4,1026,15,0:13:04,https://i1.sndcdn.com/artworks-eBfjOLCOGCrYzDzL-qn290w-t500x500.jpg,,Let's Do It,CONFIRMED,2025-01-19 23:44:10
"MAKA MAKA EPx7 ⭐︎ MAxA Series, Vol. 4",https://soundcloud.com/bananasutra/sets/maka-maka-epx7-maxa-series-vol-4,BLOWsutra,FOLK,"COUNTRY, FOLK",7,7,2097,14,0:18:59,https://i1.sndcdn.com/artworks-9mKo23b9tXJzWs5t-yMjheA-t500x500.png,,MAKA (Make America Kind Again),CONFIRMED,2025-03-28 2:27:46
"MAWA MAWA EPx2 (if Soundcloud allows) ⭐︎ MAxA Series, Vol. 2",https://soundcloud.com/bananasutra/sets/mawa-mawa-epx2-maxa-series-vol-2,GROWsutra,LOFI,LOFI,2,2,455,3,0:07:03,https://i1.sndcdn.com/artworks-ohldLp0ezWMHuexZ-Z1TUbg-t500x500.png,,MAWA (Make America Woke Again),CONFIRMED,2025-03-28 3:19:00
Men-Oh-Pause 🩸 KNOWsutra EPx14,https://soundcloud.com/bananasutra/sets/men-oh-pause-knowsutra-epx14,KNOWsutra,"BLUES, BURLESQUE, DUB, FOLK, INDIE, JAZZ, LOFI, ROCK","BLUES, BURLESQUE, DUB, FADO, FOLK, HIP HOP, INDIE, JAZZ, LOFI, PSYCHEDELIC, PUNK, RAGGA, ROCK",14,14,4272,47,0:52:56,https://i1.sndcdn.com/artworks-CwrH2fJ04mrnXKyD-lpasyg-t500x500.png,,Men-Oh-Pause,CONFIRMED,2025-09-16 11:10:46
Muddy Waters EP,https://soundcloud.com/bananasutra/sets/muddy-waters-ep,KNOWsutra,LOFI,LOFI,3,3,2439,35,0:10:06,https://i1.sndcdn.com/artworks-nMqZKsyaPrkeqrcw-6Z1nNw-t500x500.jpg,,Nietzsche's Gift (Muddy Waters),CONFIRMED,2024-10-22 18:43:08
My Quest • EPx6 Vol. 2 • GLOWsutra Jacques Brel Dream,https://soundcloud.com/bananasutra/sets/my-quest-glowsutra-jacques-brel-epx7,GLOWsutra,"BANJO, BLUES, BURLESQUE, DUB, INDIE, JAZZ, ROCK","BANJO, BLUES, BURLESQUE, DUB, INDIE, JAZZ, PSYCHEDELIC, ROCK, TRIP HOP",6,6,2796,18,0:16:43,https://i1.sndcdn.com/artworks-RvPg90tJzDpSlPKh-ns1cUw-t500x500.png,,My Quest,CONFIRMED,2026-03-15 16:44:39
Nietzsche's Gift (They Muddy the Water to Make it Look Deep) - KNOWsutra EPx13 Vol. 5,https://soundcloud.com/bananasutra/sets/nietzsches-gift-they-muddy-the-water-to-make-it-look-deep-knowsutra-epx13-vol-5,KNOWsutra,"BANJO, BLUES, BURLESQUE, DUB, FOLK, INDIE, JAZZ, LOFI","BANJO, BLUES, BURLESQUE, DUB, FOLK, INDIE, JAZZ, LOFI",13,13,2615,26,0:42:09,https://i1.sndcdn.com/artworks-LHMRQArJDO3UAyuX-tkyzjg-t500x500.png,,Nietzsche's Gift (Muddy Waters),CONFIRMED,2025-09-04 19:56:58
"No Fear, My Dear ❢ BLOWsutra Revolution Ring Jazz EPx19",https://soundcloud.com/bananasutra/sets/no-fear-my-dear-blowsutra-revolution-ring-jazz-epx19,BLOWsutra,"BLUES, FOLK, INDIE, JAZZ, LOFI","BLUES, FOLK, GIPSY, INDIE, JAZZ, LOFI, PSYCHEDELIC",19,19,14398,145,1:15:40,https://i1.sndcdn.com/artworks-ecBWNrgF4umdHgXR-yDUv4A-t500x500.png,,"No Fear, My Dear",CONFIRMED,2025-11-29 7:48:10
"Oh, Martine ❃ French GLOW+BOWsutra ❃ Side A+B EPx28",https://soundcloud.com/bananasutra/sets/oh-martine-french-glowbowsutra-side-ab-epx28,BOWsutra,"BLUES, BURLESQUE, DUB, FOLK, INDIE, JAZZ, LOFI, ROCK","BLUES, BURLESQUE, DUB, FADO, FOLK, GIPSY, INDIE, JAZZ, LOFI, PSYCHEDELIC, PUNK, ROCK",28,28,11217,101,1:03:00,https://i1.sndcdn.com/artworks-PhV4HcOuFKRdx4bD-cO41eQ-t500x500.png,,"Oh, Martine",CONFIRMED,2025-10-22 6:19:18
One Percent Rising • GROWsutra (Dare to Care) Psychedelic Indie EPx6,https://soundcloud.com/bananasutra/sets/one-percent-rising-growsutra-dare-to-care-epx6,GROWsutra,"INDIE, LOFI, ROCK","GIPSY, HIP HOP, INDIE, LOFI, PSYCHEDELIC, PUNK, ROCK",6,6,1314,15,0:17:03,https://i1.sndcdn.com/artworks-kgjEyPp1tNR5wzhb-SWAbWQ-t500x500.png,,One Percent Rising,CONFIRMED,2026-02-24 20:27:46
"Oy, We Care 🦆 QUACKsutra Psychedelic Punk Rock Mantra EPx4",https://soundcloud.com/bananasutra/sets/oy-we-care-quacksutra-psychedelic-punk-rock-mantra-epx4,BLOWsutra,"BURLESQUE, FOLK, MANTRA, ROCK","BURLESQUE, FOLK, MANTRA, PSYCHEDELIC, PUNK, ROCK",4,4,1596,9,0:08:44,https://i1.sndcdn.com/artworks-Jej1tzscsQG6oWg9-XF2L3Q-t500x500.png,,"Oy, We Care",CONFIRMED,2025-10-05 6:46:41
Peace Matters More (The Only Wish Worth Making) 🪽 GROWsutra Birthday Wish Song,https://soundcloud.com/bananasutra/sets/peace-matters-more-the-only-wish-worth-making-growsutra-birthday-wish-song,GROWsutra,"BURLESQUE, DUB, INDIE, JAZZ","BURLESQUE, DUB, GIPSY, INDIE, JAZZ",7,7,8466,78,0:31:58,https://i1.sndcdn.com/artworks-E8wykXuhdIZsTYC5-7gZGHQ-t500x500.png,,Peace Matters More,CONFIRMED,2025-11-08 4:29:57
Peel Me Kindly 🍌 SHOWsutra Gone Banana à la Gipsy JAZZ EPx7,https://soundcloud.com/bananasutra/sets/peel-me-kindly-showsutra-gone-banana-a-la-gipsy-jazz,SHOWsutra,JAZZ,"GIPSY, JAZZ",7,7,5115,60,0:30:57,https://i1.sndcdn.com/artworks-lciyCEyApUx6fnqe-mWMztg-t500x500.png,,Peel Me Kindly,CONFIRMED,2025-12-06 9:47:09
Project 2-0-2-5 (Explicit Fascism Advisory) • Pray for Murica SOULsutra EPx7,https://soundcloud.com/bananasutra/sets/project-2-0-2-5-explicit-fascism-advisory-pray-for-murica-soulsutra-epx7,GLOWsutra,FOLK,"FOLK, SOUL",7,7,1379,16,0:24:25,https://i1.sndcdn.com/artworks-Gpeeqzc8b4frhVCd-pyGbug-t500x500.png,,Project 2025 (Honky tonk dreams in the land of the free),CONFIRMED,2025-01-30 0:32:49
Queer Almighty (Holy Questions Matter) - EPx16 VOL. 02,https://soundcloud.com/bananasutra/sets/queer-almighty-holy-questions-matter-epx16-vol-02,KNOWsutra,"BANJO, BLUES, FOLK, MANTRA","BANJO, BLUES, CABARET, COUNTRY, FOLK, MANTRA",16,16,9316,66,0:51:38,https://i1.sndcdn.com/artworks-AW1E67BzmypJfRI1-6hZzEg-t500x500.png,,Queer Almighty,CONFIRMED,2025-04-27 6:04:27
Relative Steve - KNOWsutra Hip de la HoP EPx2 Bass Interlude,https://soundcloud.com/bananasutra/sets/relative-steve-knowsutra-hip-de-la-hop-epx2-bass-interlude,KNOWsutra,LOFI,"LOFI, HIP HOP",2,2,362,7,0:03:54,https://i1.sndcdn.com/artworks-lhsvkiQu3Jgy5T0S-iRyHyQ-t500x500.png,,Relative Steve,CONFIRMED,2025-08-08 1:02:51
Seminal Bollocks - Merry Psychedelic GROWsutra (God Etc.) EPx10,https://soundcloud.com/bananasutra/sets/seminal-bollocks-merry-psychedelic-growsutra-god-etc-epx10,GROWsutra,"BURLESQUE, FOLK, INDIE, LOFI, ROCK","BURLESQUE, COUNTRY, FADO, FOLK, GIPSY, INDIE, LOFI, PSYCHEDELIC, PUNK, ROCK",10,10,9040,77,0:36:45,https://i1.sndcdn.com/artworks-WZTqldC4Qw8BIhVK-eZYyAA-t500x500.png,,Seminal Bollocks,CONFIRMED,2025-12-26 6:19:47
Shady Fools (Oh Can’t You See?) • Vol. 2 EPx9 • BLOWsutra Ego Gone Loco LoFi Burlesque,https://soundcloud.com/bananasutra/sets/shady-fools-oh-cant-you-see-vol-2-epx9-blowsutra-ego-gone-loco-lofi-burlesque,BLOWsutra,"BURLESQUE, DUB, FOLK, INDIE, LOFI, ROCK","BURLESQUE, DUB, FADO, FOLK, HIP HOP, INDIE, LOFI, PSYCHEDELIC, ROCK",9,9,1797,21,0:29:15,https://i1.sndcdn.com/artworks-3Pm91yJCMrEECvrj-EP3ozg-t500x500.png,,Shady Fools,CONFIRMED,2025-11-22 1:27:58
Sidération - Spoken Words Intro - EPx3 VOL. 1 of 4,https://soundcloud.com/bananasutra/sets/sideration-spoken-words-intro-epx3-vol-1-of-4,BLOWsutra,LOFI,LOFI,3,3,515,2,0:09:55,https://i1.sndcdn.com/artworks-lf1lRd9pToH4z1il-dFOkVA-t500x500.png,,Sidération,CONFIRMED,2025-05-26 0:35:51
Sidération Blues - A Song of Wrong - EPx7 Vol 3 of 4,https://soundcloud.com/bananasutra/sets/sideration-blues-a-song-of-wrong-epx7-vol-3-of-4,BLOWsutra,BLUES,BLUES,7,7,3345,30,0:23:24,https://i1.sndcdn.com/artworks-m0yZE3BD5czpTSpy-yzAs5A-t500x500.png,,Sidération Blues,CONFIRMED,2025-05-26 0:46:47
Sidération's Calling - White House's Burning - EPx13 Vol 4 of 4,https://soundcloud.com/bananasutra/sets/siderations-calling-white-houses-burning-epx13-vol-4-of-4,BLOWsutra,LOFI,"LOFI, RAGGA",13,13,3984,23,0:36:35,https://i1.sndcdn.com/artworks-58HtMVlI0dnLHSez-V8vJyA-t500x500.png,,Sidération's Calling,CONFIRMED,2025-05-26 1:01:09
Spit Back The Lies • BLOWsutra (Revolution Ring) EPx20,https://soundcloud.com/bananasutra/sets/spit-back-the-lies-blowsutra-epx20,BLOWsutra,"BANJO, BLUES, BURLESQUE, DUB, FOLK, INDIE, LOFI, ROCK","BANJO, BLUES, BURLESQUE, DUB, FLAMENCO, FOLK, GIPSY, HIP HOP, INDIE, LOFI, PSYCHEDELIC, PUNK, ROCK",20,20,14213,140,0:57:42,https://i1.sndcdn.com/artworks-qXPEntVNqNX60KsD-pPXHNg-t500x500.png,,Spit Back the Lies,CONFIRMED,2026-03-06 0:52:13
Stymied Felon goes Stymy Stymy Yuck Encore - Freee Bonus EPx2 VOL.02,https://soundcloud.com/bananasutra/sets/stymied-felon-goes-stymy-stymy-yuck-encore-freee-bonus-epx2-vol02,BLOWsutra,LOFI,"LOFI, HIP HOP",2,2,426,4,0:05:48,https://i1.sndcdn.com/artworks-MnjuWCHszuAJt8sg-DJvk4g-t500x500.png,,Stymy Stymy Yuck,CONFIRMED,2025-04-22 19:11:58
Stymy Stymy Yuck : A Story of Old Bastards - EPx5 VOL.1 - DUBsutra,https://soundcloud.com/bananasutra/sets/stymy-stymy-yuck-a-story-of-old-bastards-epx5-vol1-dubsutra,BLOWsutra,"DUB, LOFI","DUB, LOFI",5,5,1279,17,0:15:19,https://i1.sndcdn.com/artworks-Mec8nBlPvyM8XXLn-dyCagw-t500x500.jpg,,Stymy Stymy Yuck,CONFIRMED,2025-04-11 1:30:23
Sutra of Immanence - FLOWsutra Dog Poetry - Jazz & Dub EPx3,https://soundcloud.com/bananasutra/sets/sutra-of-immanence-flowsutra-dog-poetry-jazz-dub-epx3,FLOWsutra,"DUB, JAZZ","DUB, JAZZ",3,3,571,10,0:08:18,https://i1.sndcdn.com/artworks-NVoSzyd2p5Cnj9Qz-g4JRiQ-t500x500.png,,Sutra of Immanence,CONFIRMED,2025-06-06 12:12:35
SynthemaSutra ♆ SHOWsutra Banana EPx8,https://soundcloud.com/bananasutra/sets/synthemasutra-showsutra-banana-epx8,SHOWsutra,"BURLESQUE, DUB, INDIE, LOFI, ROCK","BURLESQUE, DUB, FLAMENCO, INDIE, LOFI, PSYCHEDELIC, PUNK, ROCK, SOUL",8,8,2593,28,0:34:03,https://i1.sndcdn.com/artworks-yoEMRKS82rZVyqki-15yXGg-t500x500.png,,SynthemaSutra,CONFIRMED,2025-11-25 8:59:18
"Thank you, Mister Paine - American Accountability Revolution Blues EPx3",https://soundcloud.com/bananasutra/sets/thank-you-mister-paine-american-accountability-revolution-blues-epx3,BLOWsutra,BLUES,BLUES,3,3,852,14,0:11:47,https://i1.sndcdn.com/artworks-u5pewrASgTDY7LtN-z0b1TA-t500x500.png,,"Thank you, Mister Paine",CONFIRMED,2025-06-06 11:12:44
The Conquest of Happiness (according to Bertrand Russel) ☰ 2 Songs EPx10 ☰ KNOWsutra,https://soundcloud.com/bananasutra/sets/the-conquest-of-happiness-according-to-bertrand-russel-2-songs-epx10-knowsutra,KNOWsutra,"BURLESQUE, FOLK, INDIE, JAZZ, MANTRA","BURLESQUE, FOLK, INDIE, JAZZ, MANTRA",10,10,4650,49,0:44:45,https://i1.sndcdn.com/artworks-mzPTVVzYjzKf5bIY-HeAycA-t500x500.png,,The Conquest of Happiness,CONFIRMED,2025-11-16 4:20:39
The Echo Song Song ☭ Vladimir Vysotsky - EPx6  English Cover ☭ BLOWsutra Gipsy Trip Hop Trip,https://soundcloud.com/bananasutra/sets/the-echo-song-song-vladimir-vysotsky-epx6-english-cover-blowsutra-gipsy-trip-hop-trip,BLOWsutra,"BURLESQUE, DUB, FOLK, INDIE, LOFI","BURLESQUE, DUB, FOLK, GIPSY, INDIE, LOFI, PSYCHEDELIC, TRIP HOP",6,6,3506,29,0:18:46,https://i1.sndcdn.com/artworks-csa1LSOJaNbx8eWJ-OVqzHA-t500x500.png,,The Echo Song,CONFIRMED,2025-10-27 4:02:40
The Great Naked King • SHOWsutra Psychedelick Fools Cabaret EPx30,https://soundcloud.com/bananasutra/sets/the-great-naked-king-showsutra-epx30,SHOWsutra,"BANJO, BLUES, BURLESQUE, INDIE, JAZZ, LOFI","BANJO, BLUES, BURLESQUE, CABARET, FADO, FLAMENCO, GIPSY, HIP HOP, INDIE, JAZZ, LOFI",30,30,12138,152,1:46:12,https://i1.sndcdn.com/artworks-QRaUbtlHanDIuOON-8Hr9pg-t500x500.png,,The Great Naked King,CONFIRMED,2026-04-01 23:37:17
The Invisible Man in the Sky (a song inspired by George Carlin) EPx8 VOL.01,https://soundcloud.com/bananasutra/sets/the-invisible-man-in-the-sky-a-song-inspired-by-george-carlin-epx8-vol01,GROWsutra,"BURLESQUE, DUB, LOFI","BURLESQUE, DUB, LOFI",8,8,1425,13,0:20:53,https://i1.sndcdn.com/artworks-X3sSPUgbNbib2XW8-7bIcSQ-t500x500.png,,The Invisible Man In The Sky,CONFIRMED,2025-04-13 23:17:52
This Is My Quest • GROWsutra (Dare to Care) Dream EPx19,https://soundcloud.com/bananasutra/sets/this-is-my-quest-growsutra-epx19,GROWsutra,"DUB, INDIE, JAZZ, LOFI","DUB, FADO, FLAMENCO, GIPSY, INDIE, JAZZ, LOFI, PSYCHEDELIC",19,19,17323,123,1:13:50,https://i1.sndcdn.com/artworks-qhqHRqMMeCjATzsp-RQ8fQQ-t500x500.png,,This Is My Quest,CONFIRMED,2026-03-16 18:54:20
This Is What Dissent Looks Like Now - BLOWsutra (Revolution Ring) Jazz Indie LoFi Dream,https://soundcloud.com/bananasutra/sets/this-is-what-dissent-looks-like-now-blowsutra-revolution-ring-jazz-indie-lofi-dream,BLOWsutra,"BURLESQUE, INDIE, JAZZ, LOFI","BURLESQUE, CABARET, GIPSY, HIP HOP, INDIE, JAZZ, LOFI, PSYCHEDELIC, PUNK, TRIP HOP",14,14,17343,149,0:55:10,https://i1.sndcdn.com/artworks-oX7ZY3z8JzrLVWyA-Iz5Tsg-t500x500.png,,What Dissent Looks Like Now,CONFIRMED,2026-01-27 21:09:21
To Dream EP X8 | Jacques Brel Chanson Reimagined : Psychedelic French Poetry JAZZsutra X5,https://soundcloud.com/bananasutra/sets/the-quest-brel-poetry-jazz-remakes-x8,GLOWsutra,JAZZ,"JAZZ, PSYCHEDELIC",8,8,5661,61,0:21:21,https://i1.sndcdn.com/artworks-QUpuRg3OOi3Qb9MF-h5LTAw-t500x500.png,,To Dream,CONFIRMED,2024-11-09 0:48:06
Trauma Begets Trauma - KNOWsutra Peace (not War) Piano Kitten Truth EPx5,https://soundcloud.com/bananasutra/sets/trauma-begets-trauma-knowsutra-peace-not-war-piano-kitten-truth-epx5,KNOWsutra,INDIE,"GIPSY, INDIE",5,5,4254,34,0:15:46,https://i1.sndcdn.com/artworks-O1DJ2yudziIuoAWo-vRdodg-t500x500.png,,Trauma Begets Trauma,CONFIRMED,2025-11-09 1:54:35
What It's About - Blues Dub Murica Mantra EPx7,https://soundcloud.com/bananasutra/sets/what-its-about-blues-dub-murica-mantra-epx7,BLOWsutra,"BLUES, DUB, MANTRA","BLUES, DUB, MANTRA",7,7,1495,21,0:24:28,https://i1.sndcdn.com/artworks-GLU0pK07IFyP9sOF-R4l6cg-t500x500.jpg,,What It's About,CONFIRMED,2025-06-04 1:09:59
"When We Duende, Encore ★ Arabesk Fado Soul EPx2 VOL.2",https://soundcloud.com/bananasutra/sets/when-we-duende-encore-arabesk-fado-soul-epx2-vol2,FLOWsutra,INDIE,"FADO, SOUL",2,2,446,4,0:07:52,https://i1.sndcdn.com/artworks-2HTk9xJWFp1O434r-CXIyuA-t500x500.png,,When We Duende (Encore),CONFIRMED,2025-06-16 11:25:36
"Best Teacher Award, in Love & Death : Indie Bliss EPx3 VOL. 1 : BOWsutra",https://soundcloud.com/bananasutra/sets/best-teacher-award-in-love-death-indie-lofi-epx3-vol-1-bowsutra,BOWsutra,INDIE,INDIE,3,3,665,3,0:08:22,https://i1.sndcdn.com/artworks-naxN1Ew2hxBmEiva-OlsMuQ-t500x500.png,,,SONGBOOK EP,2025-04-09 11:15:12
DEFY (Vol 2) - 3 Songs EPx6 - BLOWsutra Revolution Ring LoFi Jazz Fusion,https://soundcloud.com/bananasutra/sets/defy-vol-2-3-songs-epx6-blowsutra-revolution-ring-lofi-jazz-fusion,BLOWsutra,"BURLESQUE, JAZZ, LOFI","BURLESQUE, JAZZ, LOFI, PSYCHEDELIC, TRIP HOP",7,7,7633,50,0:19:37,https://i1.sndcdn.com/artworks-ZOzjbG3qBNgMzOWS-9LnxjQ-t500x500.png,,,SONGBOOK EP,2026-01-08 7:26:18
DEFY ✰ 3 Songs EPx7 ✰ BLOWsutra Jazzy Folk Lo-Fi BLUES,https://soundcloud.com/bananasutra/sets/defy-3-songs-epx7-blowsutra-jazzy-folk-lo-fi-blues,BLOWsutra,"BLUES, FOLK, JAZZ, LOFI","BLUES, FOLK, JAZZ, LOFI, TRIP HOP",7,7,1529,11,0:21:43,https://i1.sndcdn.com/artworks-YZdPzrWX9SlHjJ6q-GKzInQ-t500x500.png,,,SONGBOOK EP,2025-07-25 9:45:47
FOTUS CIRCUS ★ VOL.2 EPx10 ★ BURLESQUEsutra,https://soundcloud.com/bananasutra/sets/fotus-circus-vol2-epx10-burlesquesutra,BLOWsutra,"BANJO, BURLESQUE, FOLK, JAZZ, LOFI, ROCK","BANJO, BURLESQUE, FOLK, JAZZ, LOFI, ROCK",10,10,1697,11,0:32:55,https://i1.sndcdn.com/artworks-44IaWyIDQ4KPbMKz-LMbmBg-t500x500.png,,,SONGBOOK EP,2025-05-21 2:01:30
FOTUS CIRCUS ★ VOL.3 EPx9 ★ BURLESQUEsutra,https://soundcloud.com/bananasutra/sets/fotus-circus-vol3-epx9-burlesquesutra,BLOWsutra,"BANJO, BURLESQUE, DUB, FOLK, MANTRA","BANJO, BURLESQUE, DUB, FOLK, MANTRA, RAGGA",9,9,2415,16,0:28:23,https://i1.sndcdn.com/artworks-TISJ7mgoFUnIyF3o-Nc2YDg-t500x500.png,,,SONGBOOK EP,2025-05-21 2:07:08
FOTUS CIRCUS ★ VOL.4 EPx9 ★ BURLESQUEsutra,https://soundcloud.com/bananasutra/sets/fotus-circus-vol4-epx9-burlesquesutra,BLOWsutra,"BANJO, BURLESQUE, DUB, JAZZ","BANJO, BURLESQUE, DUB, JAZZ",9,9,3951,22,0:28:50,https://i1.sndcdn.com/artworks-hEoexhjMEJaTLs2Y-y53BjQ-t500x500.png,,,SONGBOOK EP,2025-05-21 2:12:14
"MAxA Alphabet Series Compilation - Make America Humane, Kind, Safe, Smart, etcetera Alright?!",https://soundcloud.com/bananasutra/sets/maxa-series,BLOWsutra,"BANJO, BURLESQUE","BANJO, BURLESQUE",12,20,4827,49,0:39:53,https://i1.sndcdn.com/artworks-1kvONAzRbkd2SdIu-RVmpoA-t500x500.png,,,SONGBOOK EP,2025-02-22 18:37:43