MUSE Name,First Name,Last Name,Gender / Pronoun,"Type, Category",Country,Era,Birth Year,Death year,Famous Work(s),Core SUTRA,Secondary SUTRAs,Themes/ Keywords,Bananasutra Notes,Key Quotes,Primary Source,Additional Sources,Status,autoID,museID,SONGS (Lyrics)
Cicero,Cicero,,He,"Philosopher,Orator,Author",ROM,Ancient,106 BC,43 BC,"Catilinarian Orations, Philosophical Treatises, Letters",BLOWsutra,KNOWsutra,"oratory,philosophy,truth-telling,republic",,,https://en.wikipedia.org/wiki/Cicero,,Draft,1,M-1,
Plutarch,Plutarch,,He,"Author,Historian,Philosopher",GR,Ancient,c. 46 AD,c. 120 AD,"Parallel Lives, Moralia, Essays",KNOWsutra,GLOWsutra,"history,philosophy,biography,wisdom",,,https://en.wikipedia.org/wiki/Plutarch,,Draft,2,M-2,
Douglas Adams,Douglas,Adams,He,Author,GB,Late 20th C,1952,2001,"The Hitchhiker's Guide to the Galaxy, The Restaurant at the End of the Universe",GROWsutra,,"humor/satire,philosophy,science fiction,absurdity/joy,language",,,https://en.wikipedia.org/wiki/Douglas_Adams,,Draft,3,M-3,
Aesop,,Aesop,He,"Fabulist,Fool",GR,Ancient,c. 620 BC,c. 564 BC,Aesop's Fables,KNOWsutra,SHOWsutra,"wisdom,poetry/language,humor/satire,philosophy",,,https://en.wikipedia.org/wiki/Aesop,,Draft,4,M-4,
Hans Andersen,Hans,Andersen,He,"Author,Fool",DK,19th C,1805,1875,The Emperor's New Clothes,SHOWsutra,,"storytelling,childhood,satire,fantasy,social criticism",Inspired the song 'The Great Naked King'.,,https://en.wikipedia.org/wiki/Hans_Christian_Andersen,,Draft,5,M-5,The Great Naked King
Maya Angelou,Maya,Angelou,She,"Author,Poet",US,Late 20th C,1928,2014,Rainbows in my clouds,GLOWsutra,,"gratitude,hope",Originally inspired 'Rainbows in the Clouds' and 'Rainbows in My Clouds (Merci)'. Dedicated to Sri.,,https://en.wikipedia.org/wiki/Maya_Angelou,,Draft,6,M-6,Rainbows in the Clouds
Anonymous Anonymous,Anonymous,Anonymous,They,Fool,,Contemporary,,,,KNOWsutra,"BLOWsutra,SHOWsutra,GROWsutra,FLOWsutra,GLOWsutra,BOWsutra","universality,humor/satire,wisdom,mystery,collective",,,,,Draft,7,M-7,"Frogs in the Cogs,Hiding Secrets in Lies,How Deep Is Your Shade?,""Just Be You, Oooh! (A Birthday Sing-Along)"",Possum Scrotum,Real Winners Dance,A New Historical Era,A Stroll Down History’s Lane,ABC of NPD,Acoustic Attraction,Acousticophilia,Authentic Innovation Manifesto,Bare Your Soul (Velvet),Be The Fool (Embrace The Cracks),Be The Fool (Perfection Is A Lie),Berries & Beaches,Broken Whole,Dream A Dog,Fool On A Mission (No Name Game),Freedom Fries,Honest Is Best,How Do We Find Meaning?,How Do You Explain War?,Le Bal Electoral,Learn The Signs,Let’s Play A Game Where We All Win! (If The Game Is Absurd),Liars,Lolita In Pensacola,""Not Bad, Friendo"",Peace Unseen,A Good Witch,Blessed By The Wiggle,But Where Do Pigeons Go To Die?,Clay Maiden,D.I.M.M.E.R.s,F is for Fabulous,Gunther BBQ,I Know You Didn’t Ask,Win-Win After Midnight,A la Guerre Comme A la Guerre (To War or Not to War?),A Liar’s Prize,""But Who Says """"Say My Name"""""",Buuuuurn!,Can You Play Win-Win Or No?,DARVO-A-GOGO,Do you ever Wonder?,Enshittification (Word of the Year),Feral Fandango,Grateful For The Weird,Hard Core,Hitlus With Your Best Shot,Open The Meow,Open The Window,Oxytocin,Radio Static (The Dystopian Cabaret),Silent Followers,Skanking Pickles,The Courage To Care,Who Knows What Goes On?,Freedom To Lie Is The New Human Right,HashtagWHY (Sorry Not Sorry),Life's A Song,""Philosophy, My Dear"",Rebellion à L'Unisson,Serial Blowers,The Cabaret Where No One Knows,The Umm Song,""Out of Step, Out Of Mind"",We Must Revolt,What Justifies The Pain?,What Lessons Do We Forget?,Why Are Kids Allowed To Die? (Why War?),A Letter To My Friend (Never Again),ABC Of Kindness,All the -Isms,Arrogant Hearts (Second hand Smoke),Banana joke making us laugh,Blessed Be The Dogs,Bloom Past Doom,Comme Des Pions,Creeps,Creepy Pasta (What The Hella),Creo (La Poesia),Curious Like A Kiss (Kiss a Pulse),Darling,Dead Dogs Deets,Do Panic Now,Donkeys Years,EGO's Masquerade,""En Vrai, On Est Tous Frères"",Foolish,Foolish Goldfish (Forever),""Freee, La Fille"",French Poppies,Glitter On A Turd,Grifters,Hammy On Clyde,""Hello, Oh No"",""Hereby, I Cry"",""Hi, My Name Is (Not Celine Dion)"",""Hold The Mic, Babe"",Hope is Do-Do-Dope,How Do Kids Learn Now?,I Think I Need a Good Spank!ng (in Madrid),Idiocracy Now,If We Had But(t) The Truth,Ironic Moronic Eugenics,Jealousy (Not For Me),Jolly Poo,Just Be,Kids Are Asking,Kiss A Pulse,La Force Douce,La Poesia Importa,MAHA (Make America Humane Again),MAKA (Make America Kind Again),Make Amurica Gulag Again (MAGA),Making Songs Like,MAMA (Make America Mine Achtung),MASA (Make America Safe Again),MAWA (Make America Woke Again),Men-Oh-Pause,""No, I'm Not Being Political (CIRCA 2025)"",""No, I'm Not Being Political (CIRCA 2026)"",Nous Sommes Le Feu,""Oh, Freedom"",""Oh, Martine"",Okie Dokie (No It's Not),One Percent Rising,Optics Of Cruelty (DEFY),Peace Matters More,Poetry Matters,Poetry Nah Lie,Poetry Slow Burns,Predators (Why War),Read Me Harder (BB is for Banned Books),Relative Steve,Revolution's Lit,Second Hand Smoke (Arrogant Hearts),Secret De Polichinelle,Shades of Fools (All I Know),Shady Fools,Shameless (DEFY),Shush (How To Help A Bible Bro Grow Up),Sidération,Sidération (The Sky Stood Still),Sidération Blues,Sidération's Calling,""So, What Is Racism?"",SS Means Sacred Sp3rm,Sutra of Immanence,Tell The Truth,The Fool Who Knows,The Love of A Dove,The Narcissist's Cabaret,They Call Her Wild (But She's Just Free),""They Call It Freedom (Oh Hi, Sweet Honey Bun)"",Thrifting Memories,Trauma Begets Trauma,Trust No One,Universal Currency,We Remember What (We Remember What) We Feel☉,Wet (Prickly) Peaches vol.2,What Dissent Looks Like Now,What If -Ism,What It's About,What the Mirror Said (Reste Lucide),What’s Behind Every Door?,When We Duende (All Night),When We Duende (Encore),Where We Begin (Preakly Peaches),Who Are You? (And Who Am I?),Who Knows Where How Happiness Truly Grows,Who Needs A Big D?,Why We Can't Be Brave?,Why You Lie (To The People's Face)?,WIN-WIN (Basic Science History),WIN-WIN (dub),Zero Sum (Zero Sean),Maslow (Bro)"
Guillaume Apollinaire,Guillaume,Apollinaire,He,Poet,FR,Early 20th C,1880,1918,"Alcools, Calligrammes, Zone",FLOWsutra,"GLOWsutra,BLOWsutra","poetry/language,creativity,love/kindness,modernism",,,https://en.wikipedia.org/wiki/Guillaume_Apollinaire,,Draft,8,M-8,
Hannah Arendt,Hannah,Arendt,She,Philosopher,DE,Mid 20th C,1906,1975,"The Origins of Totalitarianism, The Human Condition, Eichmann in Jerusalem",KNOWsutra,"BLOWsutra,GROWsutra","authoritarianism,truth-telling,philosophy,democracy,resistance",One of my deepest intellectual touchstones. The banality of evil is the lens I use to understand how ordinary people enable catastrophic harm — and why silence is complicity. Her work haunts every BLOWsutra song I write.,The banality of evil.' | 'Under conditions of tyranny it is far easier to act than to think.' | 'The most radical revolutionary will become a conservative the day after the revolution.',https://en.wikipedia.org/wiki/Hannah_Arendt,,Draft,9,M-9,Question The Nation
Margaret Atwood,Margaret,Atwood,She,"Author,Poet",CA,Contemporary,1939,,The Handmaid's Tale,KNOWsutra,"BLOWsutra,SHOWsutra","authoritarianism,feminism,resistance,democracy",Male Fantasies' is a direct Atwood lyric quote-turned-song. Her work on how democracies slide into theocracies is the blueprint for everything happening right now. The 'Which Dystopia Are You Living In?' quiz includes her as a distinct archetype axis.,"Male fantasies, male fantasies, is everything run by male fantasies?' | 'Nolite te bastardes carborundorum.' | 'A word after a word after a word is power.'",https://en.wikipedia.org/wiki/Margaret_Atwood,,Draft,10,M-10,"Male Fantasies,Males Fantasies (vol2)"
Charles Aznavour,Charles,Aznavour,He,"Musician,Fool",FR,Mid 20th C,1924,2018,"La Bohème, She, Je m'voyais déjà",BLOWsutra,,"music,nostalgia,love/kindness,French chanson,performance",Inspired my tracks like 'Le Système'. 'La Bohème' captures the bittersweet nostalgia of a shared past that no longer exists.,,https://en.wikipedia.org/wiki/Charles_Aznavour,,Draft,11,M-11,"""Le Système, ça voulait dire"""
James Baldwin,James,Baldwin,He,Poet,US,Mid 20th C,1947,1985,"Go Tell It on the Mountain (1953)
Notes of a Native Son (1955), Giovanni's Room (1956)",GLOWsutra,,"poetry/language,truth-telling",,,https://en.wikipedia.org/wiki/James_Baldwin,,Draft,12,M-12,
Charles Baudelaire,Charles,Baudelaire,He,Poet,FR,19th C,1821,1867,"Les Fleurs du Mal, Paris Spleen, Intimate Journals",BLOWsutra,"SHOWsutra,GLOWsutra","poetry/language,death/grief,love/kindness,beauty/aesthetics",,,https://en.wikipedia.org/wiki/Charles_Baudelaire,,Draft,13,M-13,
William Blake,William,Blake,He,"Poet,Painter,Visionary",GB,18th C,1757,1827,"Songs of Innocence, Songs of Experience, The Marriage of Heaven and Hell",FLOWsutra,"GLOWsutra,BLOWsutra","poetry/language,spirituality/agnosticism,resistance,creativity",,,https://en.wikipedia.org/wiki/William_Blake,,Draft,14,M-14,
Anthony Bourdain,Anthony,Bourdain,He,"Philosopher,Fool",US,Contemporary,1956,2018,"Kitchen Confidential, Parts Unknown, Medium Raw",SHOWsutra,,"humor/satire,truth-telling,absurdity/joy,philosophy",,,https://en.wikipedia.org/wiki/Anthony_Bourdain,,Draft,15,M-15,More Than A Plate (Anthony Bourdain <3)
David Bowie,David,Bowie,He,"Musician,Fool",GB,Late 20th C,1947,2016,"The Rise and Fall of Ziggy Stardust, Heroes, Space Oddity, Blackstar",GROWsutra,,"music,identity,performance,transformation,art",Inspired the track 'New Normalcy (Planet Earth To Higher Grounds)'.,,https://en.wikipedia.org/wiki/David_Bowie,,Draft,16,M-16,New Normalcy (Planet Earth to Higher Grounds)
Jacques Brel,Jacques,Brel,He,"Musician,Fool",FR,Mid 20th C,1929,1978,"Ne Me Quitte Pas, La Quête, Amsterdam",GLOWsutra,BOWsutra,"poetry/language,love/kindness,philosophy,music","La Quête is the Bananasutra anthem I didn't write. 'The Quest' remake is my love letter to him — accordion and all. He understood that the greatest songs are prayers, not performances. His emotional precision is the standard I hold myself to.","To sing is to pray twice.' | 'I want to die on a Tuesday, so I'll have the rest of the week to recover.'",https://en.wikipedia.org/wiki/Jacques_Brel,,Draft,17,M-17,"Double Standards,Jacques Brel,L'Accordéon De l'Ignorance,My Quest,The Accordion of Ignorance,The Quest,This Is My Quest,To Dream,Up a San Francisco Hill"
André Breton,André,Breton,He,"Poet,Philosopher",FR,Early 20th C,1896,1966,"Manifesto of Surrealism, Nadja, Mad Love",FLOWsutra,"SHOWsutra,KNOWsutra","surrealism,dreams,creativity,revolution,poetry/language",,,https://en.wikipedia.org/wiki/Andr%C3%A9_Breton,,Draft,18,M-18,
Brené Brown,Brené,Brown,She,Author,US,Contemporary,1965,,"Daring Greatly, The Gifts of Imperfection, Braving the Wilderness",GROWsutra,KNOWsutra,"vulnerability,courage,empathy,personal growth,love/kindness",,,https://en.wikipedia.org/wiki/Bren%C3%A9_Brown,,Draft,19,M-19,
Charles Bukowski,Charles,Bukowski,He,"Author,Poet",US,Late 20th C,1920,1989,Women,BLOWsutra,"KNOWsutra,SHOWsutra","humor/satire,social criticism,poetry,urban life,authenticity","Bukowski made lowbrow high art. His BLOW energy is visceral — no pretense, no polish. A whiskey-soaked mirror held up to the circus.",,https://en.wikipedia.org/wiki/Charles_Bukowski,,Draft,20,M-20,
Edmund Burke,Edmund,Burke,He,Philosopher,IE,18th C,1729,1797,"Reflections on the Revolution in France, A Philosophical Enquiry into the Sublime and Beautiful",KNOWsutra,BLOWsutra,"philosophy,democracy,tradition,politics,resistance",,,https://en.wikipedia.org/wiki/Edmund_Burke,,Draft,21,M-21,
Bo Burnham,Bo,Burnham,He,"Musician,Fool",US,Contemporary,1990,,"Welcome to the Internet, What's Funny, F*CK",SHOWsutra,,"humor/satire,mental health,social media,performance,absurdity/joy",Inspired the Fanana Club covers and 'What's F-A-S-C-I-S-T?'.,,https://en.wikipedia.org/wiki/Bo_Burnham,,Draft,22,M-22,"Bo Burnham Covers,Segggsting,What's F-A-S-C-I-S-T?"
Robert Burns,Robert,Burns,He,"Poet,Fool",GB-SCT,18th C,1759,1796,"Auld Lang Syne, A Man's A Man for A' That, To a Mouse",BLOWsutra,,"poetry/language,love/kindness,democracy,Scottish identity,nature",Inspired the song 'A Man's A Man for A' That'.,,https://en.wikipedia.org/wiki/Robert_Burns,,Draft,23,M-23,A Man's a Man and A' That
Octavia E. Butler,Octavia E.,Butler,She,Author,US,Late 20th C,1947,2006,"Parable of the Sower, Kindred, Wild Seed, Bloodchild",FLOWsutra,"BLOWsutra,BOWsutra,GROWsutra","change/adaptation,science fiction,power,race,evolution",Butler wrote the FLOWsutra as speculative scripture — 'God is Change' is literally her theology. Parable of the Sower is a survival manual for the post-banana world.,All that you touch You Change. All that you Change Changes you. The only lasting truth Is Change. God Is Change.,https://en.wikipedia.org/wiki/Octavia_E._Butler,,Draft,24,M-24,
Joseph Campbell,Joseph,Campbell,He,Writer,US,Mid 20th C,1904,1987,"The Hero with a Thousand Faces, The Power of Myth",KNOWsutra,,"mythology,storytelling,hero's journey,philosophy,psychology",A map for understanding the internal journey. Inspired tracks like 'Joseph Campbell's Truth Metaphors' and 'Metaphor's Edge'.,,https://en.wikipedia.org/wiki/Joseph_Campbell,,Draft,25,M-25,Metaphors' Edge (Joseph Campbell's song)
Albert Camus,Albert,Camus,He,"Philosopher,Fool",FR,Mid 20th C,1913,1960,"The Stranger, The Plague, The Myth of Sisyphus",KNOWsutra,"BLOWsutra,SHOWsutra","philosophy,existentialism,absurdity/joy,resistance,truth-telling",,,https://en.wikipedia.org/wiki/Albert_Camus,,Draft,26,M-26,Camus Dit Oui
George Carlin,George,Carlin,He,"Comedian,Fool",US,Late 20th C,1937,2008,"7 Dirty Words, Jammin' in New York, Brain Droppings",KNOWsutra,"BLOWsutra,SHOWsutra","humor/satire,truth-telling,resistance,democracy,spirituality/agnosticism",7 Dirty Words' is a direct Bananasutra homage — banjo folk about his Supreme Court case. His line 'I would never want to belong to a group whose symbol is a guy nailed to two pieces of wood' is the spirit of 'No Holy Fool.' He made outrage funny and funny outrageous.,I would never want to be part of a group whose symbol was a guy nailed to two pieces of wood.' | 'Never underestimate the power of stupid people in large groups.' | 'The real owners are the big wealthy business interests.',https://en.wikipedia.org/wiki/George_Carlin,,Draft,27,M-27,"7 Dirty Words,F-BOMB DUB,Linguistic Weaponry,Supreme Words (Whoop Whoop),The Invisible Man In The Sky"
Lewis Carroll,Lewis,Carroll,He,Author,UK,19th C,1832,1898,Alice In Wonderland,SHOWsutra,,"fantasy,wordplay,absurdity/joy,childhood,satire",Inspired the track 'Gladys in Sonderland'.,,https://en.wikipedia.org/wiki/Lewis_Carroll,,Draft,28,M-28,"Dressed In (Nothing Butt) Wonder,Gladys in Sonderland,Wonderland of Bias"
Rachel Carson,Rachel,Carson,She,"Author,Scientist",US,Mid 20th C,1907,1964,"Silent Spring, The Sea Around Us, The Sense of Wonder",BOWsutra,"GLOWsutra,KNOWsutra,BLOWsutra","nature,ecology,wonder,activism,science",Carson invented environmental activism — Silent Spring woke the world up. BOW energy as fierce protection of beauty. BLOW as righteous defense of the living world.,Those who contemplate the beauty of the earth find reserves of strength that will endure as long as life lasts.,https://en.wikipedia.org/wiki/Rachel_Carson,,Draft,29,M-29,
Johnny Cash,Johnny,Cash,He,Musician,US,Mid 20th C,1932,2003,"Ring of Fire, Hurt, Man in Black",BLOWsutra,,"music,death/grief,redemption,authenticity,americana",Inspired the track 'Where Hope Expires'.,,https://en.wikipedia.org/wiki/Johnny_Cash,,Draft,30,M-30,"Hole Of Fire,Where Hope Expires"
Cassandra,Cassandra,Cassandra,She,"Fictional,Mythological",GR,Ancient,,,Greek mythology — Trojan prophetess,KNOWsutra,BLOWsutra,"truth-telling,authoritarianism,resistance",No quotes — she is a warning. Cassandra's Lullaby' is me. Cursed to see the truth and not be believed. She is the patron saint of everyone who saw fascism coming and was told they were overreacting. Her myth is why I keep singing even when no one listens.,,https://en.wikipedia.org/wiki/Cassandra,,Draft,31,M-31,Cassandra's Lullaby
Charlie Chaplin,Charlie,Chaplin,He,"Comedian,Fool",US,Early 20th C,1889,1977,The Great Dictator,SHOWsutra,,"humor/satire,performance,social criticism,compassion,film",Connected to 'The Great Naked King'.,,https://en.wikipedia.org/wiki/Charlie_Chaplin,,Draft,32,M-32,The Great Naked King
G.K. Chesterton,G.K.,Chesterton,He,"Author,Philosopher,Fool",GB,Early 20th C,1874,1936,"The Man Who Was Thursday, The Everlasting Man, Orthodoxy",KNOWsutra,"BLOWsutra,SHOWsutra","philosophy,humor/satire,spirituality/agnosticism,truth-telling",,,https://en.wikipedia.org/wiki/G._K._Chesterton,,Draft,33,M-33,
Pema Chödrön,Pema,Chödrön,She,"Author,Spiritual Teacher",US/CA,"Late 20th C,Contemporary",1936,,"When Things Fall Apart, The Places That Scare You, Start Where You Are",FLOWsutra,"GLOWsutra,KNOWsutra,BOWsutra","impermanence,meditation,compassion,letting go,wisdom",Chödrön is the patron saint of FLOWsutra. 'You are the sky. Everything else is weather.' That is the whole sutra in one breath.,You are the sky. Everything else is just the weather.,https://en.wikipedia.org/wiki/Pema_Ch%C3%B6dr%C3%B6n,,Draft,34,M-34,
Lucille Clifton,Lucille,Clifton,She,"Author,Poet",US,Late 20th C,1936,2010,Blessing the Boats,GLOWsutra,SHOWsutra,"poetry/language,feminism,love/kindness,race/justice","Kiss a Pulse' and 'She Wears the Words' are both built on her quote: 'Many people wish to be poets because they wish to wear the title, but one should wish to celebrate more than one wishes to be celebrated.' That's the whole GLOWsutra philosophy in one sentence.","Many people wish to be poets because they wish to wear the title, but one should wish to celebrate more than one wishes to be celebrated.' | 'won't you celebrate with me / what i have shaped into / a kind of life?'",https://en.wikipedia.org/wiki/Lucille_Clifton,,Draft,35,M-35,"Poets Hats,Wear The Words,She Wears The Words,When Did Seduction Become so Untrue?"
Kurt Cobain,Kurt,Cobain,He,Musician,US,Late 20th C,1967,1994,"Nevermind, In Utero, MTV Unplugged",FLOWsutra,GROWsutra,"music,resistance,authenticity,pain/melancholy",,,https://en.wikipedia.org/wiki/Kurt_Cobain,,Draft,36,M-36,Whispers (Lithium)
Leonard Cohen,Leonard,Cohen,He,"Musician,Songwriter",CA,Late 20th C,1934,2016,"Hallelujah, Everybody Knows, Bird on the Wire",KNOWsutra,"FLOWsutra,BOWsutra","music,love/kindness,death/grief,poetry/language,truth-telling",The OG of making philosophy sing. 'Everybody Knows' is one of my most direct covers/reinterpretations — I borrowed his title and inverted his irony into a prayer. 'Blessed Be the Dogs' Song #2 was directly inspired by his poem 'Like a Bird in the Sky.',"There is a crack in everything, that's how the light gets in.' | 'Everybody knows the fight was fixed.' | 'Ring the bells that still can ring.'",https://en.wikipedia.org/wiki/Leonard_Cohen,,Draft,37,M-37,"Everybody Knows,Everybody Knows (The Foolishness),Like A Dog In The Sky,Like A Dog In The Sky (SHOWsutra Edition)"
Confucius,,Confucius,He,Philosopher,CN,Ancient,c. 551 BC,c. 479 BC,The Analects,KNOWsutra,GROWsutra,"philosophy,ethics,wisdom,spirituality/agnosticism",,,https://en.wikipedia.org/wiki/Confucius,,Draft,38,M-38,
Sam Cooke,Sam,Cooke,He,Musician,US,Mid 20th C,1931,1964,"A Change is Gonna Come, Wonderful World, You Send Me",GLOWsutra,BLOWsutra,"music,race/justice,love/kindness,resistance",,,https://en.wikipedia.org/wiki/Sam_Cooke,,Draft,39,M-39,
E.E. Cummings,E. E.,Cummings,He,Poet,US,Early 20th C,1894,1962,"i carry your heart with me, anyone lived in a pretty how town, Tulips and Chimneys",FLOWsutra,"SHOWsutra,GLOWsutra","poetry/language,individuality,love/kindness,creativity,experimental",,,https://en.wikipedia.org/wiki/E._E._Cummings,,Draft,40,M-40,
Marie Curie,Marie,Curie,She,"Scientist,Author",PL/FR,Early 20th C,1867,1934,"Research on Radioactivity (Nobel Physics 1903, Nobel Chemistry 1911)",BOWsutra,"BLOWsutra,GROWsutra,KNOWsutra","science,courage,humility,perseverance,truth",Curie literally glowed — and she bowed to the mystery of the atom. First person to win two Nobels in two sciences. BOW energy as radical curiosity.,"Nothing in life is to be feared, it is only to be understood. Now is the time to understand more, so that we may fear less.",https://en.wikipedia.org/wiki/Marie_Curie,,Draft,41,M-41,
Jeanne D'arc,Jeanne,D'arc,She,Politician,FR,Medieval,1412,1431,The Hundred Years' War campaigns,BLOWsutra,"BOWsutra,GROWsutra","resistance,spirituality/agnosticism,courage",,,https://en.wikipedia.org/wiki/Joan_of_Arc,,Draft,42,M-42,
Honoré de Balzac,Honoré,de Balzac,He,"Author,Playwright",FR,19th C,1799,1850,,GLOWsutra,,"French literature,realism,society,ambition,human comedy,class",,,https://en.wikipedia.org/wiki/Honor%C3%A9_de_Balzac,,,43,M-43,
Guy de Maupassant,Guy,de Maupassant,He,Author,FR,19th C,1850,1893,,GLOWsutra,,"short fiction,French realism,human nature,irony,melancholy,beauty",,,https://en.wikipedia.org/wiki/Guy_de_Maupassant,,,44,M-44,Maupassant
St. Vincent De Paul,St. Vincent,de Paul,He,"Philosopher,Saint",FR,17th C,1581,1660,"Lazarist Congregation, Vincentian spirituality",GLOWsutra,BOWsutra,"spirituality/agnosticism,love/kindness,devotion,compassion",,,https://en.wikipedia.org/wiki/Vincent_de_Paul,,Draft,45,M-45,
Antoine de Saint-Exupéry,Antoine,de Saint-Exupéry,He,"Author,Philosopher",FR,"Early 20th C,Mid 20th C",1900,1944,"The Little Prince, Wind Sand and Stars, Night Flight",GROWsutra,"GLOWsutra,BLOWsutra","philosophy,poetry/language,love/kindness,spirituality/agnosticism",,,https://en.wikipedia.org/wiki/Antoine_de_Saint-Exup%C3%A9ry,,Draft,46,M-46,
Robert Desnos,Robert,Desnos,He,Poet,FR,"Early 20th C,Mid 20th C",1900,1945,"Freedom is a Dutch Child, The Poem is the Question",BLOWsutra,"FLOWsutra,GLOWsutra","poetry/language,resistance,surrealism,freedom",,,https://en.wikipedia.org/wiki/Robert_Desnos,,Draft,47,M-47,
Philip K Dick,Philip K,Dick,He,"Author,Philosopher",US,"Mid 20th C,Late 20th C",1928,1982,"Do Androids Dream of Electric Sheep, Ubik, The Man in the High Castle",KNOWsutra,"BLOWsutra,FLOWsutra","philosophy,science fiction,reality/perception,consciousness",,,https://en.wikipedia.org/wiki/Philip_K._Dick,,Draft,48,M-48,
Emily Dickinson,Emily,Dickinson,She,Poet,US,19th C,1830,1886,"The Collected Poems, Because I could not stop for Death, Hope is the thing with feathers",BOWsutra,"GLOWsutra,FLOWsutra","death/transcendence,nature,inner life,poetry,wonder",The ultimate BOW poet — she turned toward death with open eyes and found eternity in a hummingbird. Her slant of light is pure shimmer.,"Hope is the thing with feathers that perches in the soul, and sings the tune without the words, and never stops at all.",https://en.wikipedia.org/wiki/Emily_Dickinson,,Draft,49,M-49,
Walt Disney,Walt,Disney,He,"Filmmaker,Entrepreneur,Fool",US,"Early 20th C,Mid 20th C",1901,1966,"Snow White, Cinderella, Fantasia",SHOWsutra,"FLOWsutra,GROWsutra","creativity,imagination,entertainment,beauty",,,https://en.wikipedia.org/wiki/Walt_Disney,,Draft,50,M-50,"""Shame on You Boo (Don-Be-Gone Orchestra, Duck of the Jungle)"""
Lou Doillon,Lou,Doillon,She,Musician,FR,Contemporary,1982,,"Lay Back, Protection, Burn It Down",FLOWsutra,GLOWsutra,"music,creativity,love/kindness",,,https://en.wikipedia.org/wiki/Lou_Doillon,,Draft,51,M-51,
ScoobyDoo,Scooby,Doo,They,"Fictional,Fool",US,Late 20th C,1969,,Scooby-Doo Where Are You (TV series),SHOWsutra,,"humor/satire,absurdity/joy,friendship,mystery,pop culture",,,https://en.wikipedia.org/wiki/Scooby-Doo,,Draft,52,M-52,But(t) How Can You?
Fyodor Dostoyevski,Fyodor,Dostoyevski,He,"Author,Philosopher",RU,19th C,1821,1881,"Crime and Punishment, The Brothers Karamazov, Notes from Underground",KNOWsutra,"BLOWsutra,GROWsutra","philosophy,truth-telling,suffering/redemption,morality",,,https://en.wikipedia.org/wiki/Fyodor_Dostoyevsky,,Draft,53,M-53,
Dr Seuss,Seuss,Dr,He,"Author,Fool",US,"Mid 20th C,Late 20th C",1904,1991,"The Cat in the Hat, Green Eggs and Ham, The Lorax",SHOWsutra,"BLOWsutra,GROWsutra","humor/satire,imagination,resistance,ecology",,,https://en.wikipedia.org/wiki/Dr._Seuss,,Draft,54,M-54,Some Songs Are More Fun Than Others
Don Ducky,Don,Duck,He,Politician,US,Contemporary,1946,,The Art of the Deal,QUACKsutra (BLOWsutra Duck Shady),,authoritarianism,"The muse for 'Dump Trump', 'Mind the Felon', and 'The Ducktator Lament'.",,https://en.wikipedia.org/wiki/Donald_Trump,,Draft,55,M-55,"Ain't No Kid,Jingoism 101,Felon Nation,Freakshow King,""Oh, WELP… The Duck."",""Shame on You Boo (Don-Be-Gone Orchestra, Duck of the Jungle)"",Syndrome Nom Nom,Trump Derangement Syndrome ™,Tweeting from the Throne,Duck OFF my back,Ignoramus Divine,Profane Obscenities,Creepy Con Meme,Daddy's a Creep,Dump Trump,Ego Ain't Your Amigo,Hide Your Pets,""It's War, My Friend"",Mind the Felon,""Oy, We Care"",Pedo Nation (Felon Nation Redux),Project 2025 (Honky tonk dreams in the land of the free),RUN (Now If You Can),Stymy Stymy Yuck,The Ducktator (Lament),The Grazed Duck Luck,The President’s Above The Law,The Tyranny of Ignorance,The Weave,Time For Rebel Romance,Who's Your Vladdy?"
Isadora Duncan,Isadora,Duncan,She,"Dancer,Choreographer",US,Early 20th C,1877,1927,"My Life (autobiography), founder of modern dance",FLOWsutra,"SHOWsutra,GROWsutra","freedom,dance/movement,feminism,wildness,self-expression",Duncan didn't just dance — she FLOWed. She rewilded the body before it had a name. A founding FLOW goddess of the untamed feminine.,You were once wild here. Don't let them tame you.,https://en.wikipedia.org/wiki/Isadora_Duncan,,Draft,56,M-56,
Umberto Eco,Umberto,Eco,He,"Author,Poet",IT,Late 20th C,1932,2016,"The Name of the Rose, Foucault's Pendulum, Ur-Fascism (essay)",KNOWsutra,BLOWsutra,"authoritarianism,truth-telling,philosophy,humor/satire,resistance","The Ur-Fascism essay is my civic bible. I built an entire interactive quiz around scoring political actions against his 14 features of eternal fascism. He gave me the analytical framework to say: this is not new, and here is exactly what it looks like.","Ur-Fascism is still around us, sometimes in plainclothes.' | 'The fascist game can be played in many forms.' | 'Social frustration explains why fascism appeals to the losers.'",https://en.wikipedia.org/wiki/Umberto_Eco,,Draft,57,M-57,
Albert Einstein,Albert,Einstein,He,Scientist,DE,Early 20th C,1879,1955,The General Theory of Relativity,KNOWsutra,,philosophy,"The ultimate archetype for the intersection of music and logic. Inspired the track 'Genius, You See'.","If you judge a fish by climbing trees, it won't be free...'",https://en.wikipedia.org/wiki/Albert_Einstein,,Draft,58,M-58,"Genius EP,""Genius, You See"""
T.S. Eliot,T.S.,Eliot,He,"Poet,Critic",GB/US,"Early 20th C,Mid 20th C",1888,1965,"The Waste Land, The Love Song of J. Alfred Prufrock, Four Quartets",KNOWsutra,"BLOWsutra,FLOWsutra","poetry/language,modernism,spirituality/agnosticism,philosophy",,,https://en.wikipedia.org/wiki/T._S._Eliot,,Draft,59,M-59,
Paul Éluard,Paul,Éluard,He,Poet,FR,"Early 20th C,Mid 20th C",1895,1952,"Capital of Sorrow, The Immaculate Conception",FLOWsutra,"GLOWsutra,BLOWsutra","poetry/language,surrealism,love/kindness,resistance",,,https://en.wikipedia.org/wiki/Paul_%C3%89luard,,Draft,60,M-60,
Ralph Waldo Emerson,Ralph-Waldo,Emerson,He,"Philosopher,Fool",US,19th C,1803,1882,"Self-Reliance, The American Scholar",GROWsutra,KNOWsutra,"philosophy,spirituality/agnosticism,truth-telling,poetry/language",Sing Your Own Gospel' and 'The Atheist Tango' both orbit his instruction: 'Make your own Bible. Select and collect all the words and sentences that in all your readings have been to you like the blast of a trumpet.' That is literally what Bananasutra IS.,Make your own Bible. Select and collect all the words and sentences that in all your readings have been to you like the blast of a trumpet.' | 'To be yourself in a world that is constantly trying to make you something else is the greatest accomplishment.' | 'What lies behind us and what lies before us are tiny matters compared to what lies within us.',https://en.wikipedia.org/wiki/Ralph_Waldo_Emerson,,Draft,61,M-61,"Make your Own Bible,Sing Your Own Gospel,The Atheist Tango,Waldo's Atheist Tango,Waldo's Fascist Tango (Down We Go)"
Eminem Eminem,Eminem,Eminem,He,Musician,US,Contemporary,1972,,Hi My Name Is Slim Shady,SHOWsutra,,humor/absurdity,"Inspired 'Hi, My Name Is (Not Celine Dion)', dedicated to Eminem's soft silly side.",,https://en.wikipedia.org/wiki/Eminem,,Draft,62,M-62,
Lawrence Ferlinghetti,Lawrence,Ferlinghetti,He,Poet,US,Late 20th C,1919,2021,,SHOWsutra,"FLOWsutra,GLOWsutra","poetry/language,beat generation,social criticism,freedom,peace",,,https://en.wikipedia.org/wiki/Lawrence_Ferlinghetti,,Draft,63,M-63,
Pink Floyd,Pink,Floyd,They,Musician,GB,Late 20th C,1965,,"The Wall, Dark Side of the Moon, Wish You Were Here",FLOWsutra,"KNOWsutra,BOWsutra","music,psychedelic,progressive rock,existential",,,https://en.wikipedia.org/wiki/Pink_Floyd,,Draft,64,M-64,
Anatole France,Anatole,France,He,Author,FR,Early 20th C,1844,1924,L'Île des Pingouins,SHOWsutra,BLOWsutra,"humor/satire,social criticism,literature,democracy,satire",,,https://en.wikipedia.org/wiki/Anatole_France,,Draft,65,M-65,"Come Waddle With Me,Penguins In Shoes"
Victor Frankl,Victor,Frankl,He,Philosopher,AT,Mid 20th C,1905,1997,Man's Search for Meaning,GROWsutra,KNOWsutra,"meaning,philosophy,psychology,spirituality/agnosticism,hope",,,https://en.wikipedia.org/wiki/Viktor_Frankl,,Draft,66,M-66,
Aretha Franklin,Aretha,Franklin,She,Musician,US,Late 20th C,1942,2018,"Respect, Amazing Grace, I Say a Little Prayer",GROWsutra,,"music,soul,feminism,race/justice,spirituality/agnosticism",Inspired the song 'T.R.U.T.H (That's what we need)' and 'Voices of Truth'.,,https://en.wikipedia.org/wiki/Aretha_Franklin,,Draft,67,M-67,"Like A Criminal Strong Man,Blessed be Your Voice,T.R.U.T.H,V.O.I.C.E.S (Blessed Be),V.O.I.C.E.S (What You Want Baby)"
Stephen Fry,Stephen,Fry,He,"Author,Philosopher",GB,"Late 20th C,Contemporary",1957,,"The Hippopotamus, Mythos, Heroes",SHOWsutra,"KNOWsutra,GLOWsutra","humor/satire,philosophy,knowledge,literature",,,https://en.wikipedia.org/wiki/Stephen_Fry,,Draft,68,M-68,
Mahatma Gandhi,Mahatma,Gandhi,He,"Politician,Philosopher",IN,"Early 20th C,Mid 20th C",1869,1948,"Hind Swaraj, Non-violent resistance campaigns",BLOWsutra,"BOWsutra,GROWsutra","resistance,nonviolence,spirituality/agnosticism,truth-telling",,,https://en.wikipedia.org/wiki/Mahatma_Gandhi,,Draft,69,M-69,
Federico Garcia Lorca,Federico,Garcia Lorca,He,Poet,SP,Early 20th C,1898,1936,"Romancero Gitano, Blood Wedding, Yerma",GLOWsutra,,"poetry/language,love/kindness,flamenco,Spanish identity,death/grief","Inspired the track 'Poem (I wanted to be, basically)'.",,https://en.wikipedia.org/wiki/Federico_Garc%C3%ADa_Lorca,,Draft,70,M-70,"""Poem (I wanted to be, basically)"",The Poem"
Allen Ginsberg,Allen,Ginsberg,He,"Poet,Fool",US,Mid 20th C,1926,1997,"Howl, Kaddish, Meditation on Moloch",BLOWsutra,,"poetry/language,resistance,spirituality/agnosticism,beat generation,social criticism",His angelic words anchor my FOTUS Circus tracks like 'Psychedelic Hollow Horror Show'.,"America, when will you be angelic? When will you take off your clothes?'
For Ginsberg, Moloch is associated with war, government, capitalism, and mainstream culture, all of which might be summed up by one of the poem's most important concepts: the ""machine"" or ""machinery."" Moloch is an inhuman monster that kills youth and love.",https://en.wikipedia.org/wiki/Allen_Ginsberg,,Draft,71,M-71,"""FOTUS Circus: Come On In, You Wretched Fools"",""FOTUS Circus: Step Inside, Don’t Mind The Crime"",""FOTUS Circus: Step right up, My Dearest Souls"",""FOTUS Circus: Welcome, You Fools"",Carnival FOTUS (ctd),FOTUS Circus: Angels Eyes,FOTUS Circus: Ginsberg Hollow (Horror) Show"
Jane Goodall,Jane,Goodall,She,"Scientist,Activist,Author",GB,"Late 20th C,Contemporary",1934,2025,"In the Shadow of Man, Reason for Hope, My Life with the Chimpanzees",BOWsutra,"BLOWsutra,GROWsutra","nature,conservation,compassion,humility,science",Goodall sat very still and very long and the chimpanzees came to her. That is a BOW practice. Her life is a masterclass in showing up with humble presence.,"What you do makes a difference, and you have to decide what kind of difference you want to make.",https://en.wikipedia.org/wiki/Jane_Goodall,,Draft,72,M-72,
Amanda Gorman,Amanda,Gorman,She,"Poet,Author",US,Contemporary,2000,,"The Hill We Climb, Call Us What We Carry",GROWsutra,GLOWsutra,"poetry/language,hope,activism,youth",,,https://en.wikipedia.org/wiki/Amanda_Gorman,,Draft,73,M-73,
Hafiz,,Hafiz,He,"Poet,Mystic",IR,Medieval,c. 1325,c. 1390,"The Divan of Hafiz, Gazals",GLOWsutra,"BOWsutra,KNOWsutra","poetry/language,spirituality/agnosticism,love/kindness,mysticism",,,https://en.wikipedia.org/wiki/Hafez,,Draft,74,M-74,
Nina Hagen,Nina,Hagen,She,Musician,DE,Late 20th C,1955,,"Unbehagen, Nina Hagen Band (album)",GROWsutra,BLOWsutra,"music,punk,performance,spirituality/agnosticism,resistance",Inspired 'Seminal Bollocks' (from Personal Jesus) and the 'Dump Trump' (Smack Jack) track.,,https://en.wikipedia.org/wiki/Nina_Hagen,,Draft,75,M-75,"Dump Trump,Seminal Bollocks"
Thich Nhat Hanh,Thich Nhat,Hanh,He,"Philosopher,Buddhist Monk",VN,"Late 20th C,Contemporary",1926,2022,"The Miracle of Mindfulness, Being Peace",GLOWsutra,"KNOWsutra,BOWsutra","spirituality/agnosticism,mindfulness,peace,compassion",,,https://en.wikipedia.org/wiki/Th%C3%ADch_Nh%E1%BA%A5t_H%E1%BA%A1nh,,Draft,76,M-76,
Joy Harjo,Joy,Harjo,She,"Poet,Musician",US,"Late 20th C,Contemporary",1951,,"An American Sunrise, Crazy Brave, Conflict Resolution for Holy Beings",GLOWsutra,"GROWsutra,FLOWsutra,BOWsutra","indigenous wisdom,nature,poetry,gratitude,earth/spirit",Harjo is the Poet Laureate of Earth herself. Her GLOW comes from deep-rooted indigenous gratitude — she sings the land back into remembering.,Remember the earth whose skin you are... Remember to dance.,https://en.wikipedia.org/wiki/Joy_Harjo,,Draft,77,M-77,
Kamama Harris,Kamama,Harris,She,Politician,US,Contemporary,1964,,,BLOWsutra,GROWsutra,"satire,politics,contemporary",,,https://en.wikipedia.org/wiki/Kamala_Harris,,Draft,78,M-78,"Kamala's Roots of Resilience,Kamala Has A Dream,Win-Win In Unity"
Stephen Hawking,Stephen,Hawking,He,Scientist,GB,"Late 20th C,Contemporary",1942,2018,"A Brief History of Time, The Universe in a Nutshell",KNOWsutra,GROWsutra,"science,philosophy,knowledge,cosmology",,,https://en.wikipedia.org/wiki/Stephen_Hawking,,Draft,79,M-79,
Ernest Miller Hemingway,Ernest,Hemingway,He,Author,US,Mid 20th C,1899,1961,"The Old Man and the Sea, A Farewell to Arms, The Sun Also Rises",KNOWsutra,BLOWsutra,"authenticity,war/peace,literature,truth-telling,masculinity",,"If voting mattered, they wouldn't let us do it'",https://en.wikipedia.org/wiki/Ernest_Hemingway,,Draft,80,M-80,
Jimi Hendrix,Jimi,Hendrix,He,Musician,US,Late 20th C,1942,1970,"Are You Experienced, Electric Ladyland, Axis: Bold as Love",FLOWsutra,"GROWsutra,BLOWsutra,SHOWsutra","guitar/music,psychedelia,freedom,innovation,soul",Hendrix played guitar like FLOWsutra made sound. Every note was surrender to the river. Electric Ladyland is a sutra in six strings.,,https://en.wikipedia.org/wiki/Jimi_Hendrix,,Draft,81,M-81,
Herman Hesse,Herman,Hesse,He,"Author,Fool",DE/CH,Early 20th C,1877,1962,"Siddhartha, Steppenwolf, The Glass Bead Game",GROWsutra,,"philosophy,spirituality/agnosticism,personal growth,love/kindness",Inspired the track 'Tune In The Tender'.,,https://en.wikipedia.org/wiki/Hermann_Hesse,,Draft,82,M-82,"Love from the Future (The Hesse Song),Tune In The Tender"
Henry Scott Holland,Henry-Scott,Holland,He,Philosopher,GB,19th C,1847,1918,Death is Nothing at All (sermon),BOWsutra,GLOWsutra,"death/grief,spirituality/agnosticism,love/kindness","Blessed Be the Dogs' Songs 1 and 3 are built entirely on his 'Death is Nothing at All' sermon. I feel strongly that if dogs could talk, this is exactly what they would say to us about dying. He taught me that grief and gratitude can be the same feeling.","Death is nothing at all. It does not count. I have only slipped away into the next room.' | 'Whatever we were to each other, that we are still.' | 'I am but waiting for you, for an interval, somewhere very near, just round the corner.'",https://en.wikipedia.org/wiki/Henry_Scott_Holland,,Draft,83,M-83,Easy (Death Is Nothing At All)
bell hooks,bell,hooks,She,"Author,Feminist Theorist",US,"Late 20th C,Contemporary",1952,2021,"Ain't I a Woman, All About Love, Feminism Is for Everybody",FLOWsutra,"GLOWsutra,GROWsutra,BLOWsutra","feminism,love/kindness,social justice,race,education","hooks wrote love as a radical political act. Her vision flows from deep courage — GLOW lit from within, GROW fueled by love, BLOW as clear-eyed witness.",To be truly visionary we have to root our imagination in our concrete reality while simultaneously imagining possibilities beyond that reality.,https://en.wikipedia.org/wiki/Bell_hooks,,Draft,84,M-84,
Grace Hopper,Grace,Hopper,She,Scientist,US,Mid 20th C,1906,1992,"COBOL (co-developer), A-0 Compiler",GROWsutra,,"science,computing,pioneering,feminism,knowledge",Inspired 'Zero Sum (Zero Sean)'. Her first bug was found not in code but in character (NO EMPATHY).,,https://en.wikipedia.org/wiki/Grace_Hopper,,Draft,85,M-85,
Victor Hugo,Victor,Hugo,He,"Author,Poet",FR,19th C,1802,1885,"Les Misérables, Notre-Dame de Paris, Liberté (poem)",BLOWsutra,GROWsutra,"resistance,democracy,poetry/language,authoritarianism",Liberty' is a direct musical translation of his 1821 revolutionary poem — I channeled Bob Marley for the melody. Hugo is the French DNA of Bananasutra: beauty and fury in the same breath.,"And, standing proud, my soul shall tell the tyrants of the earth — farewell!' | 'Even the darkest night will end and the sun will rise.' | 'To love beauty is to see light.'",https://en.wikipedia.org/wiki/Victor_Hugo,,Draft,86,M-86,"Liberty,""Rise Up, You Naked Peoples (Freedom Rings)"""
Zora Neale Hurston,Zora Neale,Hurston,She,"Author,Anthropologist",US,"Early 20th C,Mid 20th C",1891,1960,"Their Eyes Were Watching God, Dust Tracks on a Road, Mules and Men",GLOWsutra,"BOWsutra,KNOWsutra,FLOWsutra","identity,race,culture,wonder,writing/language","Hurston was a one-woman GLOW department — anthropologist, novelist, folklorist, life-of-the-party. She studied her own people as sacred material. Wildly underrated for decades.",There are years that ask questions and years that answer.,https://en.wikipedia.org/wiki/Zora_Neale_Hurston,,Draft,87,M-87,
Aldous Huxley,Aldous,Huxley,He,"Author,Fool",UK,Mid 20th C,1894,1963,"Brave New World, The Doors of Perception, Point Counter Point",KNOWsutra,,"dystopia,consciousness,philosophy,satire,science fiction",Inspired 'The Dystopian Quiz Song'.,,https://en.wikipedia.org/wiki/Aldous_Huxley,,Draft,88,M-88,The Dystopian Quiz Song
Eugene Ionesco,Eugene,Ionesco,He,Author,FR,Mid 20th C,1909,1994,Rhinoceros,BLOWsutra,,"theater,absurdity/joy,satire,conformity,surrealism",Inspired the track 'Rhinoceross' and surreal real poetry.,,https://en.wikipedia.org/wiki/Eug%C3%A8ne_Ionesco,,Draft,89,M-89,Rhinoceross
Jean Jacques Rousseau,Rousseau,Jean Jacques,He,Philosopher,FR,18th C,1712,1778,"The Social Contract, Discourse on Inequality, Emile",KNOWsutra,"BLOWsutra,GROWsutra","philosophy,democracy,nature,education,social contract",,,https://en.wikipedia.org/wiki/Jean-Jacques_Rousseau,,Draft,90,M-90,
Jesus Jesus,Jesus,Jesus,He,"Philosopher,Mystic",IL,Ancient,c. 4 BC,c. 30 AD,"Sermon on the Mount, Parables (as recorded in the Gospels)",GROWsutra,,"love/kindness,spirituality/agnosticism,resistance,forgiveness,philosophy",,,https://en.wikipedia.org/wiki/Jesus,,Draft,91,M-91,"El Papito (Es No MAGA Show),Ordo Amoris in Decay (All I Want Is To Believe),""Pro-life Means What, Honey?"",Queer Almighty,Untamed,""Why trust an old, mean religion?"""
Alejandro Jodorowsky,Alejandro,Jodorowsky,He,"Filmmaker,Author,Philosopher",CL/FR,Contemporary,1929,,"El Topo, The Holy Mountain, Psychomagic: A Healing Art",SHOWsutra,"KNOWsutra,FLOWsutra","surrealism,spirituality/agnosticism,creativity,healing,cinema",,,https://en.wikipedia.org/wiki/Alejandro_Jodorowsky,,Draft,92,M-92,
Samuel Johnson,Samuel,Johnson,He,"Author,Critic",GB,18th C,1709,1784,"Dictionary of the English Language, The Lives of the Poets, The Rambler",KNOWsutra,SHOWsutra,"literature,language,wit,criticism,truth-telling",,,https://en.wikipedia.org/wiki/Samuel_Johnson,,Draft,93,M-93,
Jon Kabat-Zinn,Jon,Kabat-Zinn,He,"Scientist,Philosopher",US,Contemporary,1944,,"Full Catastrophe Living, Wherever You Go There You Are, Arriving at Your Own Door",KNOWsutra,FLOWsutra,"mindfulness,meditation,healing,philosophy,presence",,,https://en.wikipedia.org/wiki/Jon_Kabat-Zinn,,Draft,94,M-94,
Frida Kahlo,Frida,Kahlo,She,"Painter,Artist",MX,Mid 20th C,1907,1954,"The Two Fridas, Self-Portrait with Thorn Necklace, The Broken Column",GLOWsutra,"BOWsutra,SHOWsutra,GROWsutra","identity,suffering/resilience,beauty,feminism,art",Kahlo turned her pain into paint and her pain into GLOW. She showed that suffering can be a canvas — and that the body is not a cage but a cathedral.,"Feet, what do I need you for when I have wings to fly?",https://en.wikipedia.org/wiki/Frida_Kahlo,,Draft,95,M-95,
Helen Keller,Helen,Keller,She,"Author,Activist",US,"Early 20th C,Mid 20th C",1880,1968,"The Story of My Life, The World I Live In, Optimism",GLOWsutra,"KNOWsutra,BOWsutra,GROWsutra","courage,wonder,perception,disability,optimism",Keller proved that wonder requires no eyes. Her GLOW was not despite her limits — it was made of them. She redefines what it means to see.,The best and most beautiful things in the world cannot be seen or even touched - they must be felt with the heart.,https://en.wikipedia.org/wiki/Helen_Keller,,Draft,96,M-96,
Robin Wall Kimmerer,Robin Wall,Kimmerer,She,"Author,Scientist,Botanist",US,Contemporary,1953,,"Braiding Sweetgrass, Gathering Moss",GLOWsutra,"FLOWsutra,GROWsutra,BOWsutra","indigenous wisdom,nature,gratitude,ecology,wonder",Kimmerer teaches that plants have agency and gratitude is a grammar. Her science is GLOW. Her Potawatomi roots are pure BOW. Braiding Sweetgrass is a sacred text for the app.,"Even a wounded world holds us, giving us moments of wonder and joy. I choose joy over despair.",https://en.wikipedia.org/wiki/Robin_Wall_Kimmerer,,Draft,97,M-97,
Stephen King,Stephen,King,He,Author,US,Late 20th C,1947,,"The Shining, It, Carrie, The Stand",BLOWsutra,,"storytelling,horror,social criticism,fear,creativity",,,https://en.wikipedia.org/wiki/Stephen_King,,Draft,98,M-98,Shining Twins
Eartha Kitt,Eartha,Kitt,She,Musician,US,"Mid 20th C,Late 20th C",1927,2008,"Santa Baby, Thursday Afternoon, activism/performances",BLOWsutra,"SHOWsutra,GLOWsutra","music,sexuality/liberation,resistance,performance",,,https://en.wikipedia.org/wiki/Eartha_Kitt,,Draft,99,M-99,
Dalai Lama,Dalai,Lama,He,"Philosopher,Buddhist Leader,Saint",TN,Contemporary,1935,,"Nobel Peace Prize lectures, writings on compassion",GLOWsutra,"BOWsutra,KNOWsutra","spirituality/agnosticism,compassion,peace,wisdom",,,https://en.wikipedia.org/wiki/Dalai_Lama,,Draft,100,M-100,
Rachel Lark,Rachel,Lark,She,Musician,US,Contemporary,,,Underground comedy/music performances,SHOWsutra,,"humor/satire,performance,underground",,,https://en.wikipedia.org/wiki/Rachel_Lark,,Draft,101,M-101,Rachel Barks
Cindi Lauper,Cindi,Lauper,She,Musician,US,"Late 20th C,Contemporary",1953,,"She Just Wants to Have Fun, True Colors, A Night to Remember",BLOWsutra,GROWsutra,"music,feminism,LGBTQ+,individuality",,,https://en.wikipedia.org/wiki/Cyndi_Lauper,,Draft,102,M-102,Kids Just Want To Have Hope
Ursula K. Le Guin,Ursula K.,Le Guin,She,Author,US,Late 20th C,1929,2018,"The Left Hand of Darkness, The Dispossessed, Earthsea series, The Word for World is Forest",FLOWsutra,"BOWsutra,BLOWsutra,GROWsutra","science fiction,freedom,feminism,utopia/dystopia,philosophy","Le Guin wrote whole worlds that run on FLOWsutra logic — anarchist utopias, gender-fluid societies, empathic politics. The Dispossessed is a bananasutra songbook in novel form.","The only thing that makes life possible is permanent, intolerable uncertainty: not knowing what comes next.",https://en.wikipedia.org/wiki/Ursula_K._Le_Guin,,Draft,103,M-103,
Manu LeCon,Manu,LeCon,He,Politician,FR,Contemporary,1977,,,BLOWsutra,,"satire,politics,contemporary",,,https://en.wikipedia.org/wiki/Emmanuel_Macron,,Draft,104,M-104,"Le Système,""Le Système, ça voulait dire"",Le Bal Des Salauds,Le P'tit Jupiter"
Peggy Lee,Peggy,Lee,He,Musician,US,Mid 20th C,1920,2002,"Fever, Is That All There Is, Why Don't You Do Right",BLOWsutra,"SHOWsutra,GLOWsutra","music,jazz,femme fatale,independence",,,https://en.wikipedia.org/wiki/Peggy_Lee,,Draft,105,M-105,Ain't Doing Bad Doing Nothing
Bruce Lee,Bruce,Lee,He,"Martial Artist,Philosopher",US/HK,Mid 20th C,1940,1973,"Enter the Dragon, Tao of Jeet Kune Do",KNOWsutra,"SHOWsutra,FLOWsutra","philosophy,flow,martial arts,creativity,wisdom","Anchoring my FLOWsutra songs about being adaptive and fluid, like the track 'Flow like Water, My Friend'.",,https://en.wikipedia.org/wiki/Bruce_Lee,,Draft,106,M-106,"Feel The Sway,Flow Like Water (My Friend),Fluye (como el mar)"
John Lennon,John,Lennon,He,Musician,GB,"Mid 20th C,Late 20th C",1940,1980,"The Beatles work, Imagine, Double Fantasy",BLOWsutra,"GLOWsutra,GROWsutra","music,peace,resistance,love/kindness",,,https://en.wikipedia.org/wiki/John_Lennon,,Draft,107,M-107,"Criminals (Bertrand Edition),Criminels,Criminals,""Hey, Creeps"",""Hey, You (Creepers)"""
Ada Limón,Ada,Limón,She,Poet,US,Contemporary,1976,,"The Carrying, Bright Dead Things, The Hurting Kind",GLOWsutra,"BOWsutra,FLOWsutra","poetry,gratitude,nature,wonder,belonging","26th US Poet Laureate (2022–2024). Limón's poetry radiates GLOW energy — a deep, embodied gratitude for the living world, grief included.",And the world says: You are here. You are here. You are here.,https://en.wikipedia.org/wiki/Ada_Lim%C3%B3n,,Draft,108,M-108,
Audre Lorde,Audre,Lorde,She,"Author,Poet",US,Late 20th C,1934,1992,"Sister Outsider, The Cancer Journals, Uses of the Erotic",BLOWsutra,"GLOWsutra,GROWsutra","feminism,race/justice,poetry/language,activism",,,https://en.wikipedia.org/wiki/Audre_Lorde,,Draft,109,M-109,
Ada Lovelace,Ada,Lovelace,She,"Scientist,Philosopher",GB,19th C,1815,1852,"Notes on the Analytical Engine, computing theory",KNOWsutra,GROWsutra,"science,mathematics,feminism,knowledge",,,https://en.wikipedia.org/wiki/Ada_Lovelace,,Draft,110,M-110,
Wangari Maathai,Wangari,Maathai,She,"Activist,Author,Scientist",KE,"Late 20th C,Contemporary",1940,2011,"Unbowed, The Challenge for Africa, Green Belt Movement (founded)",BOWsutra,"GLOWsutra,GROWsutra,BLOWsutra","activism,nature,justice,humility,community",Maathai planted 47 million trees. That is a BOW practice at scale. Nobel Peace Prize for connecting ecology and democracy — she knew the land and the law were one sentence.,It's the little things citizens do. That's what will make the difference. My little thing is planting trees.,https://en.wikipedia.org/wiki/Wangari_Maathai,,Draft,111,M-111,
Antonio Machado,Antonio,Machado,He,"Poet,Philosopher",SP,Early 20th C,1875,1939,"Campos de Castilla, Juan de Mairena",KNOWsutra,"GLOWsutra,BLOWsutra","poetry/language,philosophy,love/kindness,spirituality/agnosticism",,,https://en.wikipedia.org/wiki/Antonio_Machado,,Draft,112,M-112,
René Magritte,René,Magritte,He,"Artist,Painter",FR,"Early 20th C,Mid 20th C",1898,1967,,SHOWsutra,FLOWsutra,surrealism,,,https://en.wikipedia.org/wiki/Ren%C3%A9_Magritte,,Draft,113,M-113,
René Magritte,René,Magritte,He,"Painter,Poet",BE,"Early 20th C,Mid 20th C",1898,1967,"The Son of Man, The Persistence of Memory, The False Mirror",FLOWsutra,"KNOWsutra,BLOWsutra","surrealism,creativity,philosophy,visual art",,,https://en.wikipedia.org/wiki/Ren%C3%A9_Magritte,,Draft,114,M-114,This Is Not A Banana
Nelson Mandela,Nelson,Mandela,He,"Politician,Philosopher",ZA,"Late 20th C,Contemporary",1918,2013,"Long Walk to Freedom, speeches on reconciliation",BLOWsutra,"GROWsutra,BOWsutra","race/justice,resistance,forgiveness,spirituality/agnosticism",,,https://en.wikipedia.org/wiki/Nelson_Mandela,,Draft,115,M-115,
Mariama Mariama,Mariama,Mariama,She,Musician,GN/FR,Contemporary,1984,,"Afropop, world music albums",BLOWsutra,,"music,world music,Afropop,cultural expression",,,https://en.wikipedia.org/wiki/Mariama,,Draft,116,M-116,Sous Terre (Underground)
Groucho Marx,Groucho,Marx,He,"Comedian,Fool",US,Early 20th C,1890,1977,"Duck Soup, A Night at the Opera, You Bet Your Life",BLOWsutra,SHOWsutra,"humor/satire,absurdity/joy,resistance,wit,performance",,,https://en.wikipedia.org/wiki/Groucho_Marx,,Draft,117,M-117,Blessed Are The Cracked
Terrence McKenna,Terrence,McKenna,He,Philosopher,US,Late 20th C,1946,2000,"Food of the Gods, The Archaic Revival, True Hallucinations",KNOWsutra,BLOWsutra,"philosophy,consciousness,psychedelics,resistance,creativity",Inspired 'Media Freakshow' and 'Waddling Egos Parade'.,"Not to know one's true identity is to be a mad, disensouled thing — a golem.'",https://en.wikipedia.org/wiki/Terence_McKenna,,Draft,118,M-118,"""Too Hard, My Friend"",Mass Media Freakshow"
Herman Melville,Herman,Melville,He,"Author,Poet",US,19th C,1819,1891,"Moby Dick, Billy Budd, Bartleby the Scrivener",KNOWsutra,"BLOWsutra,BOWsutra","philosophy,literature,truth-telling,resistance",,,https://en.wikipedia.org/wiki/Herman_Melville,,Draft,119,M-119,
Molière,,Molière,He,"Author,Fool",FR,17th C,1622,1673,"Tartuffe, Le Misanthrope, The Imaginary Invalid",SHOWsutra,"BLOWsutra,KNOWsutra","humor/satire,theater,social criticism,absurdity/joy",,,https://en.wikipedia.org/wiki/Moli%C3%A8re,,Draft,120,M-120,
Marilyn Monroe,Marilyn,Monroe,She,"Comedian,Actress,Fool",US,Mid 20th C,1926,1962,"Gentlemen Prefer Blondes, Some Like It Hot, The Misfits",SHOWsutra,GLOWsutra,"humor/satire,performance,feminism,tragedy",,,https://en.wikipedia.org/wiki/Marilyn_Monroe,,Draft,121,M-121,
Morissey Morissey,Morissey,Morissey,He,Musician,GB,Contemporary,1959,,"The Smiths, Vauxhall and I, Your Arsenal",BLOWsutra,SHOWsutra,"music,melancholy,wit,social commentary,outsider",,,https://en.wikipedia.org/wiki/Morrissey,,Draft,122,M-122,Some Truths Are Harder to Swallow
Jim Morrison,Jim,Morrison,He,Musician,US,Mid 20th C,1943,1971,"Light My Fire, Riders on the Storm (The Doors)",SHOWsutra,,"music,poetry/language,mysticism,performance,rebellion",Inspired the track 'Shades of Fools (All I Know)'.,,https://en.wikipedia.org/wiki/Jim_Morrison,,Draft,123,M-123,"Please Pardon My French,Be The Fool (Perfection Is A Lie),Bee the Fool (Not A Lie)"
Friedrich Nietzsche,Friedrich,Nietzsche,He,Philosopher,DE,19th C,1844,1900,"Thus Spoke Zarathustra, Beyond Good and Evil, The Birth of Tragedy, The Gay Science",KNOWsutra,,"philosophy,truth-telling,creativity,resistance,existentialism",Inspired the 'Nietzsche's Gift (Muddy Waters)' song cycles.,They muddy the water to make it look deep.',https://en.wikipedia.org/wiki/Friedrich_Nietzsche,,Draft,124,M-124,Nietzsche's Gift (Muddy Waters)
Anaïs Nin,Anaïs,Nin,She,Author,FR/US,Mid 20th C,1903,1977,"The Diary of Anaïs Nin, Delta of Venus, House of Incest",FLOWsutra,"KNOWsutra,GLOWsutra","self-discovery,desire,identity,diary/writing,personal growth",Nin is the philosopher of becoming — she lived the FLOWsutra creed before it had a name. Her diaries are a masterclass in trusting the river.,"Life is a process of becoming, a combination of states we have to go through.",https://en.wikipedia.org/wiki/Ana%C3%AFs_Nin,,Draft,125,M-125,
Naomi Shihab Nye,Naomi Shihab,Nye,She,Poet,US,Contemporary,1952,,"19 Varieties of Gazelle, Fuel, You and Yours",GROWsutra,GLOWsutra,"poetry/language,kindness,peace,multicultural,love/kindness",,,https://en.wikipedia.org/wiki/Naomi_Shihab_Nye,,Draft,126,M-126,"Kindness,Kindness,Kindness ABC"
Barack Obama,Barack,Obama,He,Politician,US,Contemporary,1961,,"Dreams from My Father, The Audacity of Hope",BLOWsutra,,"hope,democracy,race/justice,politics,change",,,https://en.wikipedia.org/wiki/Barack_Obama,,Draft,127,M-127,Presidential Joke of The Year
Mary Oliver,Mary,Oliver,She,"Author,Poet",US,Contemporary,1935,2019,"Wild Geese, Upstream, Why I Wake Early",GLOWsutra,"FLOWsutra,BOWsutra","ecology,love/kindness,spirituality/agnosticism,poetry/language",My awe teacher. She makes the case for paying attention as a spiritual practice — for noticing the small sacred things — and that's the whole point of GLOWsutra. 'Why not let the soft animal of your body love what it loves?' is basically the BOWsutra mission statement.,"Tell me, what is it you plan to do with your one wild and precious life?' | 'You do not have to be good.' | 'Why not let the soft animal of your body love what it loves?'",https://en.wikipedia.org/wiki/Mary_Oliver,,Draft,128,M-128,"Awe Is Like...,Awe Is Mighty"
George Orwell,George,Orwell,He,"Author,Poet",GB,Mid 20th C,1903,1950,"1984, Animal Farm, Homage to Catalonia",KNOWsutra,BLOWsutra,"authoritarianism,truth-telling,resistance,democracy,philosophy","The original 'this is what fascism looks like' alarm bell. 1984 is the architecture of everything I fear. When I wrote 'Time for Rebel Romance' about the anti-Christian surveillance task force, I was living in the Ministry of Religious Freedom à la Orwell.","In a time of deceit, telling the truth is a revolutionary act.' | 'Big Brother is watching you.' | 'Who controls the past controls the future.'",https://en.wikipedia.org/wiki/George_Orwell,,Draft,129,M-129,The Dystopian Quiz Song
Thomas Paine,Thomas,Paine,He,Philosopher,UK,18th C,1737,1809,"Common Sense, Rights of Man, The Age of Reason",BLOWsutra,,"democracy,revolution,philosophy,resistance,freedom","Inspired the track 'Thank you, Mister Paine' (American Accountability Revolution Blues).",,https://en.wikipedia.org/wiki/Thomas_Paine,,Draft,130,M-130,"""Thank you, Mister Paine"""
Blaise Pascal,Blaise,Pascal,He,Philosopher,FR,17th C,1623,1662,"Pensées, Pascal's Wager, Lettres provinciales",KNOWsutra,,"philosophy,theology,mathematics,truth-telling,existentialism",Inspired 'Blaise's Tale' – a cautionary tale about means and ends.,La fin ne justifie pas les moyens.',https://en.wikipedia.org/wiki/Blaise_Pascal,,Draft,131,M-131,Blaise's Tale
Pablo Picasso,Pablo,Picasso,He,Painter,SP/FR,Early 20th C,1881,1973,"Guernica, Les Demoiselles d'Avignon, The Weeping Woman",BLOWsutra,,"creativity,art,resistance,war/peace,innovation",,,https://en.wikipedia.org/wiki/Pablo_Picasso,,Draft,132,M-132,Pablo's Grandeur
Sex Pistols,Sex,Pistols,He,Musician,GB,Late 20th C,1975,1978,"Never Mind the Bollocks, God Save the Queen",BLOWsutra,SHOWsutra,"punk,resistance,anti-establishment,music",,,https://en.wikipedia.org/wiki/Sex_Pistols,,Draft,133,M-133,
Plato,,Plato,He,Philosopher,GR,Ancient,c. 428 BC,c. 348 BC,"The Republic, The Symposium, The Apology, Phaedo",KNOWsutra,"BLOWsutra,GROWsutra","philosophy,truth-seeking,justice,knowledge",,,https://en.wikipedia.org/wiki/Plato,,Draft,134,M-134,
Cole Porter,Cole,Porter,He,Musician,US,"Early 20th C,Mid 20th C",1891,1964,"Night and Day, Kiss Me Kate, Anything Goes",SHOWsutra,,"music,theater,romance,elegance",,,https://en.wikipedia.org/wiki/Cole_Porter,,Draft,135,M-135,"An American in Paris (Public Domain),Let's Do It"
Portishead Portishead,Portishead,Portishead,They,Musician,GB,Late 20th C,1991,,,FLOWsutra,BOWsutra,"music,trip-hop,melancholy,atmosphere,electronics",,,https://en.wikipedia.org/wiki/Portishead_(band),,Draft,136,M-136,
Cat Power,Cat,Power,She,Musician,US,"Late 20th C,Contemporary",1966,,"Moon, The Greatest, Covers Record",BOWsutra,"FLOWsutra,GLOWsutra","music,emotionality,creativity,covers",,,https://en.wikipedia.org/wiki/Cat_Power,,Draft,137,M-137,
Vladimir Putin,Vladimir,Putin,He,Politician,RU,Contemporary,1952,,"Presidential speeches, invasion orders",BLOWsutra,,"authoritarianism,power,politics,war/peace,resistance",,,https://en.wikipedia.org/wiki/Vladimir_Putin,,Draft,138,M-138,
Adrienne Rich,Adrienne,Rich,She,Poet,US,Late 20th C,1929,2012,"The Dream of a Common Language, Diving into the Wreck",BLOWsutra,"GLOWsutra,GROWsutra","feminism,poetry/language,resistance,love/kindness",,,https://en.wikipedia.org/wiki/Adrienne_Rich,,Draft,139,M-139,
Arthur Rimbaud,Arthur,Rimbaud,He,Poet,FR,19th C,1854,1891,"A Season in Hell, The Drunken Boat, Illuminations",FLOWsutra,"BLOWsutra,KNOWsutra","poetry/language,rebellion,surrealism,mysticism",,,https://en.wikipedia.org/wiki/Arthur_Rimbaud,,Draft,140,M-140,
Carl Rogers,Carl,Rogers,He,"Psychologist,Philosopher",US,Mid 20th C,1902,1987,"On Becoming a Person, Client-Centered Therapy",GROWsutra,"KNOWsutra,GLOWsutra","psychology,personal growth,empathy,philosophy",,,https://en.wikipedia.org/wiki/Carl_Rogers,,Draft,141,M-141,
Don Miguel Ruiz,Don Miguel,Ruiz,He,Author,MX,Contemporary,1952,,"The Four Agreements, The Voice of Knowledge",KNOWsutra,,"spirituality/agnosticism,wisdom,personal growth,philosophy",,,https://en.wikipedia.org/wiki/Don_Miguel_Ruiz,,Draft,142,M-142,Our Best (The Four Commandments)
Rumi,,Rumi,He,Poet,IR/TR,Medieval,1207,1273,"The Masnavi, The Divan of Shams of Tabriz",GLOWsutra,"BOWsutra,KNOWsutra","poetry/language,spirituality/agnosticism,love/kindness,mysticism",,,https://en.wikipedia.org/wiki/Rumi,,Draft,143,M-143,
Bertrand Russell,Bertrand,Russell,He,Philosopher,GB,Early 20th C,1872,1970,"The Conquest of Happiness, Marriage and Morals, A History of Western Philosophy",KNOWsutra,GROWsutra,"philosophy,truth-telling,love/kindness,spirituality/agnosticism,humor/satire","My wise dead daddy. He gave me the two simplest and most radical instructions: get the facts right, keep love in sight. 'Two Things, Darling' is basically a love letter to him. His Marriage and Morals essay inspired the Ethical Paradox song cycle.","The whole problem with the world is that fools and fanatics are always so certain of themselves, and wiser people so full of doubts.' | 'Love is wise, hatred is foolish.' | 'I should like to say two things: When studying any matter, ask only what are the facts. And: love is wise, hatred is foolish.'",https://en.wikipedia.org/wiki/Bertrand_Russell,,Draft,144,M-144,"Criminals (Bertrand Edition),Truth I Never Knew (Crushing on Bertrand),I Ain't No Christian (Like Bertrand),It's An Ethical Paradox,No Holy Fool,Question Di Kingdom,Reason Over Reverence,The (Womp Womp) Conquestor,The Conquest of Happiness,""Two Things, Darling"""
Carl Sagan,Carl,Sagan,He,"Scientist,Philosopher",US,Late 20th C,1934,1996,"Cosmos: A Personal Voyage, Pale Blue Dot, Contact",KNOWsutra,GROWsutra,"science,truth-telling,cosmology,wonder,philosophy",Inspired 'Bamboozled' / 'L'Embobinage' and 'Some Truths Are Harder to Swallow'.,"Une des leçons les plus tristes de l'histoire est celle-ci: si nous avons été embobinés assez longtemps, nous avons tendance à rejeter toute preuve de l'embobinage.'",https://en.wikipedia.org/wiki/Carl_Sagan,,Draft,145,M-145,"Some Truths Are Harder to Swallow,L’Embobinage,""We’re Tiny Specks, Right?"""
Bernie Sanders,Bernie,Sanders,He,"Politician,Philosopher",US,Contemporary,1941,,"Speeches on democratic socialism, political activism",BLOWsutra,GROWsutra,"resistance,democracy,justice,social justice",,,https://en.wikipedia.org/wiki/Bernie_Sanders,,Draft,146,M-146,
Jean-Paul Sartre,Jean-Paul,Sartre,He,Philosopher,FR,Mid 20th C,1905,1980,"Being and Nothingness, Existentialism is a Humanism, No Exit",BLOWsutra,"SHOWsutra,GLOWsutra","philosophy,freedom,existentialism,resistance",,,https://en.wikipedia.org/wiki/Jean-Paul_Sartre,,Draft,147,M-147,
William Shakespeare,William,Shakespeare,He,Author,GB,"16th C,17th C",1564,1616,"Hamlet, Macbeth, A Midsummer Night's Dream, The Tempest",KNOWsutra,"GLOWsutra,FLOWsutra","poetry/language,drama,love/kindness,human nature",,,https://en.wikipedia.org/wiki/William_Shakespeare,,Draft,148,M-148,
George Bernard Shaw,George Bernard,Shaw,He,"Author,Playwright,Critic",GB,Early 20th C,1856,1950,"Pygmalion, Saint Joan, Heartbreak House",BLOWsutra,"SHOWsutra,KNOWsutra","social criticism,theater,humor/satire,resistance",,,https://en.wikipedia.org/wiki/George_Bernard_Shaw,,Draft,149,M-149,
Nina Simone,Nina,Simone,She,Musician,US,Mid 20th C,1933,2003,"Feeling Good, Mississippi Goddam, I Put a Spell on You",KNOWsutra,GROWsutra,"music,race/justice,resistance,soul,feminism",,,https://en.wikipedia.org/wiki/Nina_Simone,,Draft,150,M-150,"""No Fear, My Dear"""
Frank Sinatra,Frank,Sinatra,He,"Musician,Fool",US,Mid 20th C,1915,1998,"My Way, New York New York, Fly Me to the Moon",SHOWsutra,,"music,performance,charisma,americana,love/kindness",,,https://en.wikipedia.org/wiki/Frank_Sinatra,,Draft,151,M-151,The World We Knew
Patti Smith,Patti,Smith,She,"Musician,Poet",US,Late 20th C,1946,,Horses,BLOWsutra,GROWsutra,"music,poetry/language,resistance,punk,spirituality/agnosticism",Inspired the track 'Because The Light'.,,https://en.wikipedia.org/wiki/Patti_Smith,,Draft,152,M-152,"Because The Fight,Delete My Butt,Because the Light"
Snoopy Snoopy,Snoopy,Snoopy,They,Fictional,US,,,,,SHOWsutra,,absurdity/joy,"Inspired the track 'I Did the Math, and Everything is Stupid'.","I did the math, and everything is stupid.'",https://en.wikipedia.org/wiki/Snoopy,,Draft,153,M-153,"""I Did The Math (Everything is Stupid, Absurd, and Divine"""
Edward Snowden,Edward,Snowden,He,"Author,Fool",US,Contemporary,1983,,"Permanent Record, NSA leaks/whistleblowing",BLOWsutra,,"truth-telling,resistance,privacy,whistleblowing",,,https://en.wikipedia.org/wiki/Edward_Snowden,,Draft,154,M-154,Dear Edward (The Snowden Song)
Socrates Socrates,Socrates,Socrates,He,Philosopher,GR,Ancient,c. 470 BC,399 BC,"The Apology, Dialogues (as recorded by Plato)",KNOWsutra,GROWsutra,philosophy/questioning,"Inspired 'Oh My, Oh Why (Socrates Song)' and 'Shades of Fools'.",All I really know is I dunno shit about fck.',https://en.wikipedia.org/wiki/Socrates,,Draft,155,M-155,"""Oh My, Oh Why (Socrates Song)"""
Aleksandr Solzhenitsyn,Aleksandr,Solzhenitsyn,He,"Author,Poet",RU,Mid 20th C,1918,2008,"The Gulag Archipelago, One Day in the Life of Ivan Denisovich",KNOWsutra,BLOWsutra,"authoritarianism,truth-telling,resistance,philosophy",Spit Back the Lies' is dedicated to Sasha. He survived the Soviet Gulag and then risked his life to document it. The line 'we live not by lies' is the spine of an entire Bananasutra song cycle. He is proof that one writer's refusal to pretend can change history.,"The line separating good and evil passes not through states, nor between classes — but right through every human heart.' | 'We live not by lies.' | 'Violence can only be concealed by a lie, and the lie can only be maintained by violence.'",https://en.wikipedia.org/wiki/Aleksandr_Solzhenitsyn,,Draft,156,M-156,"Spit Back the Lies,We Live Not By Lies"
Banana Sutra,Banana,Sutra,They,Fool,FR,Contemporary,1974,,bananasutra gospel,SHOWsutra,"KNOWsutra,QUACKsutra (BLOWsutra Duck Shady),BLOWsutra,GROWsutra,FLOWsutra,GLOWsutra,BOWsutra","humor/satire,philosophy,absurdity/joy,music,self-reference",it me :),,,,Draft,157,M-157,"Lyrics Matter (FOOsutra) EDIT,AI Fair Use Manifesto,Bananasutra Cabaret,Lyrics Matter (FOOsutra),Singing Heavenly In Five Steps,The Seven Sutras of Banana,The Sound Of Logic,AI Manifesto,Banana Alleluia,""Courage, care, and coconuts"",Dressed In (Nothing Butt) Wonder,Peel Me Kindly,SynthemaSutra,What's F-A-S-C-I-S-T?"
Charles Tart,Charles,Tart,He,"Author,Psychologist",US,Contemporary,1937,2025,Altered states of consciousness,KNOWsutra,"FLOWsutra,BOWsutra","consciousness,psychology,altered states,spirituality,science",Tart spent his career asking 'is it true?' about inner experience — the ultimate KNOWsutra scientist of consciousness.,,https://en.wikipedia.org/wiki/Charles_Tart,,Draft,158,M-158,Self-Remembering
Hunter S. Thompson,Hunter S.,Thompson,He,"Author,Fool",US,Late 20th C,1937,2005,"Fear and Loathing in Las Vegas, Hell's Angels, The Rum Diary",SHOWsutra,,"resistance,humor/satire,truth-telling,counterculture,democracy",,,https://en.wikipedia.org/wiki/Hunter_S._Thompson,,Draft,159,M-159,A Toast To The Good Life
Henry David Thoreau,Henry David,Thoreau,He,"Author,Philosopher",US,19th C,1817,1862,"Walden, Civil Disobedience, The Maine Woods",BLOWsutra,"GROWsutra,KNOWsutra","philosophy,resistance,nature,spirituality/agnosticism",,,https://en.wikipedia.org/wiki/Henry_David_Thoreau,,Draft,160,M-160,
Eckhart Tolle,Eckhart,Tolle,He,Author,GB,Contemporary,1948,,"The Power of Now, A New Earth",KNOWsutra,"FLOWsutra,BOWsutra","spirituality/agnosticism,mindfulness,presence,ego,consciousness",Tolle's core teaching IS KNOWsutra: the present moment is the only truth. He strips ego to nothing and lets silence speak.,,https://en.wikipedia.org/wiki/Eckhart_Tolle,,Draft,161,M-161,Truth Don't Care
Elon Trusk,Elon,Trusk,He,Politician,US,Contemporary,1971,,,BLOWsutra,,"satire,resistance,technology critique",,,https://en.wikipedia.org/wiki/Elon_Musk,,Draft,162,M-162,"Chuck Ain't Woke,Twatocracy (Encore et Encore),Chuck-A-Dick,GROCK,Woke 'em Whacks"
Desmond Tutu,Desmond,Tutu,He,"Politician,Philosopher,Saint",ZA,"Late 20th C,Contemporary",1931,2021,"Truth and Reconciliation Commission leadership, speeches",BOWsutra,"GLOWsutra,BLOWsutra","spirituality/agnosticism,forgiveness,race/justice,compassion",,,https://en.wikipedia.org/wiki/Desmond_Tutu,,Draft,163,M-163,
Mark Twain,Mark,Twain,He,"Author,Philosopher",US,"19th C,Early 20th C",1835,1910,"The Adventures of Huckleberry Finn, The Adventures of Tom Sawyer",BLOWsutra,"SHOWsutra,KNOWsutra","humor/satire,social criticism,truth-telling,absurdity/joy",,,https://en.wikipedia.org/wiki/Mark_Twain,,Draft,164,M-164,
Lao Tzu,Lao,Tzu,He,Philosopher,CN,Ancient,c. 604 BC,c. 531 BC,"Tao Te Ching, Daodejing",FLOWsutra,"KNOWsutra,BOWsutra","philosophy,spirituality/agnosticism,nature,wisdom",,,https://en.wikipedia.org/wiki/Laozi,,Draft,165,M-165,
Peter Ustinov,Peter,Ustinov,He,"Actor,Playwright,Comedian",GB/RU,"Mid 20th C,Late 20th C",1921,2004,"Topkapi, Spartacus, Romanoff and Juliet",SHOWsutra,"BLOWsutra,GLOWsutra","humor/satire,theater,wit,human nature",,,https://en.wikipedia.org/wiki/Peter_Ustinov,,Draft,166,M-166,
Voltaire Voltaire,Voltaire,Voltaire,He,"Philosopher,Fool",FR,18th C,1694,1778,"Candide, Philosophical Dictionary, Letters Concerning the English Nation",FLOWsutra,,"philosophy,freedom,humor/satire,democracy,truth-telling",,,https://en.wikipedia.org/wiki/Voltaire,,Draft,167,M-167,Some Songs Are More Fun Than Others
Kurt Vonnegut,Kurt,Vonnegut,He,Author,US,"Mid 20th C,Late 20th C",1922,2007,"Slaughterhouse-Five, Cat's Cradle, Breakfast of Champions",BLOWsutra,,"philosophy,satire,war/peace,absurdity/joy",,,https://en.wikipedia.org/wiki/Kurt_Vonnegut,,Draft,168,M-168,Some Songs Are More Fun Than Others
Vladimir Vysotsky,Vladimir,Vysotsky,He,"Musician,Poet",RU,Mid 20th C,1938,1980,The Echo Song,BLOWsutra,,"music,poetry/language,resistance,Russian identity,authenticity",Inspired the Russian BLOWsutra track 'The Echo Song'.,,https://en.wikipedia.org/wiki/Vladimir_Vysotsky,,Draft,169,M-169,The Echo Song
Richard Wagner,Richard,Wagner,He,"Musician,Composer",DE,19th C,1813,1883,"The Ring Cycle, Tristan and Isolde, The Flying Dutchman",GLOWsutra,"FLOWsutra,KNOWsutra","music,opera,drama,mythology",,,https://en.wikipedia.org/wiki/Richard_Wagner,,Draft,170,M-170,
Tom Waits,Tom,Waits,He,"Musician,Fool",US,Contemporary,1949,,"Rain Dogs, Closing Time, Tom Traubert's Blues",KNOWsutra,,"music,poetry/language,absurdity/joy,storytelling,love/kindness",Inspired the track 'There's No Prayer Like Desire'.,,https://en.wikipedia.org/wiki/Tom_Waits,,Draft,171,M-171,There's No Prayer Like Desire
Alan Watts,Alan,Watts,He,"Philosopher,Author",GB,Mid 20th C,1915,1973,"The Way of Liberation, Nature Man and Woman, The Joyous Cosmology",KNOWsutra,"GLOWsutra,BOWsutra","spirituality/agnosticism,philosophy,wisdom,consciousness",,,https://en.wikipedia.org/wiki/Alan_Watts,,Draft,172,M-172,
Simone Weil,Simone,Weil,She,"Author,Philosopher",FR,"Early 20th C,Mid 20th C",1909,1943,"Gravity and Grace, Waiting for God, The Need for Roots",BOWsutra,"KNOWsutra,GLOWsutra","spirituality/agnosticism,philosophy,mysticism,suffering",,,https://en.wikipedia.org/wiki/Simone_Weil,,Draft,173,M-173,
Oscar Wilde,Oscar,Wilde,He,"Author,Poet,Playwright,Fool",GB,19th C,1854,1900,"The Picture of Dorian Gray, The Importance of Being Earnest, An Ideal Husband",SHOWsutra,"BLOWsutra,GLOWsutra","humor/satire,wit,aestheticism,resistance",,,https://en.wikipedia.org/wiki/Oscar_Wilde,,Draft,174,M-174,
Amy Winehouse,Amy,Winehouse,She,Musician,GB,Contemporary,1983,2011,"Back to Black, Frank",FLOWsutra,"BLOWsutra,GLOWsutra","soul music,heartbreak,love/loss,authenticity,addiction",Winehouse was a FLOWsutra soul trapped in a BLOWsutra world. Her music is the most honest map of love and loss since the blues was invented.,,https://en.wikipedia.org/wiki/Amy_Winehouse,,Draft,175,M-175,Wars Don’t Flow
Winnie The Pooh,The Pooh,Winnie,They,"Fictional,Fool",US,Mid 20th C,1924,,,SHOWsutra,GLOWsutra,"absurdity/joy,love/kindness,philosophy,humor/satire,childhood",,,https://en.wikipedia.org/wiki/Winnie-the-Pooh,,Draft,176,M-176,Some Songs Are More Fun Than Others
Virginia Woolf,Virginia,Woolf,She,"Author,Essayist",GB,Early 20th C,1882,1941,"Mrs Dalloway, To the Lighthouse, A Room of One's Own, The Waves",FLOWsutra,"GROWsutra,BOWsutra,SHOWsutra,GLOWsutra","feminism,stream of consciousness,identity,inner life,writing/language","Woolf invented stream-of-consciousness as a literary practice — that IS FLOWsutra. 'I am rooted, but I flow' is the most perfect sutra sentence ever written by accident.","I am rooted, but I flow.",https://en.wikipedia.org/wiki/Virginia_Woolf,,Draft,177,M-177,
Frank Zappa,Frank,Zappa,He,"Musician,Fool",US,Late 20th C,1940,1993,"Freak Out!, Over-Nite Sensation, Joe's Garage",SHOWsutra,,"music,satire,resistance,social criticism",,,https://en.wikipedia.org/wiki/Frank_Zappa,,Draft,178,M-178,Zappa's Religion