muse,muse_in_app,first_name,last_name,gender_pronoun,type_category,country,era,birth_year,death_year,famous_works,core_sutra,secondary_sutras,themes_keywords,bananasutra_notes,key_quotes,primary_source,additional_sources,status,muse_id,QUOTEs_rollup
Cicero,checked,Cicero,,He,"Philosopher,Orator,Author",ROM,Ancient,106 BC,43 BC,"Catilinarian Orations, Philosophical Treatises, Letters",BLOWsutra,KNOWsutra,"oratory,philosophy,truth-telling,republic",,,https://en.wikipedia.org/wiki/Cicero,,Draft,M-1,"""A thankful heart is not only the greatest virtue, but the parent of all other virtues."""
Plutarch,checked,Plutarch,,He,"Author,Historian,Philosopher",GR,Ancient,c. 46 AD,c. 120 AD,"Parallel Lives, Moralia, Essays",KNOWsutra,GLOWsutra,"history,philosophy,biography,wisdom",,,https://en.wikipedia.org/wiki/Plutarch,,Draft,M-2,What we achieve inwardly will change outer reality.
Douglas Adams,checked,Douglas,Adams,He,Author,GB,Late 20th C,1952,2001,"The Hitchhiker's Guide to the Galaxy, The Restaurant at the End of the Universe",GROWsutra,,"humor/satire,philosophy,science fiction,absurdity/joy,language",,,https://en.wikipedia.org/wiki/Douglas_Adams,,Draft,M-3,
Aesop,checked,Aesop,,He,"Fabulist,Fool",GR,Ancient,c. 620 BC,c. 564 BC,Aesop's Fables,KNOWsutra,SHOWsutra,"wisdom,poetry/language,humor/satire,philosophy",,,https://en.wikipedia.org/wiki/Aesop,,Draft,M-4,Gratitude turns what we have into enough.
Hans Andersen,checked,Hans,Andersen,He,"Author,Fool",DK,19th C,1805,1875,The Emperor's New Clothes,SHOWsutra,,"storytelling,childhood,satire,fantasy,social criticism",Inspired the song 'The Great Naked King'.,,https://en.wikipedia.org/wiki/Hans_Christian_Andersen,,Draft,M-5,
Maya Angelou,checked,Maya,Angelou,She,"Author,Poet",US,Late 20th C,1928,2014,Rainbows in my clouds,GLOWsutra,,"gratitude,hope",Originally inspired 'Rainbows in the Clouds' and 'Rainbows in My Clouds (Merci)'. Dedicated to Sri.,,https://en.wikipedia.org/wiki/Maya_Angelou,,Draft,M-6,"Forgive yourself for not knowing what you didn’t know before you learned it.,Laughter is the sound of the soul dancing."
Anonymous Anonymous,,Anonymous,Anonymous,They,Fool,,Contemporary,,,,KNOWsutra,"BLOWsutra,SHOWsutra,GROWsutra,FLOWsutra,GLOWsutra,BOWsutra","universality,humor/satire,wisdom,mystery,collective",,,,,Draft,M-7,
Guillaume Apollinaire,checked,Guillaume,Apollinaire,He,Poet,FR,Early 20th C,1880,1918,"Alcools, Calligrammes, Zone",FLOWsutra,"GLOWsutra,BLOWsutra","poetry/language,creativity,love/kindness,modernism",,,https://en.wikipedia.org/wiki/Guillaume_Apollinaire,,Draft,M-8,
Hannah Arendt,checked,Hannah,Arendt,She,Philosopher,DE,Mid 20th C,1906,1975,"The Origins of Totalitarianism, The Human Condition, Eichmann in Jerusalem",KNOWsutra,"BLOWsutra,GROWsutra","authoritarianism,truth-telling,philosophy,democracy,resistance",One of my deepest intellectual touchstones. The banality of evil is the lens I use to understand how ordinary people enable catastrophic harm — and why silence is complicity. Her work haunts every BLOWsutra song I write.,The banality of evil.' | 'Under conditions of tyranny it is far easier to act than to think.' | 'The most radical revolutionary will become a conservative the day after the revolution.',https://en.wikipedia.org/wiki/Hannah_Arendt,,Draft,M-9,The sad truth is that most evil is done by people who never make up their minds to be good or evil.
Margaret Atwood,checked,Margaret,Atwood,She,"Author,Poet",CA,Contemporary,1939,,The Handmaid's Tale,KNOWsutra,"BLOWsutra,SHOWsutra","authoritarianism,feminism,resistance,democracy",Male Fantasies' is a direct Atwood lyric quote-turned-song. Her work on how democracies slide into theocracies is the blueprint for everything happening right now. The 'Which Dystopia Are You Living In?' quiz includes her as a distinct archetype axis.,"Male fantasies, male fantasies, is everything run by male fantasies?' | 'Nolite te bastardes carborundorum.' | 'A word after a word after a word is power.'",https://en.wikipedia.org/wiki/Margaret_Atwood,,Draft,M-10,"""Another belief of mine; that everyone else my age is an adult, whereas I am merely in disguise."""
Charles Aznavour,checked,Charles,Aznavour,He,"Musician,Fool",FR,Mid 20th C,1924,2018,"La Bohème, She, Je m'voyais déjà",BLOWsutra,,"music,nostalgia,love/kindness,French chanson,performance",Inspired my tracks like 'Le Système'. 'La Bohème' captures the bittersweet nostalgia of a shared past that no longer exists.,,https://en.wikipedia.org/wiki/Charles_Aznavour,,Draft,M-11,
James Baldwin,checked,James,Baldwin,He,Poet,US,Mid 20th C,1947,1985,"Go Tell It on the Mountain (1953)
Notes of a Native Son (1955), Giovanni's Room (1956)",GLOWsutra,,"poetry/language,truth-telling",,,https://en.wikipedia.org/wiki/James_Baldwin,,Draft,M-12,"""Not everything that is faced can be changed, 
but nothing can be changed until it is faced."""
Charles Baudelaire,checked,Charles,Baudelaire,He,Poet,FR,19th C,1821,1867,"Les Fleurs du Mal, Paris Spleen, Intimate Journals",BLOWsutra,"SHOWsutra,GLOWsutra","poetry/language,death/grief,love/kindness,beauty/aesthetics",,,https://en.wikipedia.org/wiki/Charles_Baudelaire,,Draft,M-13,The devil's finest trick is to persuade you that he does not exist.
William Blake,checked,William,Blake,He,"Poet,Painter,Visionary",GB,18th C,1757,1827,"Songs of Innocence, Songs of Experience, The Marriage of Heaven and Hell",FLOWsutra,"GLOWsutra,BLOWsutra","poetry/language,spirituality/agnosticism,resistance,creativity",,,https://en.wikipedia.org/wiki/William_Blake,,Draft,M-14,To see a world in a grain of sand and a heaven in a wildflower.
Anthony Bourdain,checked,Anthony,Bourdain,He,"Philosopher,Fool",US,Contemporary,1956,2018,"Kitchen Confidential, Parts Unknown, Medium Raw",SHOWsutra,,"humor/satire,truth-telling,absurdity/joy,philosophy",,,https://en.wikipedia.org/wiki/Anthony_Bourdain,,Draft,M-15,
David Bowie,checked,David,Bowie,He,"Musician,Fool",GB,Late 20th C,1947,2016,"The Rise and Fall of Ziggy Stardust, Heroes, Space Oddity, Blackstar",GROWsutra,,"music,identity,performance,transformation,art",Inspired the track 'New Normalcy (Planet Earth To Higher Grounds)'.,,https://en.wikipedia.org/wiki/David_Bowie,,Draft,M-16,
Jacques Brel,checked,Jacques,Brel,He,"Musician,Fool",FR,Mid 20th C,1929,1978,"Ne Me Quitte Pas, La Quête, Amsterdam",GLOWsutra,BOWsutra,"poetry/language,love/kindness,philosophy,music","La Quête is the Bananasutra anthem I didn't write. 'The Quest' remake is my love letter to him — accordion and all. He understood that the greatest songs are prayers, not performances. His emotional precision is the standard I hold myself to.","To sing is to pray twice.' | 'I want to die on a Tuesday, so I'll have the rest of the week to recover.'",https://en.wikipedia.org/wiki/Jacques_Brel,,Draft,M-17,
André Breton,checked,André,Breton,He,"Poet,Philosopher",FR,Early 20th C,1896,1966,"Manifesto of Surrealism, Nadja, Mad Love",FLOWsutra,"SHOWsutra,KNOWsutra","surrealism,dreams,creativity,revolution,poetry/language",,,https://en.wikipedia.org/wiki/Andr%C3%A9_Breton,,Draft,M-18,
Brené Brown,checked,Brené,Brown,She,Author,US,Contemporary,1965,,"Daring Greatly, The Gifts of Imperfection, Braving the Wilderness",GROWsutra,KNOWsutra,"vulnerability,courage,empathy,personal growth,love/kindness",,,https://en.wikipedia.org/wiki/Bren%C3%A9_Brown,,Draft,M-19,I don’t have to chase extraordinary moments to find happiness—it’s right in front of me if I’m paying attention and practicing gratitude.
Charles Bukowski,checked,Charles,Bukowski,He,"Author,Poet",US,Late 20th C,1920,1989,Women,BLOWsutra,"KNOWsutra,SHOWsutra","humor/satire,social criticism,poetry,urban life,authenticity","Bukowski made lowbrow high art. His BLOW energy is visceral — no pretense, no polish. A whiskey-soaked mirror held up to the circus.",,https://en.wikipedia.org/wiki/Charles_Bukowski,,Draft,M-20,"""America is a circus, full of clowns and freaks parading themselves as serious leaders"""
Edmund Burke,checked,Edmund,Burke,He,Philosopher,IE,18th C,1729,1797,"Reflections on the Revolution in France, A Philosophical Enquiry into the Sublime and Beautiful",KNOWsutra,BLOWsutra,"philosophy,democracy,tradition,politics,resistance",,,https://en.wikipedia.org/wiki/Edmund_Burke,,Draft,M-21,"""The greater the power, the more dangerous the abuse."",The only thing necessary for the triumph of evil is for good men to do nothing."
Bo Burnham,checked,Bo,Burnham,He,"Musician,Fool",US,Contemporary,1990,,"Welcome to the Internet, What's Funny, F*CK",SHOWsutra,,"humor/satire,mental health,social media,performance,absurdity/joy",Inspired the Fanana Club covers and 'What's F-A-S-C-I-S-T?'.,,https://en.wikipedia.org/wiki/Bo_Burnham,,Draft,M-22,
Robert Burns,checked,Robert,Burns,He,"Poet,Fool",GB-SCT,18th C,1759,1796,"Auld Lang Syne, A Man's A Man for A' That, To a Mouse",BLOWsutra,,"poetry/language,love/kindness,democracy,Scottish identity,nature",Inspired the song 'A Man's A Man for A' That'.,,https://en.wikipedia.org/wiki/Robert_Burns,,Draft,M-23,
Octavia E. Butler,checked,Octavia E.,Butler,She,Author,US,Late 20th C,1947,2006,"Parable of the Sower, Kindred, Wild Seed, Bloodchild",FLOWsutra,"BLOWsutra,BOWsutra,GROWsutra","change/adaptation,science fiction,power,race,evolution",Butler wrote the FLOWsutra as speculative scripture — 'God is Change' is literally her theology. Parable of the Sower is a survival manual for the post-banana world.,All that you touch You Change. All that you Change Changes you. The only lasting truth Is Change. God Is Change.,https://en.wikipedia.org/wiki/Octavia_E._Butler,,Draft,M-24,All that you touch You Change. All that you Change Changes you. The only lasting truth Is Change. God Is Change.
Joseph Campbell,checked,Joseph,Campbell,He,Writer,US,Mid 20th C,1904,1987,"The Hero with a Thousand Faces, The Power of Myth",KNOWsutra,,"mythology,storytelling,hero's journey,philosophy,psychology",A map for understanding the internal journey. Inspired tracks like 'Joseph Campbell's Truth Metaphors' and 'Metaphor's Edge'.,,https://en.wikipedia.org/wiki/Joseph_Campbell,,Draft,M-25,
Albert Camus,checked,Albert,Camus,He,"Philosopher,Fool",FR,Mid 20th C,1913,1960,"The Stranger, The Plague, The Myth of Sisyphus",KNOWsutra,"BLOWsutra,SHOWsutra","philosophy,existentialism,absurdity/joy,resistance,truth-telling",,,https://en.wikipedia.org/wiki/Albert_Camus,,Draft,M-26,"""In the depth of winter, I finally learned that within me there lay an invincible summer."",""The evil that is in the world almost always comes from ignorance, and good intentions may do as much harm as malevolence if they lack understanding."",Pourquoi faudrait-il aimer rarement pour aimer beaucoup?,""I don't believe in God, and I'm not an atheist."""
George Carlin,checked,George,Carlin,He,"Comedian,Fool",US,Late 20th C,1937,2008,"7 Dirty Words, Jammin' in New York, Brain Droppings",KNOWsutra,"BLOWsutra,SHOWsutra","humor/satire,truth-telling,resistance,democracy,spirituality/agnosticism",7 Dirty Words' is a direct Bananasutra homage — banjo folk about his Supreme Court case. His line 'I would never want to belong to a group whose symbol is a guy nailed to two pieces of wood' is the spirit of 'No Holy Fool.' He made outrage funny and funny outrageous.,I would never want to be part of a group whose symbol was a guy nailed to two pieces of wood.' | 'Never underestimate the power of stupid people in large groups.' | 'The real owners are the big wealthy business interests.',https://en.wikipedia.org/wiki/George_Carlin,,Draft,M-27,I think it’s the duty of the comedian to find out where the line is drawn and cross it deliberately.
Carroll Lewis ,checked,Caroll,Lewis,He,Author,UK,19th C,1832,1898,Alice In Wonderland,SHOWsutra,,"fantasy,wordplay,absurdity/joy,childhood,satire",Inspired the track 'Gladys in Sonderland'.,,https://en.wikipedia.org/wiki/Lewis_Carroll,,Draft,M-28,"""Humility is not thinking less of yourself, it’s thinking of yourself less."""
Rachel Carson,checked,Rachel,Carson,She,"Author,Scientist",US,Mid 20th C,1907,1964,"Silent Spring, The Sea Around Us, The Sense of Wonder",BOWsutra,"GLOWsutra,KNOWsutra,BLOWsutra","nature,ecology,wonder,activism,science",Carson invented environmental activism — Silent Spring woke the world up. BOW energy as fierce protection of beauty. BLOW as righteous defense of the living world.,Those who contemplate the beauty of the earth find reserves of strength that will endure as long as life lasts.,https://en.wikipedia.org/wiki/Rachel_Carson,,Draft,M-29,Those who contemplate the beauty of the earth find reserves of strength that will endure as long as life lasts.
Johnny Cash,checked,Johnny,Cash,He,Musician,US,Mid 20th C,1932,2003,"Ring of Fire, Hurt, Man in Black",BLOWsutra,,"music,death/grief,redemption,authenticity,americana",Inspired the track 'Where Hope Expires'.,,https://en.wikipedia.org/wiki/Johnny_Cash,,Draft,M-30,
Cassandra,checked,Cassandra,Cassandra,She,"Fictional,Mythological",GR,Ancient,,,Greek mythology — Trojan prophetess,KNOWsutra,BLOWsutra,"truth-telling,authoritarianism,resistance",No quotes — she is a warning. Cassandra's Lullaby' is me. Cursed to see the truth and not be believed. She is the patron saint of everyone who saw fascism coming and was told they were overreacting. Her myth is why I keep singing even when no one listens.,,https://en.wikipedia.org/wiki/Cassandra,,Draft,M-31,
Charlie Chaplin,checked,Charlie,Chaplin,He,"Comedian,Fool",US,Early 20th C,1889,1977,The Great Dictator,SHOWsutra,,"humor/satire,performance,social criticism,compassion,film",Connected to 'The Great Naked King'.,,https://en.wikipedia.org/wiki/Charlie_Chaplin,,Draft,M-32,
G.K. Chesterton,checked,G.K.,Chesterton,He,"Author,Philosopher,Fool",GB,Early 20th C,1874,1936,"The Man Who Was Thursday, The Everlasting Man, Orthodoxy",KNOWsutra,"BLOWsutra,SHOWsutra","philosophy,humor/satire,spirituality/agnosticism,truth-telling",,,https://en.wikipedia.org/wiki/G._K._Chesterton,,Draft,M-33,Angels can fly because they take themselves lightly.
Pema Chödrön,checked,Pema,Chödrön,She,"Author,Spiritual Teacher",US/CA,"Late 20th C,Contemporary",1936,,"When Things Fall Apart, The Places That Scare You, Start Where You Are",FLOWsutra,"GLOWsutra,KNOWsutra,BOWsutra","impermanence,meditation,compassion,letting go,wisdom",Chödrön is the patron saint of FLOWsutra. 'You are the sky. Everything else is weather.' That is the whole sutra in one breath.,You are the sky. Everything else is just the weather.,https://en.wikipedia.org/wiki/Pema_Ch%C3%B6dr%C3%B6n,,Draft,M-34,You are the sky. Everything else–it’s just the weather.
Lucille Clifton,checked,Lucille,Clifton,She,"Author,Poet",US,Late 20th C,1936,2010,Blessing the Boats,GLOWsutra,SHOWsutra,"poetry/language,feminism,love/kindness,race/justice","Kiss a Pulse' and 'She Wears the Words' are both built on her quote: 'Many people wish to be poets because they wish to wear the title, but one should wish to celebrate more than one wishes to be celebrated.' That's the whole GLOWsutra philosophy in one sentence.","Many people wish to be poets because they wish to wear the title, but one should wish to celebrate more than one wishes to be celebrated.' | 'won't you celebrate with me / what i have shaped into / a kind of life?'",https://en.wikipedia.org/wiki/Lucille_Clifton,,Draft,M-35,"""Many people wish to be poets because they wish to wear the title, but one should wish to celebrate more than one wishes to be celebrated."""
Kurt Cobain,checked,Kurt,Cobain,He,Musician,US,Late 20th C,1967,1994,"Nevermind, In Utero, MTV Unplugged",FLOWsutra,GROWsutra,"music,resistance,authenticity,pain/melancholy",,,https://en.wikipedia.org/wiki/Kurt_Cobain,,Draft,M-36,
Leonard Cohen,checked,Leonard,Cohen,He,"Musician,Songwriter",CA,Late 20th C,1934,2016,"Hallelujah, Everybody Knows, Bird on the Wire",KNOWsutra,"FLOWsutra,BOWsutra","music,love/kindness,death/grief,poetry/language,truth-telling",The OG of making philosophy sing. 'Everybody Knows' is one of my most direct covers/reinterpretations — I borrowed his title and inverted his irony into a prayer. 'Blessed Be the Dogs' Song #2 was directly inspired by his poem 'Like a Bird in the Sky.',"There is a crack in everything, that's how the light gets in.' | 'Everybody knows the fight was fixed.' | 'Ring the bells that still can ring.'",https://en.wikipedia.org/wiki/Leonard_Cohen,,Draft,M-37,"""There is a crack in everything, that's how the light gets in."""
Confucius,checked,,Confucius,He,Philosopher,CN,Ancient,c. 551 BC,c. 479 BC,The Analects,KNOWsutra,GROWsutra,"philosophy,ethics,wisdom,spirituality/agnosticism",,,https://en.wikipedia.org/wiki/Confucius,,Draft,M-38,"""Beauty is everywhere, not everyone sees it."""
Sam Cooke,checked,Sam,Cooke,He,Musician,US,Mid 20th C,1931,1964,"A Change is Gonna Come, Wonderful World, You Send Me",GLOWsutra,BLOWsutra,"music,race/justice,love/kindness,resistance",,,https://en.wikipedia.org/wiki/Sam_Cooke,,Draft,M-39,
E.E. Cummings,checked,E. E.,Cummings,He,Poet,US,Early 20th C,1894,1962,"i carry your heart with me, anyone lived in a pretty how town, Tulips and Chimneys",FLOWsutra,"SHOWsutra,GLOWsutra","poetry/language,individuality,love/kindness,creativity,experimental",,,https://en.wikipedia.org/wiki/E._E._Cummings,,Draft,M-40,The most wasted of all days is one without laughter.
Marie Curie,checked,Marie,Curie,She,"Scientist,Author",PL/FR,Early 20th C,1867,1934,"Research on Radioactivity (Nobel Physics 1903, Nobel Chemistry 1911)",BOWsutra,"BLOWsutra,GROWsutra,KNOWsutra","science,courage,humility,perseverance,truth",Curie literally glowed — and she bowed to the mystery of the atom. First person to win two Nobels in two sciences. BOW energy as radical curiosity.,"Nothing in life is to be feared, it is only to be understood. Now is the time to understand more, so that we may fear less.",https://en.wikipedia.org/wiki/Marie_Curie,,Draft,M-41,"""Nothing in life is to be feared, it is only to be understood. Now is the time to understand more, so that we may fear less."""
Jeanne D'arc,checked,Jeanne,D'arc,She,Politician,FR,Medieval,1412,1431,The Hundred Years' War campaigns,BLOWsutra,"BOWsutra,GROWsutra","resistance,spirituality/agnosticism,courage",,,https://en.wikipedia.org/wiki/Joan_of_Arc,,Draft,M-42,
Honoré de Balzac,checked,Honoré,de Balzac,He,"Author,Playwright",FR,19th C,1799,1850,La Comédie humaine,GLOWsutra,,"French literature,realism,society,ambition,human comedy,class",,,https://en.wikipedia.org/wiki/Honor%C3%A9_de_Balzac,,Draft,M-43,
Guy de Maupassant,checked,Guy,de Maupassant,He,Author,FR,19th C,1850,1893,Bel-ami,GLOWsutra,,"short fiction,French realism,human nature,irony,melancholy,beauty",,,https://en.wikipedia.org/wiki/Guy_de_Maupassant,,Draft,M-44,
St. Vincent De Paul,checked,St. Vincent,de Paul,He,"Philosopher,Saint",FR,17th C,1581,1660,"Lazarist Congregation, Vincentian spirituality",GLOWsutra,BOWsutra,"spirituality/agnosticism,love/kindness,devotion,compassion",,,https://en.wikipedia.org/wiki/Vincent_de_Paul,,Draft,M-45,
Antoine de Saint-Exupéry,checked,Antoine,de Saint-Exupéry,He,"Author,Philosopher",FR,"Early 20th C,Mid 20th C",1900,1944,"The Little Prince, Wind Sand and Stars, Night Flight",GROWsutra,"GLOWsutra,BLOWsutra","philosophy,poetry/language,love/kindness,spirituality/agnosticism",,,https://en.wikipedia.org/wiki/Antoine_de_Saint-Exup%C3%A9ry,,Draft,M-46,"It is only with the heart that one can see rightly; what is essential is invisible to the eye.,""To be a man is, precisely, to be responsible."""
Robert Desnos,checked,Robert,Desnos,He,Poet,FR,"Early 20th C,Mid 20th C",1900,1945,"Freedom is a Dutch Child, The Poem is the Question",BLOWsutra,"FLOWsutra,GLOWsutra","poetry/language,resistance,surrealism,freedom",,,https://en.wikipedia.org/wiki/Robert_Desnos,,Draft,M-47,
Philip K Dick,checked,Philip K,Dick,He,"Author,Philosopher",US,"Mid 20th C,Late 20th C",1928,1982,"Do Androids Dream of Electric Sheep, Ubik, The Man in the High Castle",KNOWsutra,"BLOWsutra,FLOWsutra","philosophy,science fiction,reality/perception,consciousness",,,https://en.wikipedia.org/wiki/Philip_K._Dick,,Draft,M-48,
Emily Dickinson,checked,Emily,Dickinson,She,Poet,US,19th C,1830,1886,"The Collected Poems, Because I could not stop for Death, Hope is the thing with feathers",BOWsutra,"GLOWsutra,FLOWsutra","death/transcendence,nature,inner life,poetry,wonder",The ultimate BOW poet — she turned toward death with open eyes and found eternity in a hummingbird. Her slant of light is pure shimmer.,"Hope is the thing with feathers that perches in the soul, and sings the tune without the words, and never stops at all.",https://en.wikipedia.org/wiki/Emily_Dickinson,,Draft,M-49,"""Hope is the thing with feathers that perches in the soul, and sings the tune without the words, and never stops at all."""
Walt Disney,checked,Walt,Disney,He,"Filmmaker,Entrepreneur,Fool",US,"Early 20th C,Mid 20th C",1901,1966,"Snow White, Cinderella, Fantasia",SHOWsutra,"FLOWsutra,GROWsutra","creativity,imagination,entertainment,beauty",,,https://en.wikipedia.org/wiki/Walt_Disney,,Draft,M-50,I would rather entertain and hope that people learned something than educate people and hope they were entertained.
Lou Doillon,checked,Lou,Doillon,She,Musician,FR,Contemporary,1982,,"Lay Back, Protection, Burn It Down",FLOWsutra,GLOWsutra,"music,creativity,love/kindness",,,https://en.wikipedia.org/wiki/Lou_Doillon,,Draft,M-51,
ScoobyDoo,checked,Scooby,Doo,They,"Fictional,Fool",US,Late 20th C,1969,,Scooby-Doo Where Are You (TV series),SHOWsutra,,"humor/satire,absurdity/joy,friendship,mystery,pop culture",,,https://en.wikipedia.org/wiki/Scooby-Doo,,Draft,M-52,
Fyodor Dostoyevski,checked,Fyodor,Dostoyevski,He,"Author,Philosopher",RU,19th C,1821,1881,"Crime and Punishment, The Brothers Karamazov, Notes from Underground",KNOWsutra,"BLOWsutra,GROWsutra","philosophy,truth-telling,suffering/redemption,morality",,,https://en.wikipedia.org/wiki/Fyodor_Dostoyevsky,,Draft,M-53,Beauty will save the world.
Dr Seuss,checked,Seuss,Dr,He,"Author,Fool",US,"Mid 20th C,Late 20th C",1904,1991,"The Cat in the Hat, Green Eggs and Ham, The Lorax",SHOWsutra,"BLOWsutra,GROWsutra","humor/satire,imagination,resistance,ecology",,,https://en.wikipedia.org/wiki/Dr._Seuss,,Draft,M-54,
Don Ducky,,Don,Duck,He,Politician,US,Contemporary,1946,,The Art of the Deal,QUACKsutra (BLOWsutra Duck Shady),,authoritarianism,"The muse for 'Dump Trump', 'Mind the Felon', and 'The Ducktator Lament'.",,https://en.wikipedia.org/wiki/Donald_Trump,,Draft,M-55,
Isadora Duncan,checked,Isadora,Duncan,She,"Dancer,Choreographer",US,Early 20th C,1877,1927,"My Life (autobiography), founder of modern dance",FLOWsutra,"SHOWsutra,GROWsutra","freedom,dance/movement,feminism,wildness,self-expression",Duncan didn't just dance — she FLOWed. She rewilded the body before it had a name. A founding FLOW goddess of the untamed feminine.,You were once wild here. Don't let them tame you.,https://en.wikipedia.org/wiki/Isadora_Duncan,,Draft,M-56,You were once wild here. Don't let them tame you.
Umberto Eco,checked,Umberto,Eco,He,"Author,Poet",IT,Late 20th C,1932,2016,"The Name of the Rose, Foucault's Pendulum, Ur-Fascism (essay)",KNOWsutra,BLOWsutra,"authoritarianism,truth-telling,philosophy,humor/satire,resistance","The Ur-Fascism essay is my civic bible. I built an entire interactive quiz around scoring political actions against his 14 features of eternal fascism. He gave me the analytical framework to say: this is not new, and here is exactly what it looks like.","Ur-Fascism is still around us, sometimes in plainclothes.' | 'The fascist game can be played in many forms.' | 'Social frustration explains why fascism appeals to the losers.'",https://en.wikipedia.org/wiki/Umberto_Eco,,Draft,M-57,"""Ur-Fascism is still around us, sometimes in plainclothes."""
Albert Einstein,checked,Albert,Einstein,He,Scientist,DE,Early 20th C,1879,1955,The General Theory of Relativity,KNOWsutra,,philosophy,"The ultimate archetype for the intersection of music and logic. Inspired the track 'Genius, You See'.","If you judge a fish by climbing trees, it won't be free...'",https://en.wikipedia.org/wiki/Albert_Einstein,,Draft,M-58,"""Life is like riding a bicycle. To keep your balance, you must keep moving."",Play is the highest form of research.,""The more I learn, the more I realize how much I don’t know."",""The world will not be destroyed by those who do evil, but by those who watch them without doing anything."",There are only two ways to live your life. One is as though nothing is a miracle. The other is as though everything is a miracle."
T.S. Eliot,checked,T.S.,Eliot,He,"Poet,Critic",GB/US,"Early 20th C,Mid 20th C",1888,1965,"The Waste Land, The Love Song of J. Alfred Prufrock, Four Quartets",KNOWsutra,"BLOWsutra,FLOWsutra","poetry/language,modernism,spirituality/agnosticism,philosophy",,,https://en.wikipedia.org/wiki/T._S._Eliot,,Draft,M-59,The only wisdom we can hope to acquire is the wisdom of humility.
Paul Éluard,checked,Paul,Éluard,He,Poet,FR,"Early 20th C,Mid 20th C",1895,1952,"Capital of Sorrow, The Immaculate Conception",FLOWsutra,"GLOWsutra,BLOWsutra","poetry/language,surrealism,love/kindness,resistance",,,https://en.wikipedia.org/wiki/Paul_%C3%89luard,,Draft,M-60,
Ralph Waldo Emerson,checked,Ralph-Waldo,Emerson,He,"Philosopher,Fool",US,19th C,1803,1882,"Self-Reliance, The American Scholar",GROWsutra,KNOWsutra,"philosophy,spirituality/agnosticism,truth-telling,poetry/language",Sing Your Own Gospel' and 'The Atheist Tango' both orbit his instruction: 'Make your own Bible. Select and collect all the words and sentences that in all your readings have been to you like the blast of a trumpet.' That is literally what Bananasutra IS.,Make your own Bible. Select and collect all the words and sentences that in all your readings have been to you like the blast of a trumpet.' | 'To be yourself in a world that is constantly trying to make you something else is the greatest accomplishment.' | 'What lies behind us and what lies before us are tiny matters compared to what lies within us.',https://en.wikipedia.org/wiki/Ralph_Waldo_Emerson,,Draft,M-61,"Adopt the pace of nature: her secret is patience.,Make your own Bible. Select and collect all the words and sentences that in all your readings have been to you like the blast of a trumpet.,What is success? To laugh often and much."
Eminem Eminem,checked,Eminem,Eminem,He,Musician,US,Contemporary,1972,,Hi My Name Is Slim Shady,SHOWsutra,,humor/absurdity,"Inspired 'Hi, My Name Is (Not Celine Dion)', dedicated to Eminem's soft silly side.",,https://en.wikipedia.org/wiki/Eminem,,Draft,M-62,
Lawrence Ferlinghetti,checked,Lawrence,Ferlinghetti,He,Poet,US,Late 20th C,1919,2021,,SHOWsutra,"FLOWsutra,GLOWsutra","poetry/language,beat generation,social criticism,freedom,peace",,,https://en.wikipedia.org/wiki/Lawrence_Ferlinghetti,,Draft,M-63,
Pink Floyd,checked,Pink,Floyd,They,Musician,GB,Late 20th C,1965,,"The Wall, Dark Side of the Moon, Wish You Were Here",FLOWsutra,"KNOWsutra,BOWsutra","music,psychedelic,progressive rock,existential",,,https://en.wikipedia.org/wiki/Pink_Floyd,,Draft,M-64,
Anatole France,checked,Anatole,France,He,Author,FR,Early 20th C,1844,1924,L'Île des Pingouins,SHOWsutra,BLOWsutra,"humor/satire,social criticism,literature,democracy,satire",,,https://en.wikipedia.org/wiki/Anatole_France,,Draft,M-65,
Victor Frankl,checked,Victor,Frankl,He,Philosopher,AT,Mid 20th C,1905,1997,Man's Search for Meaning,GROWsutra,KNOWsutra,"meaning,philosophy,psychology,spirituality/agnosticism,hope",,,https://en.wikipedia.org/wiki/Viktor_Frankl,,Draft,M-66,What is to give light must endure burning.
Aretha Franklin,checked,Aretha,Franklin,She,Musician,US,Late 20th C,1942,2018,"Respect, Amazing Grace, I Say a Little Prayer",GROWsutra,,"music,soul,feminism,race/justice,spirituality/agnosticism",Inspired the song 'T.R.U.T.H (That's what we need)' and 'Voices of Truth'.,,https://en.wikipedia.org/wiki/Aretha_Franklin,,Draft,M-67,
Stephen Fry,checked,Stephen,Fry,He,"Author,Philosopher",GB,"Late 20th C,Contemporary",1957,,"The Hippopotamus, Mythos, Heroes",SHOWsutra,"KNOWsutra,GLOWsutra","humor/satire,philosophy,knowledge,literature",,,https://en.wikipedia.org/wiki/Stephen_Fry,,Draft,M-68,Humor is a weapon of mass construction.
Mahatma Gandhi,checked,Mahatma,Gandhi,He,"Politician,Philosopher",IN,"Early 20th C,Mid 20th C",1869,1948,"Hind Swaraj, Non-violent resistance campaigns",BLOWsutra,"BOWsutra,GROWsutra","resistance,nonviolence,spirituality/agnosticism,truth-telling",,,https://en.wikipedia.org/wiki/Mahatma_Gandhi,,Draft,M-69,Strength does not come from physical capacity. It comes from an indomitable will.
Federico Garcia Lorca,checked,Federico,Garcia Lorca,He,Poet,SP,Early 20th C,1898,1936,"Romancero Gitano, Blood Wedding, Yerma",GLOWsutra,,"poetry/language,love/kindness,flamenco,Spanish identity,death/grief","Inspired the track 'Poem (I wanted to be, basically)'.",,https://en.wikipedia.org/wiki/Federico_Garc%C3%ADa_Lorca,,Draft,M-70,"""The duende… Through the empty arch comes a wind, a mental breeze blowing insistently over the heads of the dead, in search of new landscapes and unknown accents."""
Allen Ginsberg,checked,Allen,Ginsberg,He,"Poet,Fool",US,Mid 20th C,1926,1997,"Howl, Kaddish, Meditation on Moloch",BLOWsutra,,"poetry/language,resistance,spirituality/agnosticism,beat generation,social criticism",His angelic words anchor my FOTUS Circus tracks like 'Psychedelic Hollow Horror Show'.,"America, when will you be angelic? When will you take off your clothes?'
For Ginsberg, Moloch is associated with war, government, capitalism, and mainstream culture, all of which might be summed up by one of the poem's most important concepts: the ""machine"" or ""machinery."" Moloch is an inhuman monster that kills youth and love.",https://en.wikipedia.org/wiki/Allen_Ginsberg,,Draft,M-71,"""America, when will you be angelic? When will you take off your clothes?"""
Jane Goodall,checked,Jane,Goodall,She,"Scientist,Activist,Author",GB,"Late 20th C,Contemporary",1934,2025,"In the Shadow of Man, Reason for Hope, My Life with the Chimpanzees",BOWsutra,"BLOWsutra,GROWsutra","nature,conservation,compassion,humility,science",Goodall sat very still and very long and the chimpanzees came to her. That is a BOW practice. Her life is a masterclass in showing up with humble presence.,"What you do makes a difference, and you have to decide what kind of difference you want to make.",https://en.wikipedia.org/wiki/Jane_Goodall,,Draft,M-72,"""What you do makes a difference, and you have to decide what kind of difference you want to make."""
Amanda Gorman,checked,Amanda,Gorman,She,"Poet,Author",US,Contemporary,2000,,"The Hill We Climb, Call Us What We Carry",GROWsutra,GLOWsutra,"poetry/language,hope,activism,youth",,,https://en.wikipedia.org/wiki/Amanda_Gorman,,Draft,M-73,There is always light. If only we’re brave enough to see it. If only we’re brave enough to be it.
Hafiz,checked,Hafiz,,He,"Poet,Mystic",IR,Medieval,c. 1325,c. 1390,"The Divan of Hafiz, Gazals",GLOWsutra,"BOWsutra,KNOWsutra","poetry/language,spirituality/agnosticism,love/kindness,mysticism",,,https://en.wikipedia.org/wiki/Hafez,,Draft,M-74,"""What is this precious love and laughter budding in our hearts? 
It is the glorious sound of a soul waking up!"""
Nina Hagen,checked,Nina,Hagen,She,Musician,DE,Late 20th C,1955,,"Unbehagen, Nina Hagen Band (album)",GROWsutra,"BLOWsutra,SHOWsutra","music,punk,performance,spirituality/agnosticism,resistance",Inspired 'Seminal Bollocks' (from Personal Jesus) and the 'Dump Trump' (Smack Jack) track.,,https://en.wikipedia.org/wiki/Nina_Hagen,,Draft,M-75,
Thich Nhat Hanh,checked,Thich Nhat,Hanh,He,"Philosopher,Buddhist Monk",VN,"Late 20th C,Contemporary",1926,2022,"The Miracle of Mindfulness, Being Peace",GLOWsutra,"KNOWsutra,BOWsutra","spirituality/agnosticism,mindfulness,peace,compassion",,,https://en.wikipedia.org/wiki/Th%C3%ADch_Nh%E1%BA%A5t_H%E1%BA%A1nh,,Draft,M-76,We are here to awaken from our illusion of separateness.
Joy Harjo,checked,Joy,Harjo,She,"Poet,Musician",US,"Late 20th C,Contemporary",1951,,"An American Sunrise, Crazy Brave, Conflict Resolution for Holy Beings",GLOWsutra,"GROWsutra,FLOWsutra,BOWsutra","indigenous wisdom,nature,poetry,gratitude,earth/spirit",Harjo is the Poet Laureate of Earth herself. Her GLOW comes from deep-rooted indigenous gratitude — she sings the land back into remembering.,Remember the earth whose skin you are... Remember to dance.,https://en.wikipedia.org/wiki/Joy_Harjo,,Draft,M-77,Remember the earth whose skin you are... Remember to dance.
Kamama Harris,checked,Kamama,Harris,She,Politician,US,Contemporary,1964,,,BLOWsutra,GROWsutra,"satire,politics,contemporary",,,https://en.wikipedia.org/wiki/Kamala_Harris,,Draft,M-78,
Stephen Hawking,checked,Stephen,Hawking,He,Scientist,GB,"Late 20th C,Contemporary",1942,2018,"A Brief History of Time, The Universe in a Nutshell",KNOWsutra,GROWsutra,"science,philosophy,knowledge,cosmology",,,https://en.wikipedia.org/wiki/Stephen_Hawking,,Draft,M-79,"""The greatest enemy of knowledge is not ignorance, 
it is the illusion of knowledge."""
Ernest Miller Hemingway,checked,Ernest,Hemingway,He,Author,US,Mid 20th C,1899,1961,"The Old Man and the Sea, A Farewell to Arms, The Sun Also Rises",KNOWsutra,BLOWsutra,"authenticity,war/peace,literature,truth-telling,masculinity",,"If voting mattered, they wouldn't let us do it'",https://en.wikipedia.org/wiki/Ernest_Hemingway,,Draft,M-80,
Jimi Hendrix,checked,Jimi,Hendrix,He,Musician,US,Late 20th C,1942,1970,"Are You Experienced, Electric Ladyland, Axis: Bold as Love",FLOWsutra,"GROWsutra,BLOWsutra,SHOWsutra","guitar/music,psychedelia,freedom,innovation,soul",Hendrix played guitar like FLOWsutra made sound. Every note was surrender to the river. Electric Ladyland is a sutra in six strings.,,https://en.wikipedia.org/wiki/Jimi_Hendrix,,Draft,M-81,
Herman Hesse,checked,Herman,Hesse,He,"Author,Fool",DE/CH,Early 20th C,1877,1962,"Siddhartha, Steppenwolf, The Glass Bead Game",GROWsutra,,"philosophy,spirituality/agnosticism,personal growth,love/kindness",Inspired the track 'Tune In The Tender'.,,https://en.wikipedia.org/wiki/Hermann_Hesse,,Draft,M-82,People with courage and character always seem sinister to the rest.
Henry Scott Holland,checked,Henry-Scott,Holland,He,Philosopher,GB,19th C,1847,1918,Death is Nothing at All (sermon),BOWsutra,GLOWsutra,"death/grief,spirituality/agnosticism,love/kindness","Blessed Be the Dogs' Songs 1 and 3 are built entirely on his 'Death is Nothing at All' sermon. I feel strongly that if dogs could talk, this is exactly what they would say to us about dying. He taught me that grief and gratitude can be the same feeling.","Death is nothing at all. It does not count. I have only slipped away into the next room.' | 'Whatever we were to each other, that we are still.' | 'I am but waiting for you, for an interval, somewhere very near, just round the corner.'",https://en.wikipedia.org/wiki/Henry_Scott_Holland,,Draft,M-83,"""Death is nothing at all. It does not count. 
I have only slipped away into the next room."""
bell hooks,checked,bell,hooks,She,"Author,Feminist Theorist",US,"Late 20th C,Contemporary",1952,2021,"Ain't I a Woman, All About Love, Feminism Is for Everybody",FLOWsutra,"GLOWsutra,GROWsutra,BLOWsutra","feminism,love/kindness,social justice,race,education","hooks wrote love as a radical political act. Her vision flows from deep courage — GLOW lit from within, GROW fueled by love, BLOW as clear-eyed witness.",To be truly visionary we have to root our imagination in our concrete reality while simultaneously imagining possibilities beyond that reality.,https://en.wikipedia.org/wiki/Bell_hooks,,Draft,M-84,To be truly visionary we have to root our imagination in our concrete reality while simultaneously imagining possibilities beyond that reality.
Grace Hopper,checked,Grace,Hopper,She,Scientist,US,Mid 20th C,1906,1992,"COBOL (co-developer), A-0 Compiler",GROWsutra,,"science,computing,pioneering,feminism,knowledge",Inspired 'Zero Sum (Zero Sean)'. Her first bug was found not in code but in character (NO EMPATHY).,,https://en.wikipedia.org/wiki/Grace_Hopper,,Draft,M-85,
Victor Hugo,checked,Victor,Hugo,He,"Author,Poet",FR,19th C,1802,1885,"Les Misérables, Notre-Dame de Paris, Liberté (poem)",BLOWsutra,GROWsutra,"resistance,democracy,poetry/language,authoritarianism",Liberty' is a direct musical translation of his 1821 revolutionary poem — I channeled Bob Marley for the melody. Hugo is the French DNA of Bananasutra: beauty and fury in the same breath.,"And, standing proud, my soul shall tell the tyrants of the earth — farewell!' | 'Even the darkest night will end and the sun will rise.' | 'To love beauty is to see light.'",https://en.wikipedia.org/wiki/Victor_Hugo,,Draft,M-86,"Laughter is the sun that drives winter from the human face.,To love is to act."
Zora Neale Hurston,checked,Zora Neale,Hurston,She,"Author,Anthropologist",US,"Early 20th C,Mid 20th C",1891,1960,"Their Eyes Were Watching God, Dust Tracks on a Road, Mules and Men",GLOWsutra,"BOWsutra,KNOWsutra,FLOWsutra","identity,race,culture,wonder,writing/language","Hurston was a one-woman GLOW department — anthropologist, novelist, folklorist, life-of-the-party. She studied her own people as sacred material. Wildly underrated for decades.",There are years that ask questions and years that answer.,https://en.wikipedia.org/wiki/Zora_Neale_Hurston,,Draft,M-87,There are years that ask questions and years that answer.
Aldous Huxley,checked,Aldous,Huxley,He,"Author,Fool",UK,Mid 20th C,1894,1963,"Brave New World, The Doors of Perception, Point Counter Point",KNOWsutra,,"dystopia,consciousness,philosophy,satire,science fiction",Inspired 'The Dystopian Quiz Song'.,,https://en.wikipedia.org/wiki/Aldous_Huxley,,Draft,M-88,Most ignorance is evincible ignorance. We don’t know because we don’t want to know.
Eugene Ionesco,checked,Eugene,Ionesco,He,Author,FR,Mid 20th C,1909,1994,Rhinoceros,BLOWsutra,,"theater,absurdity/joy,satire,conformity,surrealism",Inspired the track 'Rhinoceross' and surreal real poetry.,,https://en.wikipedia.org/wiki/Eug%C3%A8ne_Ionesco,,Draft,M-89,"""It is not the answer that enlightens, but the question."""
Jean Jacques Rousseau,checked,Rousseau,Jean Jacques,He,Philosopher,FR,18th C,1712,1778,"The Social Contract, Discourse on Inequality, Emile",KNOWsutra,"BLOWsutra,GROWsutra","philosophy,democracy,nature,education,social contract",,,https://en.wikipedia.org/wiki/Jean-Jacques_Rousseau,,Draft,M-90,
Jesus Jesus,checked,Jesus,,He,"Philosopher,Mystic",IL,Ancient,c. 4 BC,c. 30 AD,"Sermon on the Mount, Parables (as recorded in the Gospels)",GROWsutra,,"love/kindness,spirituality/agnosticism,resistance,forgiveness,philosophy",,,https://en.wikipedia.org/wiki/Jesus,,Draft,M-91,
Alejandro Jodorowsky,checked,Alejandro,Jodorowsky,He,"Filmmaker,Author,Philosopher",CL/FR,Contemporary,1929,,"El Topo, The Holy Mountain, Psychomagic: A Healing Art",SHOWsutra,"KNOWsutra,FLOWsutra","surrealism,spirituality/agnosticism,creativity,healing,cinema",,,https://en.wikipedia.org/wiki/Alejandro_Jodorowsky,,Draft,M-92,"""We are born in a moment of brilliance, and we flow with the universe like a dance."""
Samuel Johnson,checked,Samuel,Johnson,He,"Author,Critic",GB,18th C,1709,1784,"Dictionary of the English Language, The Lives of the Poets, The Rambler",KNOWsutra,SHOWsutra,"literature,language,wit,criticism,truth-telling",,,https://en.wikipedia.org/wiki/Samuel_Johnson,,Draft,M-93,"""Curiosity is, in great and generous minds, the first passion and the last."""
Jon Kabat-Zinn,checked,Jon,Kabat-Zinn,He,"Scientist,Philosopher",US,Contemporary,1944,,"Full Catastrophe Living, Wherever You Go There You Are, Arriving at Your Own Door",KNOWsutra,FLOWsutra,"mindfulness,meditation,healing,philosophy,presence",,,https://en.wikipedia.org/wiki/Jon_Kabat-Zinn,,Draft,M-94,"""You can’t stop the waves, but you can learn to surf."""
Frida Kahlo,checked,Frida,Kahlo,She,"Painter,Artist",MX,Mid 20th C,1907,1954,"The Two Fridas, Self-Portrait with Thorn Necklace, The Broken Column",GLOWsutra,"BOWsutra,SHOWsutra,GROWsutra","identity,suffering/resilience,beauty,feminism,art",Kahlo turned her pain into paint and her pain into GLOW. She showed that suffering can be a canvas — and that the body is not a cage but a cathedral.,"Feet, what do I need you for when I have wings to fly?",https://en.wikipedia.org/wiki/Frida_Kahlo,,Draft,M-95,"""Feet, what do I need you for when I have wings to fly?"""
Helen Keller,checked,Helen,Keller,She,"Author,Activist",US,"Early 20th C,Mid 20th C",1880,1968,"The Story of My Life, The World I Live In, Optimism",GLOWsutra,"KNOWsutra,BOWsutra,GROWsutra","courage,wonder,perception,disability,optimism",Keller proved that wonder requires no eyes. Her GLOW was not despite her limits — it was made of them. She redefines what it means to see.,The best and most beautiful things in the world cannot be seen or even touched - they must be felt with the heart.,https://en.wikipedia.org/wiki/Helen_Keller,,Draft,M-96,The best and most beautiful things in the world cannot be seen or even touched. They must be felt with the heart.
Robin Wall Kimmerer,checked,Robin Wall,Kimmerer,She,"Author,Scientist,Botanist",US,Contemporary,1953,,"Braiding Sweetgrass, Gathering Moss",GLOWsutra,"FLOWsutra,GROWsutra,BOWsutra","indigenous wisdom,nature,gratitude,ecology,wonder",Kimmerer teaches that plants have agency and gratitude is a grammar. Her science is GLOW. Her Potawatomi roots are pure BOW. Braiding Sweetgrass is a sacred text for the app.,"Even a wounded world holds us, giving us moments of wonder and joy. I choose joy over despair.",https://en.wikipedia.org/wiki/Robin_Wall_Kimmerer,,Draft,M-97,"""Even a wounded world holds us, giving us moments of wonder and joy. I choose joy over despair."""
Stephen King,checked,Stephen,King,He,Author,US,Late 20th C,1947,,"The Shining, It, Carrie, The Stand",BLOWsutra,"BLOWsutra,KNOWsutra","storytelling,horror,social criticism,fear,creativity",,,https://en.wikipedia.org/wiki/Stephen_King,,Draft,M-98,
Eartha Kitt,checked,Eartha,Kitt,She,Musician,US,"Mid 20th C,Late 20th C",1927,2008,"Santa Baby, Thursday Afternoon, activism/performances",BLOWsutra,"SHOWsutra,GLOWsutra","music,sexuality/liberation,resistance,performance",,,https://en.wikipedia.org/wiki/Eartha_Kitt,,Draft,M-99,
Dalai Lama,checked,Dalai,Lama,He,"Philosopher,Buddhist Leader,Saint",TN,Contemporary,1935,,"Nobel Peace Prize lectures, writings on compassion",GLOWsutra,"BOWsutra,KNOWsutra","spirituality/agnosticism,compassion,peace,wisdom",,,https://en.wikipedia.org/wiki/Dalai_Lama,,Draft,M-100,Happiness is not something ready-made. It comes from your own actions.
Rachel Lark,checked,Rachel,Lark,She,Musician,US,Contemporary,,,Underground comedy/music performances,SHOWsutra,"SHOWsutra,BLOWsutra","humor/satire,performance,underground",,,https://en.wikipedia.org/wiki/Rachel_Lark,,Draft,M-101,
Cindi Lauper,checked,Cindi,Lauper,She,Musician,US,"Late 20th C,Contemporary",1953,,"She Just Wants to Have Fun, True Colors, A Night to Remember",BLOWsutra,GROWsutra,"music,feminism,LGBTQ+,individuality",,,https://en.wikipedia.org/wiki/Cyndi_Lauper,,Draft,M-102,
Ursula K. Le Guin,checked,Ursula K.,Le Guin,She,Author,US,Late 20th C,1929,2018,"The Left Hand of Darkness, The Dispossessed, Earthsea series, The Word for World is Forest",FLOWsutra,"BOWsutra,BLOWsutra,GROWsutra","science fiction,freedom,feminism,utopia/dystopia,philosophy","Le Guin wrote whole worlds that run on FLOWsutra logic — anarchist utopias, gender-fluid societies, empathic politics. The Dispossessed is a bananasutra songbook in novel form.","The only thing that makes life possible is permanent, intolerable uncertainty: not knowing what comes next.",https://en.wikipedia.org/wiki/Ursula_K._Le_Guin,,Draft,M-103,"""The only thing that makes life possible is permanent, intolerable uncertainty: not knowing what comes next."""
Manu LeCon,checked,Manu,LeCon,He,Politician,FR,Contemporary,1977,,Machiavelli Master Thesis,BLOWsutra,BLOWsutra,"satire,politics,contemporary",,,https://en.wikipedia.org/wiki/Emmanuel_Macron,,Draft,M-104,
Peggy Lee,checked,Peggy,Lee,He,Musician,US,Mid 20th C,1920,2002,"Fever, Is That All There Is, Why Don't You Do Right",BLOWsutra,"SHOWsutra,GLOWsutra","music,jazz,femme fatale,independence",,,https://en.wikipedia.org/wiki/Peggy_Lee,,Draft,M-105,
Bruce Lee,checked,Bruce,Lee,He,"Martial Artist,Philosopher",US/HK,Mid 20th C,1940,1973,"Enter the Dragon, Tao of Jeet Kune Do",KNOWsutra,"SHOWsutra,FLOWsutra","philosophy,flow,martial arts,creativity,wisdom","Anchoring my FLOWsutra songs about being adaptive and fluid, like the track 'Flow like Water, My Friend'.",,https://en.wikipedia.org/wiki/Bruce_Lee,,Draft,M-106,"""Be water, my friend."""
John Lennon,checked,John,Lennon,He,Musician,GB,"Mid 20th C,Late 20th C",1940,1980,"The Beatles work, Imagine, Double Fantasy",BLOWsutra,"GLOWsutra,GROWsutra","music,peace,resistance,love/kindness",,,https://en.wikipedia.org/wiki/John_Lennon,,Draft,M-107,"""Living is easy with eyes closed, misunderstanding all you see."""
Ada Limón,checked,Ada,Limón,She,Poet,US,Contemporary,1976,,"The Carrying, Bright Dead Things, The Hurting Kind",GLOWsutra,"BOWsutra,FLOWsutra","poetry,gratitude,nature,wonder,belonging","26th US Poet Laureate (2022–2024). Limón's poetry radiates GLOW energy — a deep, embodied gratitude for the living world, grief included.",And the world says: You are here. You are here. You are here.,https://en.wikipedia.org/wiki/Ada_Lim%C3%B3n,,Draft,M-108,And the world says: You are here. You are here. You are here.
Audre Lorde,checked,Audre,Lorde,She,"Author,Poet",US,Late 20th C,1934,1992,"Sister Outsider, The Cancer Journals, Uses of the Erotic",BLOWsutra,"GLOWsutra,GROWsutra","feminism,race/justice,poetry/language,activism",,,https://en.wikipedia.org/wiki/Audre_Lorde,,Draft,M-109,"""I am not free while any woman is unfree, even when her shackles are very different from my own."""
Ada Lovelace,checked,Ada,Lovelace,She,"Scientist,Philosopher",GB,19th C,1815,1852,"Notes on the Analytical Engine, computing theory",KNOWsutra,GROWsutra,"science,mathematics,feminism,knowledge",,,https://en.wikipedia.org/wiki/Ada_Lovelace,,Draft,M-110,
Wangari Maathai,checked,Wangari,Maathai,She,"Activist,Author,Scientist",KE,"Late 20th C,Contemporary",1940,2011,"Unbowed, The Challenge for Africa, Green Belt Movement (founded)",BOWsutra,"GLOWsutra,GROWsutra,BLOWsutra","activism,nature,justice,humility,community",Maathai planted 47 million trees. That is a BOW practice at scale. Nobel Peace Prize for connecting ecology and democracy — she knew the land and the law were one sentence.,It's the little things citizens do. That's what will make the difference. My little thing is planting trees.,https://en.wikipedia.org/wiki/Wangari_Maathai,,Draft,M-111,It’s the little things citizens do. That’s what will make the difference. My little thing is planting trees.
Antonio Machado,checked,Antonio,Machado,He,"Poet,Philosopher",SP,Early 20th C,1875,1939,"Campos de Castilla, Juan de Mairena",KNOWsutra,"GLOWsutra,BLOWsutra","poetry/language,philosophy,love/kindness,spirituality/agnosticism",,,https://en.wikipedia.org/wiki/Antonio_Machado,,Draft,M-112,"""Wanderer, there is no path, the path is made by walking."""
René Magritte,checked,René,Magritte,He,"Artist,Painter,Poet",BE,"Early 20th C,Mid 20th C",1898,1967,"The Son of Man, The Persistence of Memory, The False Mirror",SHOWsutra,FLOWsutra,"surrealism,creativity,philosophy,visual art",,,https://en.wikipedia.org/wiki/Ren%C3%A9_Magritte,,Draft,M-113,This is not a pipe.
Nelson Mandela,checked,Nelson,Mandela,He,"Politician,Philosopher",ZA,"Late 20th C,Contemporary",1918,2013,"Long Walk to Freedom, speeches on reconciliation",BLOWsutra,"GROWsutra,BOWsutra","race/justice,resistance,forgiveness,spirituality/agnosticism",,,https://en.wikipedia.org/wiki/Nelson_Mandela,,Draft,M-115,"One man with courage is a majority.,The most potent weapon of the oppressor is the mind of the oppressed."
Mariama Mariama,checked,Mariama,Mariama,She,Musician,GN/FR,Contemporary,1984,,"Afropop, world music albums",BLOWsutra,,"music,world music,Afropop,cultural expression",,,https://en.wikipedia.org/wiki/Mariama,,Draft,M-116,
Groucho Marx,checked,Groucho,Marx,He,"Comedian,Fool",US,Early 20th C,1890,1977,"Duck Soup, A Night at the Opera, You Bet Your Life",BLOWsutra,SHOWsutra,"humor/satire,absurdity/joy,resistance,wit,performance",,,https://en.wikipedia.org/wiki/Groucho_Marx,,Draft,M-117,I don’t want to belong to any club that would have me as a member.
Terrence McKenna,checked,Terrence,McKenna,He,Philosopher,US,Late 20th C,1946,2000,"Food of the Gods, The Archaic Revival, True Hallucinations",KNOWsutra,BLOWsutra,"philosophy,consciousness,psychedelics,resistance,creativity",Inspired 'Media Freakshow' and 'Waddling Egos Parade'.,"Not to know one's true identity is to be a mad, disensouled thing — a golem.'",https://en.wikipedia.org/wiki/Terence_McKenna,,Draft,M-118,
Herman Melville,checked,Herman,Melville,He,"Author,Poet",US,19th C,1819,1891,"Moby Dick, Billy Budd, Bartleby the Scrivener",KNOWsutra,"BLOWsutra,BOWsutra","philosophy,literature,truth-telling,resistance",,,https://en.wikipedia.org/wiki/Herman_Melville,,Draft,M-119,It is not down on any map; true places never are.
Molière,checked,,Molière,He,"Author,Fool",FR,17th C,1622,1673,"Tartuffe, Le Misanthrope, The Imaginary Invalid",SHOWsutra,"BLOWsutra,KNOWsutra","humor/satire,theater,social criticism,absurdity/joy",,,https://en.wikipedia.org/wiki/Moli%C3%A8re,,Draft,M-120,"""It is not only for what we do that we are held responsible, but also for what we do not do."",The trees that are slow to grow bear the best fruit."
Marilyn Monroe,checked,Marilyn,Monroe,She,"Comedian,Actress,Fool",US,Mid 20th C,1926,1962,"Gentlemen Prefer Blondes, Some Like It Hot, The Misfits",SHOWsutra,GLOWsutra,"humor/satire,performance,feminism,tragedy",,,https://en.wikipedia.org/wiki/Marilyn_Monroe,,Draft,M-121,I’d rather be absolutely ridiculous than absolutely boring.
Morissey Morissey,checked,Morissey,Morissey,He,Musician,GB,Contemporary,1959,,"The Smiths, Vauxhall and I, Your Arsenal",BLOWsutra,SHOWsutra,"music,melancholy,wit,social commentary,outsider",,,https://en.wikipedia.org/wiki/Morrissey,,Draft,M-122,
Jim Morrison,checked,Jim,Morrison,He,Musician,US,Mid 20th C,1943,1971,"Light My Fire, Riders on the Storm (The Doors)",SHOWsutra,,"music,poetry/language,mysticism,performance,rebellion",Inspired the track 'Shades of Fools (All I Know)'.,,https://en.wikipedia.org/wiki/Jim_Morrison,,Draft,M-123,"""In a life properly lived, you're a river. You touch things lightly or deeply; you move along because life herself moves, and you can't stop it; you can't figure out a banal game plan applicable to all situations; you just have to go with the 'beingness' of life."""
Friedrich Nietzsche,checked,Friedrich,Nietzsche,He,Philosopher,DE,19th C,1844,1900,"Thus Spoke Zarathustra, Beyond Good and Evil, The Birth of Tragedy, The Gay Science",KNOWsutra,,"philosophy,truth-telling,creativity,resistance,existentialism",Inspired the 'Nietzsche's Gift (Muddy Waters)' song cycles.,They muddy the water to make it look deep.',https://en.wikipedia.org/wiki/Friedrich_Nietzsche,,Draft,M-124,"He who has a why to live can bear almost any how.,""In heaven, all the interesting people are missing."",They muddy the waters to make it seem deep.,And those who were seen dancing were thought to be insane by those who could not hear the music."
Anaïs Nin,checked,Anaïs,Nin,She,Author,FR/US,Mid 20th C,1903,1977,"The Diary of Anaïs Nin, Delta of Venus, House of Incest",FLOWsutra,"KNOWsutra,GLOWsutra","self-discovery,desire,identity,diary/writing,personal growth",Nin is the philosopher of becoming — she lived the FLOWsutra creed before it had a name. Her diaries are a masterclass in trusting the river.,"Life is a process of becoming, a combination of states we have to go through.",https://en.wikipedia.org/wiki/Ana%C3%AFs_Nin,,Draft,M-125,"""Life is a process of becoming, a combination of states we have to go through. Where people fail is that they wish to elect a state and remain in it. This is a kind of death."",""We do not grow absolutely, chronologically. We grow sometimes in one dimension, and not in another; unevenly."",""Life is a process of becoming, a combination of states we have to go through. Where people fail is that they wish to elect a state and remain in it. This is a kind of death."""
Naomi Shihab Nye,checked,Naomi Shihab,Nye,She,Poet,US,Contemporary,1952,,"19 Varieties of Gazelle, Fuel, You and Yours",GROWsutra,GLOWsutra,"poetry/language,kindness,peace,multicultural,love/kindness",,,https://en.wikipedia.org/wiki/Naomi_Shihab_Nye,,Draft,M-126,"""Before you learn the gravity of kindness, you must travel where sorrow lies."""
Barack Obama,checked,Barack,Obama,He,Politician,US,Contemporary,1961,,"Dreams from My Father, The Audacity of Hope",BLOWsutra,,"hope,democracy,race/justice,politics,change",,,https://en.wikipedia.org/wiki/Barack_Obama,,Draft,M-127,
Mary Oliver,checked,Mary,Oliver,She,"Author,Poet",US,Contemporary,1935,2019,"Wild Geese, Upstream, Why I Wake Early",GLOWsutra,"FLOWsutra,BOWsutra","ecology,love/kindness,spirituality/agnosticism,poetry/language",My awe teacher. She makes the case for paying attention as a spiritual practice — for noticing the small sacred things — and that's the whole point of GLOWsutra. 'Why not let the soft animal of your body love what it loves?' is basically the BOWsutra mission statement.,"Tell me, what is it you plan to do with your one wild and precious life?' | 'You do not have to be good.' | 'Why not let the soft animal of your body love what it loves?'",https://en.wikipedia.org/wiki/Mary_Oliver,,Draft,M-128,"""I don’t know if I found my way, but I have walked enough to see that it’s all worth it."",""Tell me, what is it you plan to do with your one wild and precious life?"",Why not let the soft animal of your body love what it loves?"
George Orwell,checked,George,Orwell,He,"Author,Poet",GB,Mid 20th C,1903,1950,"1984, Animal Farm, Homage to Catalonia",KNOWsutra,BLOWsutra,"authoritarianism,truth-telling,resistance,democracy,philosophy","The original 'this is what fascism looks like' alarm bell. 1984 is the architecture of everything I fear. When I wrote 'Time for Rebel Romance' about the anti-Christian surveillance task force, I was living in the Ministry of Religious Freedom à la Orwell.","In a time of deceit, telling the truth is a revolutionary act.' | 'Big Brother is watching you.' | 'Who controls the past controls the future.'",https://en.wikipedia.org/wiki/George_Orwell,,Draft,M-129,"""All animals are equal, but some animals are more equal than others."",Happiness can exist only in acceptance.,People sleep peacefully in their beds at night only because rough men stand ready to do violence on their behalf.,Some ideas are so stupid that only intellectuals believe them.,""The creatures outside looked from pig to man, and from man to pig, and from pig to man again; but already it was impossible to say which was which."""
Thomas Paine,checked,Thomas,Paine,He,Philosopher,UK,18th C,1737,1809,"Common Sense, Rights of Man, The Age of Reason",BLOWsutra,,"democracy,revolution,philosophy,resistance,freedom","Inspired the track 'Thank you, Mister Paine' (American Accountability Revolution Blues).",,https://en.wikipedia.org/wiki/Thomas_Paine,,Draft,M-130,
Blaise Pascal,checked,Blaise,Pascal,He,Philosopher,FR,17th C,1623,1662,"Pensées, Pascal's Wager, Lettres provinciales",KNOWsutra,,"philosophy,theology,mathematics,truth-telling,existentialism",Inspired 'Blaise's Tale' – a cautionary tale about means and ends.,La fin ne justifie pas les moyens.',https://en.wikipedia.org/wiki/Blaise_Pascal,,Draft,M-131,"La fin ne justifie pas les moyens.,Man is equally incapable of seeing the nothingness from which he emerges and the infinity in which he is engulfed."
Pablo Picasso,checked,Pablo,Picasso,He,Painter,SP/FR,Early 20th C,1881,1973,"Guernica, Les Demoiselles d'Avignon, The Weeping Woman",BLOWsutra,,"creativity,art,resistance,war/peace,innovation",,,https://en.wikipedia.org/wiki/Pablo_Picasso,,Draft,M-132,I don’t believe in accidents. There are only encounters in history. There are no accidents.
Sex Pistols,checked,Sex,Pistols,He,Musician,GB,Late 20th C,1975,1978,"Never Mind the Bollocks, God Save the Queen",BLOWsutra,SHOWsutra,"punk,resistance,anti-establishment,music",,,https://en.wikipedia.org/wiki/Sex_Pistols,,Draft,M-133,Never mind the bollocks.
Plato,checked,Plato,,He,Philosopher,GR,Ancient,c. 428 BC,c. 348 BC,"The Republic, The Symposium, The Apology, Phaedo",KNOWsutra,"BLOWsutra,GROWsutra","philosophy,truth-seeking,justice,knowledge",,,https://en.wikipedia.org/wiki/Plato,,Draft,M-134,"Ignorance is the root and stem of all evil.,Life must be lived as play."
Cole Porter,checked,Cole,Porter,He,Musician,US,"Early 20th C,Mid 20th C",1891,1964,"Night and Day, Kiss Me Kate, Anything Goes",SHOWsutra,,"music,theater,romance,elegance",,,https://en.wikipedia.org/wiki/Cole_Porter,,Draft,M-135,
Portishead,checked,,Portishead,They,Musician,GB,Late 20th C,1991,,,FLOWsutra,BOWsutra,"music,trip-hop,melancholy,atmosphere,electronics",,,https://en.wikipedia.org/wiki/Portishead_(band),,Draft,M-136,
Cat Power,checked,Cat,Power,She,Musician,US,"Late 20th C,Contemporary",1966,,"Moon, The Greatest, Covers Record",BOWsutra,"FLOWsutra,GLOWsutra","music,emotionality,creativity,covers","Werewolf inspired ""Too Hard"" song",,https://en.wikipedia.org/wiki/Cat_Power,,Draft,M-137,
Adrienne Rich,checked,Adrienne,Rich,She,Poet,US,Late 20th C,1929,2012,"The Dream of a Common Language, Diving into the Wreck",BLOWsutra,"GLOWsutra,GROWsutra","feminism,poetry/language,resistance,love/kindness",,,https://en.wikipedia.org/wiki/Adrienne_Rich,,Draft,M-139,
Arthur Rimbaud,checked,Arthur,Rimbaud,He,Poet,FR,19th C,1854,1891,"A Season in Hell, The Drunken Boat, Illuminations",FLOWsutra,"BLOWsutra,KNOWsutra","poetry/language,rebellion,surrealism,mysticism",,,https://en.wikipedia.org/wiki/Arthur_Rimbaud,,Draft,M-140,
Carl Rogers,checked,Carl,Rogers,He,"Psychologist,Philosopher",US,Mid 20th C,1902,1987,"On Becoming a Person, Client-Centered Therapy",GROWsutra,"KNOWsutra,GLOWsutra","psychology,personal growth,empathy,philosophy",,,https://en.wikipedia.org/wiki/Carl_Rogers,,Draft,M-141,"""The curious paradox is that when I accept myself just as I am, then I can change."""
Don Miguel Ruiz,checked,Don Miguel,Ruiz,He,Author,MX,Contemporary,1952,,"The Four Agreements, The Voice of Knowledge",KNOWsutra,,"spirituality/agnosticism,wisdom,personal growth,philosophy",,,https://en.wikipedia.org/wiki/Don_Miguel_Ruiz,,Draft,M-142,
Rumi,checked,Rumi,,He,Poet,IR/TR,Medieval,1207,1273,"The Masnavi, The Divan of Shams of Tabriz",GLOWsutra,"BOWsutra,KNOWsutra","poetry/language,spirituality/agnosticism,love/kindness,mysticism",,,https://en.wikipedia.org/wiki/Rumi,,Draft,M-143,"Life is a balance of holding on and letting go.,What you seek is seeking you.,""When you do things from your soul, you feel a river moving in you, a joy."",You are the universe in ecstatic motion."
Bertrand Russell,checked,Bertrand,Russell,He,Philosopher,GB,Early 20th C,1872,1970,"The Conquest of Happiness, Marriage and Morals, A History of Western Philosophy",KNOWsutra,GROWsutra,"philosophy,truth-telling,love/kindness,spirituality/agnosticism,humor/satire","My wise dead daddy. He gave me the two simplest and most radical instructions: get the facts right, keep love in sight. 'Two Things, Darling' is basically a love letter to him. His Marriage and Morals essay inspired the Ethical Paradox song cycle.","The whole problem with the world is that fools and fanatics are always so certain of themselves, and wiser people so full of doubts.' | 'Love is wise, hatred is foolish.' | 'I should like to say two things: When studying any matter, ask only what are the facts. And: love is wise, hatred is foolish.'",https://en.wikipedia.org/wiki/Bertrand_Russell,,Draft,M-144,"The trouble with the world is that the stupid are cocksure and the intelligent are full of doubt.,To be without some of the things you want is an indispensable part of happiness.,""Do not fear to be eccentric in opinion, for every opinion now accepted was once eccentric."",The world is full of magical things patiently waiting for our wits to grow sharper.,The only thing that will redeem mankind is cooperation.,The good life is one inspired by love and guided by knowledge.,War does not determine who is right—only who is left.,""Most people would sooner die than think; in fact, they do."",""People's opinions are mainly designed to make them feel comfortable; truth, for most people, is a secondary consideration."""
Carl Sagan,checked,Carl,Sagan,He,"Scientist,Philosopher",US,Late 20th C,1934,1996,"Cosmos: A Personal Voyage, Pale Blue Dot, Contact",KNOWsutra,GROWsutra,"science,truth-telling,cosmology,wonder,philosophy",Inspired 'Bamboozled' / 'L'Embobinage' and 'Some Truths Are Harder to Swallow'.,"Une des leçons les plus tristes de l'histoire est celle-ci: si nous avons été embobinés assez longtemps, nous avons tendance à rejeter toute preuve de l'embobinage.'",https://en.wikipedia.org/wiki/Carl_Sagan,,Draft,M-145,"I am just a tiny speck in an infinite sea of stars.,""Une des leçons les plus tristes de l'histoire est celle-ci: si nous avons été embobinés assez longtemps, nous avons tendance à rejeter toute preuve de l'embobinage."",""One of the saddest lessons of history is this: If we’ve been bamboozled long enough, we tend to reject any evidence of the bamboozle."",Our planet is a lonely speck in the great enveloping cosmic dark."
Bernie Sanders,checked,Bernie,Sanders,He,"Politician,Philosopher",US,Contemporary,1941,,"Speeches on democratic socialism, political activism",BLOWsutra,GROWsutra,"resistance,democracy,justice,social justice",,,https://en.wikipedia.org/wiki/Bernie_Sanders,,Draft,M-146,A nation will not survive morally or economically when so few have so much and so many have so little.
Jean-Paul Sartre,checked,Jean-Paul,Sartre,He,Philosopher,FR,Mid 20th C,1905,1980,"Being and Nothingness, Existentialism is a Humanism, No Exit",BLOWsutra,"SHOWsutra,GLOWsutra","philosophy,freedom,existentialism,resistance",,,https://en.wikipedia.org/wiki/Jean-Paul_Sartre,,Draft,M-147,"Existence precedes essence.,Freedom is what you do with what’s been done to you."
William Shakespeare,checked,William,Shakespeare,He,Author,GB,"16th C,17th C",1564,1616,"Hamlet, Macbeth, A Midsummer Night's Dream, The Tempest",KNOWsutra,"GLOWsutra,FLOWsutra","poetry/language,drama,love/kindness,human nature",,,https://en.wikipedia.org/wiki/William_Shakespeare,,Draft,M-148,"""Hell is empty, and all the devils are here."",Ignorance is the curse of God; knowledge is the wing wherewith we fly to heaven.,""There are more things in heaven and earth, Horatio, than are dreamt of in your philosophy."""
George Bernard Shaw,checked,George Bernard,Shaw,He,"Author,Playwright,Critic",GB,Early 20th C,1856,1950,"Pygmalion, Saint Joan, Heartbreak House",BLOWsutra,"SHOWsutra,KNOWsutra","social criticism,theater,humor/satire,resistance",,,https://en.wikipedia.org/wiki/George_Bernard_Shaw,,Draft,M-149,Life does not cease to be funny when people die any more than it ceases to be serious when people laugh.
Nina Simone,checked,Nina,Simone,She,Musician,US,Mid 20th C,1933,2003,"Feeling Good, Mississippi Goddam, I Put a Spell on You",KNOWsutra,"GROWsutra,GLOWsutra","music,race/justice,resistance,soul,feminism",,,https://en.wikipedia.org/wiki/Nina_Simone,,Draft,M-150,
Frank Sinatra,checked,Frank,Sinatra,He,"Musician,Fool",US,Mid 20th C,1915,1998,"My Way, New York New York, Fly Me to the Moon",SHOWsutra,,"music,performance,charisma,americana,love/kindness",,,https://en.wikipedia.org/wiki/Frank_Sinatra,,Draft,M-151,
Patti Smith,checked,Patti,Smith,She,"Musician,Poet",US,Late 20th C,1946,,Horses,BLOWsutra,"GROWsutra,GLOWsutra","music,poetry/language,resistance,punk,spirituality/agnosticism",Inspired the track 'Because The Light'.,,https://en.wikipedia.org/wiki/Patti_Smith,,Draft,M-152,
Snoopy,checked,Snoopy,,They,Fictional,US,Late 20th C,1950,,,SHOWsutra,,absurdity/joy,"Inspired the track 'I Did the Math, and Everything is Stupid'.","I did the math, and everything is stupid.'",https://en.wikipedia.org/wiki/Snoopy,,Draft,M-153,"""I did the math, and everything is stupid."""
Edward Snowden,checked,Edward,Snowden,He,"Author,Fool",US,Contemporary,1983,,"Permanent Record, NSA leaks/whistleblowing",BLOWsutra,,"truth-telling,resistance,privacy,whistleblowing",,,https://en.wikipedia.org/wiki/Edward_Snowden,,Draft,M-154,
Socrates,checked,Socrates,,He,Philosopher,GR,Ancient,c. 470 BC,399 BC,"The Apology, Dialogues (as recorded by Plato)",KNOWsutra,GROWsutra,philosophy/questioning,"Inspired 'Oh My, Oh Why (Socrates Song)' and 'Shades of Fools'.",All I really know is I dunno shit about fck.',https://en.wikipedia.org/wiki/Socrates,,Draft,M-155,"The only true wisdom is in knowing you know nothing.,The unexamined life is not worth living.,Wonder is the beginning of wisdom."
Aleksandr Solzhenitsyn,checked,Aleksandr,Solzhenitsyn,He,"Author,Poet",RU,Mid 20th C,1918,2008,"The Gulag Archipelago, One Day in the Life of Ivan Denisovich",KNOWsutra,BLOWsutra,"authoritarianism,truth-telling,resistance,philosophy",Spit Back the Lies' is dedicated to Sasha. He survived the Soviet Gulag and then risked his life to document it. The line 'we live not by lies' is the spine of an entire Bananasutra song cycle. He is proof that one writer's refusal to pretend can change history.,"The line separating good and evil passes not through states, nor between classes — but right through every human heart.' | 'We live not by lies.' | 'Violence can only be concealed by a lie, and the lie can only be maintained by violence.'",https://en.wikipedia.org/wiki/Aleksandr_Solzhenitsyn,,Draft,M-156,"""The line separating good and evil passes not through states, nor between classes—but right through every human heart."",We live not by lies."
Banana Sutra,checked,Banana,Sutra,They,Fool,FR,Contemporary,1974,,bananasutra gospel,SHOWsutra,"KNOWsutra,QUACKsutra (BLOWsutra Duck Shady),BLOWsutra,GROWsutra,FLOWsutra,GLOWsutra,BOWsutra","humor/satire,philosophy,absurdity/joy,music,self-reference",it me :),,,,Draft,M-157,"""Not all cowards are hypocrites, but(t) all hypocrites are cowards."",All I really know is I dunno shit about fck.,""I’ll take the hope of a democratic future over the certainty of an authoritarian one, any day."""
Charles Tart,checked,Charles,Tart,He,"Author,Psychologist",US,Contemporary,1937,2025,Altered states of consciousness,KNOWsutra,"FLOWsutra,BOWsutra","consciousness,psychology,altered states,spirituality,science",Tart spent his career asking 'is it true?' about inner experience — the ultimate KNOWsutra scientist of consciousness.,,https://en.wikipedia.org/wiki/Charles_Tart,,Draft,M-158,
Hunter S. Thompson,checked,Hunter S.,Thompson,He,"Author,Fool",US,Late 20th C,1937,2005,"Fear and Loathing in Las Vegas, Hell's Angels, The Rum Diary",SHOWsutra,,"resistance,humor/satire,truth-telling,counterculture,democracy",,,https://en.wikipedia.org/wiki/Hunter_S._Thompson,,Draft,M-159,
Henry David Thoreau,checked,Henry David,Thoreau,He,"Author,Philosopher",US,19th C,1817,1862,"Walden, Civil Disobedience, The Maine Woods",BLOWsutra,"GROWsutra,KNOWsutra","philosophy,resistance,nature,spirituality/agnosticism",,,https://en.wikipedia.org/wiki/Henry_David_Thoreau,,Draft,M-160,"""It’s not what you look at that matters, it’s what you see."""
Eckhart Tolle,checked,Eckhart,Tolle,He,Author,GB,Contemporary,1948,,"The Power of Now, A New Earth",KNOWsutra,"FLOWsutra,BOWsutra","spirituality/agnosticism,mindfulness,presence,ego,consciousness",Tolle's core teaching IS KNOWsutra: the present moment is the only truth. He strips ego to nothing and lets silence speak.,,https://en.wikipedia.org/wiki/Eckhart_Tolle,,Draft,M-161,
Elon Trusk,,Elon,Trusk,He,Politician,US,Contemporary,1971,,,BLOWsutra,,"satire,resistance,technology critique",,,https://en.wikipedia.org/wiki/Elon_Musk,,Draft,M-162,
Desmond Tutu,checked,Desmond,Tutu,He,"Politician,Philosopher,Saint",ZA,"Late 20th C,Contemporary",1931,2021,"Truth and Reconciliation Commission leadership, speeches",BOWsutra,"GLOWsutra,BLOWsutra","spirituality/agnosticism,forgiveness,race/justice,compassion",,,https://en.wikipedia.org/wiki/Desmond_Tutu,,Draft,M-163,"""Give light, and the darkness will disappear of itself."""
Mark Twain,checked,Mark,Twain,He,"Author,Philosopher",US,"19th C,Early 20th C",1835,1910,"The Adventures of Huckleberry Finn, The Adventures of Tom Sawyer",BLOWsutra,"SHOWsutra,KNOWsutra","humor/satire,social criticism,truth-telling,absurdity/joy",,,https://en.wikipedia.org/wiki/Mark_Twain,,Draft,M-164,"It's easier to fool people than to convince them that they have been fooled.,The secret source of humor itself is not joy but sorrow. There is no humor in heaven."
Lao Tzu,checked,Lao,Tzu,He,Philosopher,CN,Ancient,c. 604 BC,c. 531 BC,"Tao Te Ching, Daodejing",FLOWsutra,"KNOWsutra,BOWsutra","philosophy,spirituality/agnosticism,nature,wisdom",,,https://en.wikipedia.org/wiki/Laozi,,Draft,M-165,"""He who knows others is wise; 
he who knows himself is enlightened."",Life is a series of natural and spontaneous changes. Don’t resist them; that only creates sorrow."
Peter Ustinov,checked,Peter,Ustinov,He,"Actor,Playwright,Comedian",GB/RU,"Mid 20th C,Late 20th C",1921,2004,"Topkapi, Spartacus, Romanoff and Juliet",SHOWsutra,"BLOWsutra,GLOWsutra","humor/satire,theater,wit,human nature",,,https://en.wikipedia.org/wiki/Peter_Ustinov,,Draft,M-166,Comedy is simply a funny way of being serious.
Voltaire,checked,Voltaire,,He,"Philosopher,Fool",FR,18th C,1694,1778,"Candide, Philosophical Dictionary, Letters Concerning the English Nation",GROWsutra,BLOWsutra,"philosophy,freedom,humor/satire,democracy,truth-telling",,,https://en.wikipedia.org/wiki/Voltaire,,Draft,M-167,The only way to comprehend what mathematicians mean by infinity is to contemplate the extent of human stupidity.
Kurt Vonnegut,checked,Kurt,Vonnegut,He,Author,US,"Mid 20th C,Late 20th C",1922,2007,"Slaughterhouse-Five, Cat's Cradle, Breakfast of Champions",BLOWsutra,KNOWsutra,"philosophy,satire,war/peace,absurdity/joy",,,https://en.wikipedia.org/wiki/Kurt_Vonnegut,,Draft,M-168,
Vladimir Vysotsky,checked,Vladimir,Vysotsky,He,"Musician,Poet",RU,Mid 20th C,1938,1980,The Echo Song,BLOWsutra,GLOWsutra,"music,poetry/language,resistance,Russian identity,authenticity",Inspired the Russian BLOWsutra track 'The Echo Song'.,,https://en.wikipedia.org/wiki/Vladimir_Vysotsky,,Draft,M-169,
Richard Wagner,checked,Richard,Wagner,He,"Musician,Composer",DE,19th C,1813,1883,"The Ring Cycle, Tristan and Isolde, The Flying Dutchman",GLOWsutra,"FLOWsutra,KNOWsutra","music,opera,drama,mythology",,,https://en.wikipedia.org/wiki/Richard_Wagner,,Draft,M-170,Joy is not in things; it is in us.
Tom Waits,checked,Tom,Waits,He,"Musician,Fool",US,Contemporary,1949,,"Rain Dogs, Closing Time, Tom Traubert's Blues",KNOWsutra,,"music,poetry/language,absurdity/joy,storytelling,love/kindness",Inspired the track 'There's No Prayer Like Desire'.,,https://en.wikipedia.org/wiki/Tom_Waits,,Draft,M-171,
Alan Watts,checked,Alan,Watts,He,"Philosopher,Author",GB,Mid 20th C,1915,1973,"The Way of Liberation, Nature Man and Woman, The Joyous Cosmology",KNOWsutra,"GLOWsutra,BOWsutra","spirituality/agnosticism,philosophy,wisdom,consciousness",,,https://en.wikipedia.org/wiki/Alan_Watts,,Draft,M-172,"""The only way to make sense out of change is to plunge into it, move with it, and join the dance."""
Simone Weil,checked,Simone,Weil,She,"Author,Philosopher",FR,"Early 20th C,Mid 20th C",1909,1943,"Gravity and Grace, Waiting for God, The Need for Roots",BOWsutra,"KNOWsutra,GLOWsutra","spirituality/agnosticism,philosophy,mysticism,suffering",,,https://en.wikipedia.org/wiki/Simone_Weil,,Draft,M-173,Attention is the rarest and purest form of generosity.
Oscar Wilde,checked,Oscar,Wilde,He,"Author,Poet,Playwright,Fool",GB,19th C,1854,1900,"The Picture of Dorian Gray, The Importance of Being Earnest, An Ideal Husband",SHOWsutra,"BLOWsutra,GLOWsutra","humor/satire,wit,aestheticism,resistance",,,https://en.wikipedia.org/wiki/Oscar_Wilde,,Draft,M-174,"Life is too important to be taken seriously.,The smallest act of kindness is worth more than the grandest intention.,""To live is the rarest thing in the world. Most people exist, that is all."",""In America, the President reigns for four years."",If voting made any difference they wouldn’t let us do it."
Amy Winehouse,checked,Amy,Winehouse,She,Musician,GB,Contemporary,1983,2011,"Back to Black, Frank",FLOWsutra,"BLOWsutra,GLOWsutra","soul music,heartbreak,love/loss,authenticity,addiction",Winehouse was a FLOWsutra soul trapped in a BLOWsutra world. Her music is the most honest map of love and loss since the blues was invented.,,https://en.wikipedia.org/wiki/Amy_Winehouse,,Draft,M-175,
Winnie The Pooh,checked,The Pooh,Winnie,They,"Fictional,Fool",US,Mid 20th C,1924,,,SHOWsutra,GLOWsutra,"absurdity/joy,love/kindness,philosophy,humor/satire,childhood",,,https://en.wikipedia.org/wiki/Winnie-the-Pooh,,Draft,M-176,
Virginia Woolf,checked,Virginia,Woolf,She,"Author,Essayist",GB,Early 20th C,1882,1941,"Mrs Dalloway, To the Lighthouse, A Room of One's Own, The Waves",FLOWsutra,"GROWsutra,BOWsutra,SHOWsutra,GLOWsutra","feminism,stream of consciousness,identity,inner life,writing/language","Woolf invented stream-of-consciousness as a literary practice — that IS FLOWsutra. 'I am rooted, but I flow' is the most perfect sutra sentence ever written by accident.","I am rooted, but I flow.",https://en.wikipedia.org/wiki/Virginia_Woolf,,Draft,M-177,"""I am rooted, but I flow."""
Frank Zappa,checked,Frank,Zappa,He,"Musician,Fool",US,Late 20th C,1940,1993,"Freak Out!, Over-Nite Sensation, Joe's Garage",SHOWsutra,BLOWsutra,"music,satire,resistance,social criticism",,,https://en.wikipedia.org/wiki/Frank_Zappa,,Draft,M-178,"Don’t be afraid to look silly. It might free you.,Music is the only religion that delivers the good."
Jules Renard,checked,Jules,Renard,He,"Author,Humorist,Philosopher,Playwright",FR,18th C,1864,1910,"Poil De Carotte, Histoires Naturelles",SHOWsutra,GLOWsutra,humor/satire,"in his Histoires naturelles he humanizes animals and animalizes men) and he was an active supporter of pacifism and anticlericalism (apparent in La Bigote)... 

Novels
Crime de village (1888)
Sourires pincés (1890)
L'Écornifleur (1892)
La Lanterne sourde (1893)
Coquecigrues (1893)
Deux Fables sans morale (1893)
Le Coureur de filles (1894)
Histoires naturelles (1894)
Poil de carotte (1894), text
Le Vigneron dans sa vigne (1894)
La Maîtresse (1896)
Bucoliques (1898)
Les Philippe (1907)
Patrie (1907)
Mots d'écrit (1908)
Ragotte (1909)
Nos Frères farouches (1909)
Causeries (1910)
L'Œil clair (1913)
Les Cloportes (1919)
Plays
La Demande (1895)
Le Plaisir de rompre (1897)
Le Pain de ménage (1898)
Poil de carotte (1900)
Monsieur Vernet (1903)
La Bigote (1909)
Huit Jours à la campagne (1912)",,https://en.wikipedia.org/wiki/Jules_Renard,,Draft,M-179,Laziness is nothing more than the habit of resting before you get tired.
Lou Reed,checked,Lou,Reed,He,"Musician,Songwriter",US,Late 20th C,1942,2013,,KNOWsutra,SHOWsutra,,,,https://en.wikipedia.org/wiki/Lou_Reed,,Draft,M-180,
Eleanor Roosevelt,checked,Eleanor,Roosevelt,She,,US/CA,Late 20th C,1884,1962,,KNOWsutra,GROWsutra,,,,https://en.wikipedia.org/wiki/Eleanor_Roosevelt,,Draft,M-181,Do one thing every day that scares you.
Sinéad O'Connor,checked,Sinéad,O'Connor,She,"Musician,Songwriter",IR,Late 20th C,1966,2023,,BOWsutra,BOWsutra,,,,https://en.wikipedia.org/wiki/Sin%C3%A9ad_O%27Connor,,Draft,M-182,
Lee Miller,checked,Lee,Miller,She,"Photographer,Artist",US,Mid 20th C,1907,1977,,BLOWsutra,GROWsutra,,,,https://en.wikipedia.org/wiki/Lee_Miller,,Draft,M-183,
Sharon Robinson,checked,Sharon,Robinson,She,"Songwriter,Musician",US,Late 20th C,1958,,“Everybody Knows” with Leonard Cohen,GROWsutra,FLOWsutra,,,,https://en.wikipedia.org/wiki/Sharon_Robinson_(musician),,Draft,M-184,
"Hedy Lamarr
",checked,Hedy,Lamarr,She,"Actress,Visionary",US,Mid 20th C,1914,2000,"Samson and Delilah (1949)
",KNOWsutra,SHOWsutra,,"She was finally recognized for her scientific contributions late in life, receiving the Electronic Frontier Foundation Pioneer Award in 1997, and was posthumously inducted into the National Inventors Hall of Fame in 2014",,https://en.wikipedia.org/wiki/Hedy_Lamarr,,Draft,M-185,Improving things comes naturally to me.
Laurie Anderson ,checked,Laurie,Anderson,She,"Musician,Visionary",US,Contemporary,1947,,Heart of a Dog ref: https://en.wikipedia.org/wiki/Heart_of_a_Dog_(2015_film)  ,GROWsutra,FLOWsutra,,,,https://en.wikipedia.org/wiki/Laurie_Anderson,,Draft,M-186,
Baruch Spinoza,checked,Baruch,Spinoza,He,Philosopher,DE,17th C,1632,1677,,KNOWsutra,GROWsutra,,,,https://en.wikipedia.org/wiki/Baruch_Spinoza,,Draft,M-187,Love is nothing but Joy with accompanying idea of external cause.
Gabrielle Roth,checked,Gabrielle,Roth,She,"Dancer,Musician,Author",US,Late 20th C,1941,2012,"5Rhythms (Flowing, Staccato, Chaos, Lyrical, Stillness), trance dance",FLOWsutra,SHOWsutra,,,,https://en.wikipedia.org/wiki/Gabrielle_Roth,,Draft,M-188,
Marguerite Duras,checked,Marguerite,Duras,She,"Author,Filmmaker,Screenwriter",FR,Mid 20th C,1914,1996,,GROWsutra,KNOWsutra,,,"""Écrire, c'est aussi ne pas parler. C'est se taire. C'est hurler sans bruit.""
""L'alcool ne console pas. Il remplace le manque de Dieu.""",https://en.wikipedia.org/wiki/Marguerite_Duras,,Draft,M-189,"""Écrire, c'est aussi ne pas parler. C'est se taire. C'est hurler sans bruit."",L'alcool ne console pas. Il remplace le manque de Dieu."
Jean-Luc Godard,checked,Jean-Luc,Godard,He,"Screenwriter,Visionary,Critic,Filmmaker",FR,Late 20th C,1930,2022,"Breathless, Contempt, Vivre sa vie",GROWsutra,KNOWsutra,,,"""Europe has memories, America has t-shirts.""",https://en.wikipedia.org/wiki/Jean-Luc_Godard,,Draft,M-190,"""Europe has memories, America has t-shirts."""
Simone De Beauvoir,checked,Simone,De Beauvoir,She,"Author,Philosopher,Feminist Theorist",FR,Mid 20th C,1908,1986,The Second Sex (1949),GROWsutra,BLOWsutra,,,,https://en.wikipedia.org/wiki/Simone_de_Beauvoir,,Draft,M-191,
Björk,checked,Björk,,She,Musician,IS,Contemporary,1965,,So Broken,GLOWsutra,GROWsutra,,,,https://en.wikipedia.org/wiki/Bj%C3%B6rk,,Draft,M-192,
Louis Armstong,checked,Louis,Armstrong,He,Musician,US,Mid 20th C,1901,1971,What a Wonderful World,GLOWsutra,FLOWsutra,,,,https://en.wikipedia.org/wiki/Louis_Armstrong,,Draft,M-193,
Lauryn Hill,checked,Lauryn,Hill,She,Musician,US,Contemporary,1975,,Everything Is Everything,GROWsutra,BLOWsutra,,,,https://en.wikipedia.org/wiki/Lauryn_Hill,,Draft,M-194,
Michelle Gurevitch,checked,Michelle,Gurevitch,She,"Musician,Songwriter",CA,Contemporary,?,,"I'll Be Your Woman, Chinawoman",GROWsutra,KNOWsutra,,,,https://en.wikipedia.org/wiki/Michelle_Gurevich,,Draft,M-195,
Marie Curie,checked,Marie,Curie,She,Scientist,RU/FR,Early 20th C,1867,1934,,GROWsutra,KNOWsutra,,,,https://en.wikipedia.org/wiki/Marie_Curie,,Draft,M-196,
Otis Redding,checked,Otis,Reding,He,"Songwriter,Musician",US,Mid 20th C,1941,1967,"(Sittin' On) The Dock of the Bay, Respect",GLOWsutra,GROWsutra,,,,https://en.wikipedia.org/wiki/Otis_Redding,,Draft,M-197,
Annie Lennox,checked,Annie,Lennox,She,"Activist,Songwriter,Musician",UK,Late 20th C,1954,,Sweet Dreams (Are Made of This),GROWsutra,,,,,https://en.wikipedia.org/wiki/Annie_Lennox,,Draft,M-198,