Track Title	Track Link	In Catalog?	Playlist Title	Playlist Link	Owner	Owner Profile	Owner Followers	Playlist Track Count	Playlist Likes	Last Updated	Repeat Curator?
[01] Poetry Slow Burns  - Gold DUBsutra	open track	Yes	Stars	open playlist	sara.k	profile	19738	8	1	2026-03-26	No
[03] Poetry Duende - DUBsutra	open track	Yes	Stars	open playlist	sara.k	profile	19738	8	1	2026-03-26	No
RUN v1 - Muse DUB	open track	No	Stars	open playlist	sara.k	profile	19738	8	1	2026-03-26	No
Kindness (single) VOL. 04	open track	Yes	Stars	open playlist	sara.k	profile	19738	8	1	2026-03-26	No
[12] Rainbows in the Clouds • GLOWsutra Maya Mama Classic BLUES	open track	Yes	Banana Sutra	open playlist	3rd Ear	profile	1496	7	0	2026-04-19	No
Side B [07] Revolution's Lit (This Ain't Fiction) - BLOWsutra Revolt Now Bluesy Psychedelic Americana Banjo FOLK	open track	Yes	Banana Sutra	open playlist	3rd Ear	profile	1496	7	0	2026-04-19	No
[02] The Atheist Tango • GROWsutra (God, Etc) Conscious Gipsy Burlesque Fusion LOFI	open track	Yes	Banana Sutra	open playlist	3rd Ear	profile	1496	7	0	2026-04-19	No
[01] Sing Your Own Gospel • GROWsutra (God, Etc.) Gipsy Gospel BLUES	open track	Yes	Banana Sutra	open playlist	3rd Ear	profile	1496	7	0	2026-04-19	No
[03] They Call It Freedom (Oh Hi, Sweet Honey Bun) • BLOWsutra (Revolt Now) Psychedelic Gipsy Trip Hop Indie LOFI	open track	No	Banana Sutra	open playlist	3rd Ear	profile	1496	7	0	2026-04-19	No
[07] Who's Your Vladdy • BLOWsutra Psychedelic Poetry Folk DUB	open track	Yes	Banana Sutra	open playlist	3rd Ear	profile	1496	7	0	2026-04-19	No
Project 2-0-2-5 • Dummy FOLKsutra	open track	Yes	Banana Sutra	open playlist	3rd Ear	profile	1496	7	0	2026-04-19	No
[08] Tell The Truth • KNOWsutra True BLUES Cover	open track	Yes	Some Rythme	open playlist	Azin. M	profile	631	16	1	2026-06-22	Yes
[04] What Dissent Looks Like Now • BLOWsutra Post-Punk Piano Trip Hop Lo-Fi Burlesque JAZZ	open track	Yes	Vibe	open playlist	slimxo	profile	418	2	0	2026-02-03	No
[08] Tell The Truth • KNOWsutra True BLUES Cover	open track	Yes	Seductive	open playlist	codawolf	profile	290	14	0	2025-11-25	No
[08] Tell The Truth • KNOWsutra True BLUES Cover	open track	Yes	Selected	open playlist	orqon	profile	259	27	0	2026-03-30	No
[03] Hi, My Name Is (Not Céline Dion) - SHOWsutra Gipsy Fusion Trip Hop World LOFI	open track	No	MoM•Sg•Triphop-III	open playlist	MixOmatoZ ♥ x ∞	profile	199	11	0	2026-04-09	No
Where Hope Expires - Rebound Dub JAZZ	open track	No	vibe	open playlist	ㅤ	profile	189	2	0	2025-06-07	No
[07] We Live Not By Lies - GROWsutra Tzigane Arabesk Fusion Indie LOFI	open track	Yes	Live Not By Lies	open playlist	advise	profile	145	1	0	2025-11-28	No
[07] We're Tiny Specks, Right • BOWsutra (Cosmic Banana) Psychedelick Acoustic DUB	open track	Yes	pizza 🍕🍕🍕	open playlist	Favier	profile	123	12	0	2026-04-26	No
[02] MAHA (Make America Humane Again) • Vol. 2 • BLOWsutra Gipsy Trip Hop Lofi DUB	open track	Yes	We Are We, Let’s Set Ourselves Free	open playlist	Jul1a	profile	117	9	0	2026-04-24	No
[02] Rise Up, You Naked People (Freedom Rings)- BLOWsutra Victor Hugo Revolution Ring (miss cheeky) FOLK	open track	No	The Climb/fight	open playlist	Angel WolfOfVillage	profile	110	1	0	2026-02-16	No
[04] So Woken • GROWsutra (Kindness) Acoustic Gipsy Dream World JAZZ	open track	No	🍷🚬✨	open playlist	PUNZ	profile	108	11	1	2026-07-11	No
Everybody Knows • KNOWsutra Freedom Magic Cello Prayer INDIE	open track	Yes	I Know	open playlist	THE FIT WAY COMMUNITY	profile	107	2	0	2025-12-09	No
[05] Peace Matters More - GROWsutra Gipsy DUB JAZZ	open track	Yes	Neww Peace	open playlist	Matrix	profile	102	2	0	2026-04-12	No
[02] Peace Matters More - GROWsutra Gipsy Burlesque INDIE	open track	Yes	Naked Mujer	open playlist	R. John Whalen	profile	101	24	1	2026-05-18	Yes
[02] Peace Matters More - GROWsutra Gipsy Burlesque INDIE	open track	Yes	Queen shit	open playlist	R. John Whalen	profile	101	26	1	2026-05-19	Yes
Side B [05] Revolution's Lit (This Ain't Fiction) - BLOWsutra Revolt Now Jazzy INDIE	open track	Yes	Indie	open playlist	V Déjà	profile	96	8	0	2026-03-21	No
[06] Seminal Bollocks - GROWsutra (God, Etc) Psychedelic Tzigane Fusion Folk LOFI	open track	Yes	CooooL ✌🏻	open playlist	dafou	profile	91	29	3	2026-04-23	Yes
[12] This Is My Quest • GROWsutra Psychedelic Poetry Bridges the DUB	open track	Yes	Solo	open playlist	Endreazbrooklyn	profile	90	22	0	2026-05-05	No
[10] No, I'm Not Being Political • BLOWsutra Psychedelic Post-Punk PB Gal BURLESQUE	open track	Yes	my fav	open playlist	Timothy Tammed	profile	80	2	0	2026-05-14	No
[11] It's War, My Friend • QUACKsutra Psychedelic Folk BLUES	open track	Yes	Smooth	open playlist	Heather Vanicor	profile	78	16	0	2026-03-10	Yes
[01] Rainbows in the Clouds • GLOWsutra Folk Poetry Dubs the DUB	open track	Yes	My Folks	open playlist	Rachel Jim	profile	76	27	1	2026-04-12	No
[12] This Is My Quest • GROWsutra Psychedelic Poetry Bridges the DUB	open track	Yes	Chill	open playlist	kevin fraher	profile	68	13	0	2026-03-23	No
[05] Secret de Polichinelle - French KNOWsutra Keep It Real Psychedelic Gipsy Circus Indie Chanson BURLESQUE	open track	Yes	NoEnglish	open playlist	SoKi💋	profile	65	9	0	2025-11-29	No
[10] The Atheist Tango • GROWsutra (God, Etc) Gipsy Bass Piano Twirl Burlesque JAZZ	open track	Yes	5	open playlist	Sura ♬✿	profile	65	20	0	2026-01-16	No
Side A [01] Secondhand Smoke • BLOWsutra Ego Gone Loco Gipsy Indie Trip Hop LOFI	open track	Yes	SHHHJAMMIN	open playlist	Brad_Reardon	profile	59	2	0	2025-11-14	No
[01] MAHA (Make America Humane Again) • Vol. 2 • BLOWsutra Gipsy Trip Hop Blues LOFI	open track	Yes	SD🥳🪽🌊☀️🏖️	open playlist	user	profile	58	24	0	2026-05-11	Yes
[28] Letter to My Friend (Never Again) • GROWsutra Jazzy Hop Storyteller LOFI 03	open track	Yes	Bump Houser	open playlist	Bluelens	profile	57	8	0	2025-10-28	No
[15] Blessed Be Your Voice • GROWsutra Fado Arabesk Trip Fusion Hop Accordion Cello Indie WORLD	open track	No	Trip Hop	open playlist	Epsyl Prod	profile	55	2	0	2026-07-06	No
[13] It's an Ethical Paradox, an Oxymoron Maze • KNOWsutra (Bertrand Knows) Gipsy Burlesque Jazz Cello Trip Hop LOFI	open track	Yes	Trip Hop	open playlist	Epsyl Prod	profile	55	2	0	2026-07-06	No
[04] Sing Your Own Gospel • GROWsutra (God, Etc.) Gipsy Piano JAZZ	open track	Yes	my best songs	open playlist	Popping Mesh	profile	51	6	0	2026-04-29	No
[07] The Great Naked King • SHOWsutra Psychedelick French Accordion Cello Tango JAZZ	open track	Yes	Relax	open playlist	Sabrina Deleon	profile	51	13	0	2026-05-09	No
[04] Win-Win After Midnight • FLOWsutra (Wet, My Friend) Southern Jazz Banjo FOLK	open track	Yes	SPRING	open playlist	djo sakrani	profile	50	8	0	2026-06-28	No
[11] The Great Naked King • SHOWsutra Psychedelick Circus Accordion Waltz BURLESQUE	open track	Yes	SPRING	open playlist	djo sakrani	profile	50	8	0	2026-06-28	No