songbook,url_slug_songbook,url_songbook_locked,status,songbook_type,songbook_in_app,songbook_featured,landr_url,sutras,secondary_sutra,topics_primary,description,songbook_id,sutra_id_rollup,songbook_art_url,sc_playlist_url,songs
Ask: BERTRAND (knows),ask-bertrand-knows,checked,OPEN,sutra,checked,,https://app.landr.com/library/folder/1a47b22e-ab07-44cc-bbcd-5601124a2442,KNOWsutra,SHOWsutra,WISDOM,"Bertrand Russell walks into a bar, orders a paradox, and starts a philosophical fight club. Songs for the ethically curious.",G-01-BERT,01-KNOW,https://i1.sndcdn.com/artworks-oJ9Fh72QQzfgiRgF-mSFydg-t1080x1080.jpg,https://soundcloud.com/bananasutra/sets/knowsutra-bertrand-mon-cheri,"I Ain't No Christian (Like Bertrand), It's An Ethical Paradox, Question Di Kingdom, Question The Nation, The (Womp Womp) Conquestor, The Conquest of Happiness, Truth I Never Knew (Crushing on Bertrand), ""Two Things, Darling"", The Unhappiness Tango, Criminals (Bertrand Edition)"
Ask: PEACE (not war),ask-peace-not-war,checked,REVIEW,sutra,checked,,https://app.landr.com/library/folder/00f366cd-196d-4488-9946-84f60301741b,KNOWsutra,BLOWsutra,PEACE,"Songs in the name of history, for the lovers, and everyone who refuses to unsee patterns of deceit and abuse. Peace is not a default. It's a practice.",G-01-PEAC,01-KNOW,https://i1.sndcdn.com/artworks-4w582El0x5oIrs8P-HzEPOQ-t1080x1080.jpg,https://soundcloud.com/bananasutra/sets/knowsutra-peace-not-war,"A Letter To My Friend (Never Again), A New Historical Era, A Stroll Down History’s Lane, Because The Fight, Blaise's Tale, Cassandra's Lullaby, ""En Vrai, On Est Tous Frères"", Everybody Knows, Foolish, Foolish Goldfish (Forever), How Do You Explain War?, Peace Matters More, Predators (Why War), The Love of A Dove, Trauma Begets Trauma, What It's About, WIN-WIN (Basic Science History), What Justifies The Pain?, A la Guerre Comme A la Guerre (To War or Not to War?), Wars Don’t Flow, What Lessons Do We Forget?, Maslow (Bro)"
Ask: (Naked) TRUTH,ask-naked-truth,checked,OPEN,sutra,checked,,https://app.landr.com/library/folder/8708b7a1-8aa6-4818-ae64-95562b304b6c,KNOWsutra,BLOWsutra,TRUTH,"The truth is agnostic. Honesty is brave, selfless. And it doesn't care if you're embarrassed. Songs asking the questions most would rather forget in the name of personal comfort, and power games.",G-01-TRUT,01-KNOW,https://i1.sndcdn.com/artworks-f66ByNzPT9uoPEaI-NO5RcQ-t1080x1080.jpg,https://soundcloud.com/bananasutra/sets/knowsura-naked-truth,"AI Fair Use Manifesto, AI Manifesto, Authentic Innovation Manifesto, Banana Alleluia, Hard Core, How Do Kids Learn Now?, Metaphors' Edge (Joseph Campbell's song), New Normalcy (Planet Earth to Higher Grounds), ""Philosophy, My Dear"", Shades of Fools (All I Know), ""So, What Is Racism?"", Some Truths Are Harder to Swallow, T.R.U.T.H, Tell The Truth, Truth Don't Care, What's F-A-S-C-I-S-T?, When Did Seduction Become so Untrue?, Who Are You? (And Who Am I?), Honest Is Best"
Ask: But(t) WHY,ask-butt-why,checked,REVIEW,sutra,checked,,https://app.landr.com/library/folder/7fb23bd4-9349-4e93-9d1e-3a2c29251e3e,KNOWsutra,GROWsutra,WISDOM,"One question. Socrates asked it, they killed him for it. We're still asking anyway.",G-01-WHY,01-KNOW,https://i1.sndcdn.com/artworks-ZPm3MIrvf9zymSnp-CfTzsw-t1080x1080.jpg,https://soundcloud.com/bananasutra/sets/knowsutra-but-t-why,"But(t) How Can You?, HashtagWHY (Sorry Not Sorry), Kids Are Asking, ""Oh My, Oh Why (Socrates Song)"", Shady Fools, There's No Prayer Like Desire, Why Are Kids Allowed To Die? (Why War?), The Sound Of Logic"
Speak: APES (gone wrong),speak-apes-gone-wrong,checked,OPEN,sutra,checked,,https://app.landr.com/library/folder/818c0334-195e-4b77-89ac-3d837bfa64f4,BLOWsutra,SHOWsutra,INJUSTICE,"Grifters, criminals, idiocrats. What happens when the apes take the wheel? Many songs on the subject... none of them wrong.",G-02-APES,02-BLOW,https://i1.sndcdn.com/artworks-5bVU3160At7As99u-kxcaPw-t1080x1080.jpg,https://soundcloud.com/bananasutra/sets/blowsutra-apes-gone-wrong,"Criminals, Criminels, Grifters, ""Hey, Creeps"", Planet Idiocracy, Ironic Moronic Eugenics, Le Bal Des Salauds, Le Bal Electoral, Le P'tit Jupiter, Le Système, ""Le Système, ça voulait dire"", Men-Oh-Pause, Okie Dokie (No It's Not), Rhinoceross, Serial Blowers, Trust No One, Freedom To Lie Is The New Human Right, ""It's Enshittification, Darling"", Apes Gone Wrong (Bloom Past Doom)"
Speak: CENSOR(ed),speak-censored,checked,REVIEW,sutra,checked,,https://app.landr.com/library/folder/d083c5e1-0879-4a7b-a050-c9ef83cd3fa0,BLOWsutra,KNOWsutra,INJUSTICE,"What they banned, deleted, redacted, and rewrote. Songs about the inconvenient truths that survive anyway.",G-02-CENS,02-BLOW,https://i1.sndcdn.com/artworks-dthPPqfZhiyUkEwu-xSQQFA-t1080x1080.jpg,https://soundcloud.com/bananasutra/sets/blowsutra-censor-ed,"Dear Edward (The Snowden Song), Delete My Butt, Hiding Secrets in Lies, If We Had But(t) The Truth, L’Embobinage, Mass Media Freakshow, Read Me Harder (BB is for Banned Books), Secret De Polichinelle, Supreme Words (Whoop Whoop), The Dystopian Quiz Song, Wonderland of Bias, GROCK, Silent Followers"
Quack: FOTUS Circus,quack-fotus-circus,checked,REVIEW,sutra,checked,,https://app.landr.com/library/folder/5b2eec40-a948-45ef-81c4-77578edf6d53,QUACKsutra,BLOWsutra,POOLITICS,"Step right up. The FOTUS is in the ring, grotesque clowns are running the republic, and the entrance music is ubuesque. Enjoy.",G-02-CIRC,02-QUACK,https://i1.sndcdn.com/artworks-JWP4i7BJc28GfvPW-mmFU9Q-t1080x1080.jpg,https://soundcloud.com/bananasutra/sets/quacksutra-fotus-circus,"Carnival FOTUS (ctd), FOTUS Circus: Angels Eyes, FOTUS Circus: Ginsberg Hollow (Horror) Show, Like A Criminal Strong Man, The Accordion of Ignorance, Radio Static (The Dystopian Cabaret), ""FOTUS Circus: Step right up, My Dearest Souls"", ""FOTUS Circus: Step Inside, Don’t Mind The Crime"", ""FOTUS Circus: Welcome, You Fools"", ""FOTUS Circus: Come On In, You Wretched Fools"", Freakshow King, ""FOTUS Circus: Step Right Up, Murica Freaks"", FOTUS Circus: Round And Round"
Quack: DUCK (shady),quack-duck-shady,checked,REVIEW,sutra,checked,,https://app.landr.com/library/folder/f4756dd1-ebf9-422c-a75b-8019e962bb54,QUACKsutra,SHOWsutra,POOLITICS,Meet Duck Shady. He's so much dumber and meaner than Slim Shady. And not funny at all.,G-02-DUC,02-QUACK,https://i1.sndcdn.com/artworks-o0qz0ucmBMzsR5UL-eS6HrA-t1080x1080.jpg,https://soundcloud.com/bananasutra/sets/quacksutra-duck-shady,"Ain't No Kid, Chuck Ain't Woke, Creepy Con Meme, Daddy's a Creep, Dump Trump, Hide Your Pets, ""It's War, My Friend"", Kamala Has A Dream, L'Accordéon De l'Ignorance, Mind the Felon, Pedo Nation , Presidential Joke of The Year, Project 2025 (Honky tonk dreams in the land of the free), RUN (Now If You Can), Shining Twins, SS Means Sacred Sp3rm, Stymy Stymy Yuck, The Ducktator (Lament), The Grazed Duck Luck, The President’s Above The Law, The Tyranny of Ignorance, The Weave, Trump Derangement Syndrome ™, Who's Your Vladdy?, Why You Lie (To The People's Face)?, Woke 'em Whacks, Tweeting from the Throne, Profane Obscenities, Ignoramus Divine, Hitlus With Your Best Shot, Felon Nation, ""Shame on You Boo (Don-Be-Gone Orchestra, Duck of the Jungle)"", Chuck-A-Dick, Jingoism 101, Twatocracy (Encore et Encore), Duck OFF my back, ""Oh, WELP… The Duck."", Syndrome Nom Nom"
Speak: EGO (gone loco),speak-ego-gone-loco,checked,OPEN,sutra,checked,,https://app.landr.com/library/folder/9b69a27e-7c74-4c63-bb71-f0deeb968db3,BLOWsutra,KNOWsutra,EGO,"Narcissistic Personality Disorder in music. Songs about the people who confuse themselves with the whole universe, and the rest of us paying the tab.",G-02-EGO,02-BLOW,https://i1.sndcdn.com/artworks-2fgVK1GEubaAV6QP-rbKhfg-t1080x1080.jpg,https://soundcloud.com/bananasutra/sets/knowsutra-ego-gone-loco,"A Liar’s Prize, ABC of NPD, All the -Isms, Arrogant Hearts (Second Hand Smoke), ""But Who Says """"Say My Name"""""", Comme Des Pions, Creeps, D.I.M.M.E.R.s, Ego Ain't Your Amigo, EGO's Masquerade, ""Hey, You (Creepers)"", How Deep Is Your Shade?, Jolly Poo, Learn The Signs, Liars, Male Fantasies, Males Fantasies (vol2), Nietzsche's Gift (Muddy Waters), Pablo's Grandeur, Relative Steve, Second Hand Smoke (Arrogant Hearts), The Narcissist's Cabaret, A Cabaret Where No One Knows, DARVO-A-GOGO, Stardom Is So Dumb, What If MeToo And BLM..., Oh The Masquerade"
Quack: MAxxxA Saga,quack-maxa-saga,checked,REVIEW,sutra,checked,,https://app.landr.com/library/folder/7378a42d-7956-4d24-9252-cbc6787ac170,QUACKsutra,KNOWsutra,POOLITICS,"MAGA, MAHA, MAKA, MAMA, MASA, MAWA. Six acronyms. One burning question: make America what, exactly?",G-02-MAXA,02-QUACK,https://i1.sndcdn.com/artworks-gyBohcCG6YVAXsCO-qAFi8g-t1080x1080.jpg,https://soundcloud.com/bananasutra/sets/blowsutra-maxa-series,"MAHA (Make America Humane Again), MAKA (Make America Kind Again), Make Amurica Gulag Again (MAGA), MAMA (Make America Mine Achtung), MAWA (Make America Woke Again), MASA (Make America Safe Again)"
Speak: REVOLT (now),speak-revolt-now,checked,REVIEW,sutra,checked,,https://app.landr.com/library/folder/f323efc0-0c2f-4a95-9d28-236633fb0c4e,BLOWsutra,GROWsutra,INJUSTICE,From Robert Burns to Victor Hugo to right now. The long arc of justice has always needed a banjo. So many songs. Don't wait...,G-02-REVO,02-BLOW,https://i1.sndcdn.com/artworks-DQz78hEwZB0tJMxO-l4I40Q-t1080x1080.jpg,https://soundcloud.com/bananasutra/sets/blowsutra-revolt-now,"A Man's a Man and A' That, Bloom Past Doom, Do Panic Now, Kamala's Roots of Resilience, Liberty, ""No Fear, My Dear"", ""Oh, Freedom"", Optics Of Cruelty (DEFY), ""Oy, We Care"", Revolution's Lit, ""Rise Up, You Naked Peoples (Freedom Rings)"", Shameless (DEFY), Sidération, Sidération (The Sky Stood Still), Sidération Blues, Sidération's Calling, Spit Back the Lies, ""Thank you, Mister Paine"", The Echo Song, ""They Call It Freedom (Oh Hi, Sweet Honey Bun)"", Time For Rebel Romance, Universal Currency, What Dissent Looks Like Now, What If -Ism, Win-Win In Unity, Weary Blues, We Must Revolt, Rebellion à L'Unisson, The Echo Song (Russian Edition), We Ain't Ghouls, This Ain't Fiction (Bloom Past Doom)"
Play: B.J. (is for banana jokes),play-b-j,checked,REVIEW,sutra,checked,,https://app.landr.com/library/folder/86cd4b13-2e96-4f63-a913-f19e0cf63c0e,SHOWsutra,KNOWsutra,FOOLERY,Two songs walk into a bar. One's a banana joke. The other's wearing a mask. Still better than most political discourse.,G-03-BJ,03-SHOW,https://i1.sndcdn.com/artworks-zvxXEnN1nhEehvpK-ABzMFA-t1080x1080.jpg,https://soundcloud.com/bananasutra/sets/showsutra-b-j-is-for-banana,"Banana Jokes Making Us Laugh, I Know You Didn’t Ask, Lyrics Matter (FOOsutra), Who Needs A Big D?, Lyrics Matter (FOOsutra) EDIT, Bananasutra Cabaret, This Is Not A Banana, The Seven Sutras of Banana"
Play: FANANA (party),play-fanana-club,checked,REVIEW,sutra,checked,,https://app.landr.com/library/folder/5371e7c6-75fa-40ab-adbb-0da70af825c9,SHOWsutra,GLOWsutra,FOOLERY,"Many songs, one invitation: come dressed as your most hilarious self. Featuring: dirty words, creepypastas, Bo Burnham covers, and feathers. Lots of feathers.",G-03-FANA,03-SHOW,https://i1.sndcdn.com/artworks-SjuzUkSUCZpiPoz4-LnprBQ-t1080x1080.jpg,https://soundcloud.com/bananasutra/sets/showsutra-fanana-club,"7 Dirty Words, Acoustic Attractions, An American in Paris (Public Domain), Bo Burnham Covers, Creepy Pasta (What The Hella), Dressed In (Nothing Butt) Wonder, F is for Fabulous, Gladys in Sonderland, Gunther's BBQ, ""Hi, My Name Is (Not Celine Dion)"", I Did The Math (Everything is Stupid), Blessed Be The Dogs (SHOWsutra Edition), Linguistic Weaponry, SynthemaSutra, Zappa's Religion, Penguins In Shoes, ""Not Bad, Friendo"", Enshittification (Word of the Year), Come Waddle With Me, Buuuuurn!, Acousticophilia, ""Just Be You, Oooh! (A Birthday Sing-Along)"", Singing Heavenly In Five Steps, Skanking Pickles, F*ckonomics"
Play: (Be) The Fool,play-be-the-fool,checked,REVIEW,sutra,checked,,https://app.landr.com/library/folder/2faa814c-2b3e-4a57-9408-417ca3a79913,SHOWsutra,GROWsutra,FOOLERY,"The fool is not stupid. The fool is free. Songs in praise of cracked things, wiggling things, and the holy comedy of being human.",G-03-FOOL,03-SHOW,https://i1.sndcdn.com/artworks-GXTKcXAuyMmSbOsd-dz5iYQ-t1080x1080.jpg,https://soundcloud.com/bananasutra/sets/showsutra-shades-of-fools,"A Good Witch, Be The Fool (Embrace The Cracks), Bee The Fool (Perfection Is A Lie), Bee the Fool (Not A Lie), Blessed Are The Cracked, Blessed By The Wiggle, F-BOMB, Fool On A Mission (No Name Game), Freedom Fries, Hammy On Clyde, Hope is Do-Do-Dope, Please Pardon My French, Rachel Barks, Real Winners Dance, Some Songs Are More Fun Than Others, The Fool Who Knows, The Great Naked King, Frogs in the Cogs, Lolita In Pensacola"
Dare: DARE (to care),dare-dare-to-care,checked,REVIEW,sutra,checked,,https://app.landr.com/library/folder/f1f05f7a-043b-4815-87d0-0cd66f201610,GROWsutra,GLOWsutra,WISDOM,Songs about the one muscle nobody trains: the courage to actually give a damn. About truth. About others. About yourself.,G-04-DARE,04-GROW,https://i1.sndcdn.com/artworks-pWOrhsGFerHV4tjv-qenNsg-t1080x1080.jpg,https://soundcloud.com/bananasutra/sets/growsutra-dare-to-care,"Because the Light, Blessed Be Your Voice, ""Courage, care, and coconuts"", Do You Ever Wonder?, Double Standards, ""Hello, Oh No"", ""Hereby, I Cry"", ""Hold The Mic, Babe"", How Do We Find Meaning?, Let’s Play A Game Where We All Win! (If The Game Is Absurd), ""No, I'm Not Being Political (CIRCA 2025)"", ""No, I'm Not Being Political (CIRCA 2026)"", One Percent Rising, Open The Window, Our Best (The Four Commandments), Possum Scrotum, V.O.I.C.E.S (Blessed Be), V.O.I.C.E.S (What You Want Baby), We Live Not By Lies, We Remember What (We Remember What) We Feel☉, What’s Behind Every Door?, Where Hope Expires (Hole of Fire), Why We Can't Be Brave?, Zero Sum (Zero Sean), The Courage To Care, Can You Play Win-Win Or No?, Broken Whole, Connecting Dots"
Dare: GOD (etc.),dare-god-etc,checked,REVIEW,sutra,checked,,https://app.landr.com/library/folder/77d1539c-ec9b-4bb6-9c0f-a574a8dd5719,GROWsutra,KNOWsutra,RELIGION,"Honest, curious, and chronically unimpressed by official doctrine. Songs asking God (etc.) and his sheeples the questions the pew wouldn't permit.",G-04-GOD,04-GROW,https://i1.sndcdn.com/artworks-GR9JyL5n8yqk0dDg-rUqw1g-t1080x1080.jpg,https://soundcloud.com/bananasutra/sets/growsutra-god-etc,"El Papito (Es No MAGA Show), Make your Own Bible, Ordo Amoris in Decay (All I Want Is To Believe), ""Pro-life Means What, Honey?"", Queer Almighty, Reason Over Reverence, Seminal Bollocks, Shush (How To Help A Bible Bro Grow Up), Sing Your Own Gospel, The Atheist Tango, The Invisible Man In The Sky, Untamed, Waldo's Atheist Tango, Waldo's Fascist Tango (Down We Go), ""Why trust an old, mean religion?"""
Dare: KIND(ness),dare-kindness,checked,REVIEW,sutra,checked,,https://app.landr.com/library/folder/66ebc85f-45e2-4b68-ad63-d8410315420b,GROWsutra,GLOWsutra,BEAUTY,"Kindness: it's not about being nice, the soft kind with a bow on it kind of kind, it's about being clear, aka playing fair. Songs for the brave loving ones. Blessed be infinite players.",G-04-KIND,04-GROW,https://i1.sndcdn.com/artworks-b1Fx0OuFqdHgE7WF-fVAj1Q-t1080x1080.jpg,https://soundcloud.com/bananasutra/sets/growsutra-kind-ness,"ABC Of Kindness, ""Genius, You See"", Glitter On A Turd, Jealousy (Not For Me), Kids Just Want To Have Hope, Kindness, Kindness (Oh Sweet Kindness), La Force Douce, Nous Sommes Le Feu, Peel Me Kindly, Tune In The Tender, What the Mirror Said (Reste Lucide), Who Knows Where How Happiness Truly Grows, WIN-WIN (Franglish Dub), Love from the Future (The Hesse Song), Let Me Tell You About Heartache"
Trust: FLY (like water),trust-fly-like-water,checked,REVIEW,sutra,checked,,https://app.landr.com/library/folder/452dce76-2d5a-4d6d-9b32-9693e3e6d0bc,FLOWsutra,BOWsutra,PEACE,"Bruce Lee, Tao, and a lot of trusting the river. Songs about the radical art of trust, the flow of letting go, without disappearing.",G-05-FLY,05-FLOW,https://i1.sndcdn.com/artworks-2pHqakX9GOVp97hp-EU7MrQ-t1080x1080.jpg,https://soundcloud.com/bananasutra/sets/flowsutra-fly-like-water,"Ain't Doing Bad Doing Nothing, Flow Like Water (My Friend), Fluye (como el mar), ""Freee, La Fille"", Just Be, Making Songs Like..., Peace Unseen, Sutra of Immanence, They Call Her Wild (But She's Just Free), ""Out of Step, Out Of Mind"", Thrifting Memories, ""Too Hard, My Friend"", Self-Remembering, Camus Dit Oui, Life's A Song, Feel The Sway, ""Lightly, My Darling"", Drop Di Baggage, Like Rivers In Syncopated Times, Feel the ryhthm, The Sound of A Wondering Mind, Suspended in Time"
Trust: WET (my friend),trust-wet-my-friend,checked,REVIEW,sutra,checked,,https://app.landr.com/library/folder/0d50fbc2-a1b6-4c6c-aa7e-fae84bf363ea,FLOWsutra,GLOWsutra,BEAUTY,"Songs where the pulse fasten, slowly but(t) surely. Sensual, tender, unapologetically honest. #pleasepardonmyfrench",G-05-WET,05-FLOW,https://i1.sndcdn.com/artworks-lcLXcYSTLwU1vVWx-8umDBA-t1080x1080.jpg,https://soundcloud.com/bananasutra/sets/flowsutra-wet-my-friend,"Bare Your Soul (Velvet), Curious Like A Kiss, I Think I Need a Good Spank!ng (in Madrid), Kiss A Pulse, Let's Do It, Segggsting, Sous Terre (Underground), Wet (Prickly) Peaches vol.2, When We Duende (All Night), When We Duende (Encore), Where We Begin (Preakly Peaches), Whispers (Lithium), Oxytocin, Win-Win After Midnight, Open The Meow, Feral Fandango, Dudu Duende Murió"
Bless: RAINBOWS (in my clouds),bless-rainbows-in-my-cloud,checked,REVIEW,sutra,checked,,https://app.landr.com/library/folder/c06a0d3d-fd9e-40a8-840a-ad6501720903,GLOWsutra,BOWsutra,BEAUTY,"Because gratitude is the best! All the good things: toast, poppies, Jacques Brel, and the audacity to be delighted by all of it.",G-06-CLOU,06-GLOW,https://i1.sndcdn.com/artworks-57vIPCGJ4OIaDUaa-UFslNg-t1080x1080.jpg,https://soundcloud.com/bananasutra/sets/glowsutra-rainbows-in-my,"A Toast To The Good Life, Berries & Beaches, Donkeys Years, French Poppies, Jacques Brel, More Than A Plate (Anthony Bourdain <3), Rainbows in the Clouds, This Is My Quest, Up a San Francisco Hill, The World We Knew, Grateful For The Weird, Dream A Dog, Maupassant, I Think About..."
Bless: POET(ry),bless-poetry,checked,REVIEW,sutra,checked,,https://app.landr.com/library/folder/6e0ccb1a-6fea-45ab-a6c4-50e375a72d9d,GLOWsutra,FLOWsutra,BEAUTY,Songs for the ones who believe words have wonderful meaning. Poetry isn't decoration. It's the thing that makes us human.,G-06-POET,06-GLOW,https://i1.sndcdn.com/artworks-UVBWmXWPLc9H0Ov3-HwlYIg-t1080x1080.jpg,https://soundcloud.com/bananasutra/sets/glowsutra-poet-ry,"Awe Is Like..., Awe Is Mighty, Clay Maiden, Creo (La Poesia), La Poesia Importa, My Quest, ""Poem (I wanted to be, basically)"", Poetry Matters, Poetry Nah Lie, Poetry Slow Burns, Poets Hats, She Wears The Words, The Poem, To Dream"
Bow: Death (is nothing),bow-death-is-nothing,checked,REVIEW,sutra,checked,,https://app.landr.com/library/folder/fb1be50e-3ed1-4ddd-bde6-91f334d61900,BOWsutra,GLOWsutra,PEACE,"Death is nothing at all. Henry Scott Holland said so... gently, without lying, without rushing.",G-07-DEAT,07-BOW,https://i1.sndcdn.com/artworks-pJs7anXy4aAFCFrv-isxj5A-t1080x1080.jpg,https://soundcloud.com/bananasutra/sets/bowsutra-death-is-nothing,"But Where Do Pigeons Go To Die?, Darling, Easy (Death Is Nothing At All), ""Oh, Martine"", The Umm Song"
Bow: (Thank) Dogs,bow-thank-dogs,checked,REVIEW,sutra,checked,,https://app.landr.com/library/folder/5c9e5bb3-a1fb-4830-b57a-2559061589a6,BOWsutra,GLOWsutra,WISDOM,Love songs for the creatures who never needed instructions on unconditional love. Who's a good soul? You are.,G-07-DOGS,07-BOW,https://i1.sndcdn.com/artworks-Y8QjM6vfVoY5XyEi-axwodQ-t1080x1080.jpg,https://soundcloud.com/bananasutra/sets/bowsutra-thank-dogs,"Blessed Be The Dogs, Dead Dogs Deets, Like A Dog In The Sky"
Bow: Cosmic Bananas,bow-cosmic-bananas,checked,REVIEW,sutra,,,https://app.landr.com/library/folder/4aea05c9-ac4d-402f-b74c-9acadaf7b4e2,BOWsutra,KNOWsutra,WISDOM,"Carl Sagan and Simone Weil agree... ultimately, life is all about the cosmic magic of Gravity and Grace.",G-07-WISE,07-BOW,,,"Who Knows What Goes On?, ""We’re Tiny Specks, Right?"""
BLUESsutra (Best Of),blues-best-of,checked,,genre,checked,,,,,,,G-00-BLUES,,,,
BURLESQUEsutra (Best Of),burlesque-best-of,checked,,genre,checked,,,,,,,G-00-BURL,,,,
DUBsutra (Best Of),dub-best-of,checked,IDEA,genre,checked,,,,,,,G-00-DUB,,,,
FOLKsutra (Best Of),folk-best-of,checked,,genre,checked,,,,,,,G-00-FOLK,,,,
INDIEsutra (Best Of),indie-best-of,checked,,genre,checked,,,,,,,G-00-INDI,,,,
JAZZsutra (Best Of),jazz-best-of,checked,,genre,checked,,,,,,,G-00-JAZZ,,,,
LOFIsutra (Best Of),lofi-best-of,checked,,genre,checked,,,,,,,G-00-LOFI,,,,
MANTRAsutra (Best Of),mantra-best-of,checked,,genre,checked,,,,,,,G-00-MANT,,,,
ROCKsutra (Best Of),rock-best-of,checked,,genre,checked,,,,,,,G-00-ROCK,,,,
WORLDsutra (Best Of),world-best-of,checked,,genre,checked,,,,,,,G-00-WORL,,,,
World: SPANISHsutra,lang-spanishs,checked,OPEN,language,checked,,https://app.landr.com/library/folder/e6b9fd1f-a639-4c11-b2d8-a873ec46e16d,,,,"¡Sí, sí! 💃🏻",G-lang-ES,,https://i1.sndcdn.com/artworks-V4ORYqjXscpH76UU-11PylA-t1080x1080.jpg,https://soundcloud.com/bananasutra/sets/worldsutra-span-k-ish,"Fluye (como el mar), La Poesia Importa"
World: FRENCHsutra,lang-french,checked,REVIEW,language,checked,,https://app.landr.com/library/folder/e505b945-061d-481e-8e37-baaded4e7e67,,,,Oui oui 🍟,G-lang-FR,,https://i1.sndcdn.com/artworks-GLa538X1fUoCj8Yg-p3dNGg-t1080x1080.jpg,https://soundcloud.com/bananasutra/sets/oui-oui-pardon-my-french,"Comme Des Pions, Criminels, ""En Vrai, On Est Tous Frères"", ""Freee, La Fille"", Jacques Brel, L'Accordéon De l'Ignorance, L’Embobinage, La Force Douce, Le Bal Des Salauds, Le Bal Electoral, Le P'tit Jupiter, Le Système, ""Le Système, ça voulait dire"", Nous Sommes Le Feu, ""Oh, Martine"", Secret De Polichinelle, Segggsting, Sous Terre (Underground), WIN-WIN (Franglish Dub), Camus Dit Oui, Maupassant"
World: RUSSIANsutra,lang-russian,checked,OPEN,language,checked,,https://app.landr.com/library/folder/3ce2febb-6b5f-4c83-98fd-8204e8b3af55,,,,"Да, да 🪆",G-lang-RU,,https://i1.sndcdn.com/artworks-TUnq5K6T9gz6Lzs5-hw6yjw-t1080x1080.jpg,https://soundcloud.com/bananasutra/sets/worldsutra-russian-ish,The Echo Song (Russian Edition)
EP: Criminals,,,LIVE,collection,,,,BLOWsutra,KNOWsutra,INJUSTICE,"When the rules shift, who decides who the criminal is? A bilingual meditation, in English and French, on the question that keeps getting more relevant.",G-02-CRIM,02-BLOW,,,"Criminals, Criminels, Criminals (Bertrand Edition)"
EP: DEFY,,,LIVE,collection,,,,BLOWsutra,GROWsutra,POOLITICS,"A playlist built for the days you'd rather not comply. Loud, principled, and stubbornly here.",G-02-DEFY,02-BLOW,,,"Optics Of Cruelty (DEFY), Shameless (DEFY), Universal Currency"
EP: Sidération,,,LIVE,collection,checked,,,BLOWsutra,BOWsutra,INJUSTICE,"A four-part series named for the French word for the freeze-in-the-marrow... like, when something is so wrong your soul slips on a banana peel. Volumes 1–4, in ascending disbelief.",G-02-SIDE,02-BLOW,https://i1.sndcdn.com/artworks-5zDi1XtdvEsTf986-eFnsyw-t1080x1080.jpg,https://soundcloud.com/bananasutra/sets/playlist-sideration-gone-bananas,"Sidération, Sidération (The Sky Stood Still), Sidération Blues, Sidération's Calling"
EP: Peachy,,,IDEA,collection,,,,FLOWsutra,GLOWsutra,BEAUTY,"Psychedelic peaches, jazzy white rabbits, and the kind of intimacy that doesn't need explaining. Prickly is good, sometimes.",G-03-KINK,05-FLOW,,,"Wet (Prickly) Peaches vol.2, Where We Begin (Preakly Peaches)"
EP: Best Teacher Award,,,LIVE,collection,,,,BOWsutra,GLOWsutra,WISDOM,Because sometimes the best teacher isn't in a classroom. Sometimes it's love. Sometimes it's death. Usually both.,G-07-PROF,07-BOW,https://i1.sndcdn.com/artworks-naxN1Ew2hxBmEiva-OlsMuQ-t1080x1080.jpg,https://soundcloud.com/bananasutra/sets/best-teacher-award-in-love-death-indie-lofi-epx3-vol-1-bowsutra,"Blessed Be The Dogs, Dead Dogs Deets, Like A Dog In The Sky"
Bunch: SINGLES,singlesutra,checked,LIVE,collection,checked,,,,,,"Because sometimes, you just fall in love with  a particular song, and go with it... you know? ",G-SINGLES,,,,
