SONGBOOK name,Status,Description,SUTRA(s),SONGBOOK primary topics,song_count,LYRICS,Count (LYRICS),SONGBOOK ID
Ask: (Naked) TRUTH,OPEN,The truth is agnostic. It doesn't care if you're embarrassed. 22 songs asking the questions power would rather you forgot.,KNOWsutra,TRUTH,24,"AI Fair Use Manifesto,AI Manifesto,Authentic Innovation Manifesto,Banana Alleluia,Genius EP,Hard Core,How Do Kids Learn Now?,Kids Are Asking,Kindness ABC,Metaphors' Edge (Joseph Campbell's song),New Normalcy (Planet Earth to Higher Grounds),Open The Window,Our Best,""Philosophy, My Dear"",Shades of Fools (All I Know),""So, What Is Racism?"",Some Truths Are Harder to Swallow,T.R.U.T.H,Tell The Truth,Truth Don't Care,When Did Seduction Become so Untrue?,Who Are You? (And Who Am I?),Radio Static,Who Knows What Goes On?",24,G-01-TRUT
Ask: But(t) WHY,REVIEW,"Four songs. One question. Socrates asked it, they killed him for it. We're still asking anyway.",KNOWsutra,WISDOM,4,"But(t) How Can You?,HashtagWHY (Sorry Not Sorry),""Oh My, Oh Why (Socrates Song)"",Shady Fools",4,G-01-WHY
Ask: BERTRAND (knows),OPEN,"Bertrand Russell walks into a bar, orders a paradox, and starts a philosophical fight club. Eight songs for the ethically curious.",KNOWsutra,WISDOM,8,"I Ain't No Christian (Like Bertrand),It's An Ethical Paradox,Question Di Kingdom,Question The Nation,The (Womp Womp) Conquestor,The Conquest of Happiness,Truth I never Knew (Crushing on Bertrand),""Two Things, Darling""",8,G-01-BERT
Ask: PEACE (not war),REVIEW,"21 songs for the historians, the dreamers, and everyone who refuses to unsee the pattern. Peace is not a default. It's a practice.",KNOWsutra,PEACE,25,"A Letter To My Friend (Never Again),A New Historical Era,A Stroll Down History’s Lane,Because The Fight,Blaise's Tale,Cassandra's Lullaby,""En Vrai, On Est Tous Frères"",Everybody Knows,Everybody Knows (The Foolishness),Foolish,Foolish Goldfish (Forever),""Genius, You See"",Hole Of Fire,How Do You Explain War?,Peace Matters More,Predators (Why War),The Love of A Dove,Trauma Begets Trauma,What It's About,What justifies the pain?,WIN-WIN (Basic Science History),What Justifies The Pain?,A la Guerre Comme A la Guerre (To War or Not to War?),Wars Don’t Flow,Why War? (Why Are Kids Allowed To Die?)",25,G-01-PEAC
Speak: APES (gone wrong),OPEN,"Grifters, criminals, idiocrats. What happens when the apes take the wheel? 18 songs on the subject — none of them wrong.",BLOWsutra,INJUSTICE,25,"Criminals,Criminels,Grifters,""Hey, Creeps"",Idiocracy Now,Ironic Moronic Eugenics,Le Bal Des Salauds,Le Bal Electoral,Le P'tit Jupiter,Le Système,""Le Système, ça voulait dire"",Men-Oh-Pause,Okie Dokie (No It's Not),Rhinoceross,Serial BLOWerrr,Serial Blowers,The Tyranny of Ignorance,Trust No One,Profane Obscenities,GROCK,Freedom To Lie Is The New Human Right,Felon Nation,Chuck-A-Dick,Jingoism 101,Twatocracy (Encore et Encore)",25,G-02-APES
Speak: EGO (gone loco),OPEN,NPD in sheet music. 22 songs about the people who confuse themselves with the whole universe — and the rest of us paying the tab.,BLOWsutra,EGO,23,"A Liar’s Prize,ABC of NPD,All the -Isms,Arrogant Hearts (Second hand Smoke),""But Who Says """"Say My Name"""""",Comme Des Pions,Creeps,D.I.M.M.E.R.s,Ego Ain't Your Amigo,EGO's Masquerade,""Hey, You (Creepers)"",How Deep Is Your Shade?,Jolly Poo,Learn The Signs,Liars,Male Fantasies,Males Fantasies (vol2),Nietzsche's Gift (Muddy Waters),Pablo's Grandeur,Relative Steve,Second Hand Smoke (Arrogant Hearts),The Narcissist's Cabaret,The Cabaret Where No One Knows",23,G-02-EGO
Speak: CENSOR(ed),REVIEW,"What they banned, deleted, redacted, and rewrote. 11 songs for the inconvenient truths that survive anyway.",BLOWsutra,INJUSTICE,11,"Dear Edward (The Snowden Song),Delete My Butt,Hiding Secrets in Lies,If We Had But(t) The Truth,L’Embobinage,Mass Media Freakshow,Read Me Harder (BB is for Banned Books),Secret De Polichinelle,Supreme Words (Whoop Whoop),The Dystopian Quiz Song,Wonderland of Bias",11,G-02-CENS
Speak: DUCK (shady),REVIEW,25 ways to describe one shady duck. None of them flattering. All of them warranted.,BLOWsutra,POOLITICS,27,"Ain't No Kid,Chuck Ain't Woke,Creepy Con Meme,Daddy's a Creep,Dump Trump,Hide Your Pets,""It's War, My Friend"",Kamala Has A Dream,L'Accordéon De l'Ignorance,Mind the Felon,Pedo Nation (Felon Nation Redux),Presidential Joke of The Year,Project 2025 (Honky tonk dreams in the land of the free),RUN (Now If You Can),Shining Twins,SS Means Sacred Sp3rm,Stymy Stymy Yuck,The Ducktator (Lament),The Grazed Duck Luck,The President’s Above The Law,The Weave,Trump Derangement Syndrome ™,Who's Your Vladdy?,Why You Lie (To The People's Face)?,Woke 'em Whacks,Tweeting from the Throne,Ignoramus Divine",27,G-02-DUC
Speak: FOTUS Circus,REVIEW,"Step right up. The FOTUS is in the ring, the clowns are running the republic, and the entrance music is appalling. Enjoy.",BLOWsutra,POOLITICS,9,"Carnival FOTUS (ctd),FOTUS Circus: Angels Eyes,FOTUS Circus: Ginsberg Hollow (Horror) Show,Like A Criminal Strong Man,The Accordion of Ignorance,""FOTUS Circus: Step right up, My Dearest Souls"",""FOTUS Circus: Step Inside, Don’t Mind The Crime"",""FOTUS Circus: Welcome, You Fools"",""FOTUS Circus: Come On In, You Wretched Fools""",9,G-02-CIRC
Speak: MAxxxA Saga,REVIEW,"MAGA, MACA, MAMA, MAHA, MAKA, MAWA. Six acronyms. One burning question: make America what, exactly?",BLOWsutra,POOLITICS,6,"MAHA (Make America Humane Again),MAKA (Make America Kind Again),Make Amurica Gulag Again (MAGA),MAMA (Make America Mine Achtung),MAWA (Make America Woke Again),MASA (Make America Safe Again)",6,G-02-MAXA
Speak: REVOLT (now),REVIEW,From Robert Burns to Victor Hugo to right now. The long arc of justice has always needed a banjo. 25 songs. Don't wait.,BLOWsutra,INJUSTICE,26,"A Man's a Man and A' That,Bloom Past Doom,Do Panic Now,Kamala's Roots of Resilience,Liberty,""No Fear, My Dear"",""Oh, Freedom"",Optics Of Cruelty (DEFY),""Oy, We Care"",Revolution's Lit,""Rise Up, You Naked Peoples (Freedom Rings)"",Shameless (DEFY),Sidération,Sidération (The Sky Stood Still),Sidération Blues,Sidération's Calling,Spit Back the Lies,""Thank you, Mister Paine"",The Echo Song,""They Call It Freedom (Oh Hi, Sweet Honey Bun)"",Time For Rebel Romance,Universal Currency,What Dissent Looks Like Now,What If -Ism,Win-Win In Unity,Weary Blues",26,G-02-REVO
Play: B.J. (is for banana jokes),REVIEW,Two songs walk into a bar. One's a banana joke. The other's wearing a mask. Still better than most political discourse.,SHOWsutra,FOOLERY,2,"Banana joke making us laugh,I Know You Didn’t Ask",2,G-03-BJ
Play: FANANA (party),REVIEW,"17 songs, one invitation: come dressed as your most ridiculous self. Featuring: dirty words, creepypastas, Bo Burnham covers, and feathers. Lots of feathers.",SHOWsutra,FOOLERY,24,"7 Dirty Words,Acoustic Attraction,An American in Paris (Public Domain Lyrics),Bo Burnham Covers,Creepy Pasta (What The Hella),CREEPYPASTA (what the hella),Dressed In (Nothing Butt) Wonder,F is for Fabulous,Gladys in Sonderland,Gunther BBQ,""Hi, My Name Is (Not Celine Dion)"",""I Did The Math (Everything is Stupid, Absurd, and Divine"",Linguistic Weaponry,Lyrics Matter (sutraFOO),SynthemaSutra,What's F-A-S-C-I-S-T?,Zappa's Religion,""Not Bad, Friendo"",Hitlus With Your Best Shot,En-shitti-fi-cation,Come Waddle With Me,Shame on You Boo (Don-Be-Gone Orchestra),Buuuuurn!,Acousticophilia",24,G-03-FANA
Play: (Be) The Fool,REVIEW,"The fool is not stupid. The fool is free. 18 songs in praise of cracked things, wiggling things, and the holy comedy of being human.",SHOWsutra,FOOLERY,20,"A Good Witch,Be The Fool (Embrace The Cracks),Be The Fool (Perfection Is A Lie),Bee the Fool (Not A Lie),Blessed Are The Cracked,Blessed By The Wiggle,F-BOMB DUB,Fool On A Mission (No Name Game),Freedom Fries,Hammy On Clyde,Hope is Do-Do-Dope,Please Pardon My French,Rachel Barks,Real Winners Dance,Some Songs Are More Fun Than Others,The Fool Who Knows,The Great Naked King,They Call Her Wild (But She's Just Free),Penguins In Shoes,Frogs in the Cogs",20,G-03-FOOL
Dare: DARE (to care),REVIEW,22 songs about the one muscle nobody trains: the courage to actually give a damn. About truth. About others. About yourself.,GROWsutra,WISDOM,25,"Because the Light,Blessed be Your Voice,""Courage, care, and coconuts"",Do you ever Wonder?,Double Standards,""Hello, Oh No"",""Hereby, I Cry"",""Hold The Mic, Babe"",How Do We Find Meaning?,Let’s Play A Game Where We All Win! (If The Game Is Absurd),""No, I'm Not Being Political (CIRCA 2025)"",""No, I'm Not Being Political (CIRCA 2026)"",One Percent Rising,Possum Scrotum,V.O.I.C.E.S (Blessed Be),V.O.I.C.E.S (What You Want Baby),We Live Not By Lies,We Remember What (We Remember What) We Feel☉,What’s Behind Every Door?,Where Hope Expires,Why We Can't Be Brave?,Zero Sum (Zero Sean),The Courage To Care,Can You Play Win-Win Or No?,Broken Whole",25,G-04-DARE
Dare: GOD (etc.),REVIEW,"Queer, curious, and chronically unimpressed by official doctrine. 18 songs asking God (etc.) the questions the pew wouldn't permit.",GROWsutra,RELIGION,18,"El Papito (Es No MAGA Show),Make your Own Bible,No Holy Fool,Ordo Amoris in Decay (All I Want Is To Believe),""Pro-life Means What, Honey?"",Queer Almighty,Reason Over Reverence,Seminal Bollocks,Shush (How To Help A Bible Bro Grow Up),Sing Your Own Gospel,The Atheist Tango,The Invisible Man In The Sky,There's No Prayer Like Desire,Untamed,Waldo's Atheist Tango,Waldo's Fascist Tango (Down We Go),Who Needs A Big D?,""Why trust an old, mean religion?""",18,G-04-GOD
Dare: KIND(ness),REVIEW,"Kindness — not the soft kind with a bow on it. The fierce, deliberate, coconut-hard kind. 13 songs for the brave ones.",GROWsutra,BEAUTY,14,"ABC Of Kindness,Glitter On A Turd,Jealousy (Not For Me),Kids Just Want To Have Hope,Kindness,Kindness,La Force Douce,Nous Sommes Le Feu,Peel Me Kindly,Tune In The Tender,What the Mirror Said (Reste Lucide),Who Knows Where How Happiness Truly Grows,WIN-WIN (dub),Love from the Future (The Hesse Song)",14,G-04-KIND
Trust: FLY (like water),REVIEW,"Bruce Lee, Tao, and a lot of trusting the river. 12 songs about the radical art of letting go — without disappearing.",FLOWsutra,PEACE,14,"Ain't Doing Bad Doing Nothing,Flow Like Water (My Friend),Fluye (como el mar),""Freee, La Fille"",Just Be,Making Songs Like,Peace Unseen,Sous Terre (Underground),Sutra of Immanence,They Call Her... Out of Step,Thrifting Memories,""Too Hard, My Friend"",Self-Remembering,Oxytocin",14,G-05-FLY
Trust: WET (my friend),REVIEW,"12 songs where the pulse knows what the brain overthinks. Sensual, tender, unapologetically honest. #pleasepardonmyfrench",FLOWsutra,BEAUTY,13,"Bare Your Soul (Velvet),Clay Maiden,Curious Like A Kiss (Kiss a Pulse),I Think I Need a Good Spank!ng (in Madrid),Kiss A Pulse,Let's Do It,Segggsting,Wet (Prickly) Peaches vol.2,When We Duende (All Night),When We Duende (Encore),Where We Begin (Preakly Peaches),Whispers (Lithium),Win-Win After Midnight",13,G-05-WET
Bless: POET(ry),REVIEW,15 songs for the ones who believe words have weight. Poetry isn't decoration. It's the thing holding the walls up.,GLOWsutra,BEAUTY,15,"Awe Is Like...,Awe Is Mighty,Creo (La Poesia),La Poesia Importa,My Quest,""Poem (I wanted to be, basically)"",Poetry Matters,Poetry Nah Lie,Poetry Slow Burns,Poets Hats,She Wears The Words,The Poem,The Quest,To Dream,Wear The Words",15,G-06-POET
Bless: RAINBOWS (in my clouds),REVIEW,"Nine small benedictions for the good things: toast, poppies, Jacques Brel, and the audacity to be delighted by all of it.",GLOWsutra,BEAUTY,11,"A Toast To The Good Life,Berries and Beaches,Donkeys Years,French Poppies,Jacques Brel,More Than A Plate (Anthony Bourdain <3),Rainbows in the Clouds,This Is My Quest,Up a San Francisco Hill,Grateful for the weird,Dream A Dog",11,G-06-CLOU
Bow: (Thank) Dogs,REVIEW,Four love songs for the creatures who never needed instructions on unconditional love. Who's a good philosopher? You are.,BOWsutra,WISDOM,4,"Blessed Be The Dogs,Dead Dogs Deets,Like A Dog In The Sky,Like A Dog In The Sky (SHOWsutra Edition)",4,G-07-DOGS
Bow: Death (is nothing),REVIEW,"Death is nothing at all. Henry Scott Holland said so. Four songs that agree — gently, without lying, without rushing.",BOWsutra,PEACE,6,"But Where Do Pigeons Go To Die?,Darling,Easy (Death Is Nothing At All),""Oh, Martine"",The World We Knew,The Umm Song",6,G-07-DEAT
EP: Sidération,LIVE,"A four-part series named for the French word for the freeze — when something is so wrong your soul slips on a banana peel. Volumes 1–4, in ascending disbelief.",BLOWsutra,INJUSTICE,4,"Sidération,Sidération (The Sky Stood Still),Sidération Blues,Sidération's Calling",4,G-02-SIDE
EP: DEFY,LIVE,"A playlist built for the days you'd rather not comply. Loud, principled, and stubbornly here.",BLOWsutra,POOLITICS,3,"Optics Of Cruelty (DEFY),Shameless (DEFY),Universal Currency",3,G-02-DEFY
EP: Best Teacher Award,LIVE,Because sometimes the best teacher isn't in a classroom. Sometimes it's love. Sometimes it's death. Usually both.,BOWsutra,WISDOM,4,"Blessed Be The Dogs,Dead Dogs Deets,Like A Dog In The Sky,Like A Dog In The Sky (SHOWsutra Edition)",4,G-07-PROF
EP: Criminals,LIVE,"When the rules shift, who decides who the criminal is? A bilingual meditation — EN + FR — on the question that keeps getting more relevant.",BLOWsutra,INJUSTICE,2,"Criminals,Criminels",2,G-02-CRIM
EP: Peachy,IDEA,"Psychedelic peaches, jazzy white rabbits, and the kind of intimacy that doesn't need explaining. Prickly is good, actually.",FLOWsutra,BEAUTY,2,"Wet (Prickly) Peaches vol.2,Where We Begin (Preakly Peaches)",2,G-03-KINK