playlist_name,playlist_url,sutra,genres,track_count,total_plays,total_likes,duration_total,artwork_url,artwork_lg_url,sc_playlist_type,scplaylist_in_app,songbook_id
BANJOsutra,https://soundcloud.com/bananasutra/sets/banjosutra,,"BANJO,BLUES,BURLESQUE,DUB,FOLK,INDIE,JAZZ,LOFI,MANTRA,ROCK",146,51441,425,7:38:00,https://i1.sndcdn.com/artworks-ROFUH45CVmzoeu8W-wCnnMA-t500x500.jpg,https://i1.sndcdn.com/artworks-ROFUH45CVmzoeu8W-wCnnMA-t1080x1080.jpg,genre (all),,
BLOWsutra,https://soundcloud.com/bananasutra/sets/sutrablow,BLOWsutra,"BANJO,BLUES,BURLESQUE,DUB,FOLK,INDIE,JAZZ,LOFI,MANTRA,ROCK",426,256372,2395,24:11:38,https://i1.sndcdn.com/artworks-8VrcsratgHRdvlWi-DctPQQ-t500x500.jpg,https://i1.sndcdn.com/artworks-8VrcsratgHRdvlWi-DctPQQ-t1080x1080.jpg,sutra (all),,
BLOWsutra : APES (gone wrong),https://soundcloud.com/bananasutra/sets/blowsutra-apes-gone-wrong,BLOWsutra,"BLUES,BURLESQUE,DUB,FOLK,INDIE,JAZZ,MANTRA,ROCK",32,20236,202,1:48:53,https://i1.sndcdn.com/artworks-5bVU3160At7As99u-kxcaPw-t500x500.jpg,https://i1.sndcdn.com/artworks-5bVU3160At7As99u-kxcaPw-t1080x1080.jpg,sutra,checked,G-02-APES
BLOWsutra : CENSOR(ed),https://soundcloud.com/bananasutra/sets/blowsutra-censor-ed,BLOWsutra,"BURLESQUE,DUB,FOLK,INDIE,JAZZ,LOFI,ROCK",19,17357,190,0:59:23,https://i1.sndcdn.com/artworks-dthPPqfZhiyUkEwu-xSQQFA-t500x500.jpg,https://i1.sndcdn.com/artworks-dthPPqfZhiyUkEwu-xSQQFA-t1080x1080.jpg,sutra,checked,G-02-CENS
BLOWsutra : EGO (gone loco),https://soundcloud.com/bananasutra/sets/knowsutra-ego-gone-loco,BLOWsutra,"BANJO,BLUES,BURLESQUE,DUB,FOLK,INDIE,JAZZ,LOFI,MANTRA,ROCK",36,32195,367,2:01:22,https://i1.sndcdn.com/artworks-2fgVK1GEubaAV6QP-rbKhfg-t500x500.jpg,https://i1.sndcdn.com/artworks-2fgVK1GEubaAV6QP-rbKhfg-t1080x1080.jpg,sutra,checked,G-02-EGO
BLOWsutra : MAxA Series,https://soundcloud.com/bananasutra/sets/blowsutra-maxa-series,BLOWsutra,"BANJO,BLUES,BURLESQUE,DUB,FOLK,INDIE",14,12295,114,0:49:16,https://i1.sndcdn.com/artworks-gyBohcCG6YVAXsCO-qAFi8g-t500x500.jpg,https://i1.sndcdn.com/artworks-gyBohcCG6YVAXsCO-qAFi8g-t1080x1080.jpg,sutra,checked,G-02-MAXA
BLOWsutra : REVOLT (now),https://soundcloud.com/bananasutra/sets/blowsutra-revolt-now,BLOWsutra,"BANJO,BLUES,BURLESQUE,DUB,FOLK,INDIE,JAZZ,LOFI,MANTRA,ROCK",43,30603,356,2:21:55,https://i1.sndcdn.com/artworks-DQz78hEwZB0tJMxO-l4I40Q-t500x500.jpg,https://i1.sndcdn.com/artworks-DQz78hEwZB0tJMxO-l4I40Q-t1080x1080.jpg,sutra,checked,G-02-REVO
BLUESsutra,https://soundcloud.com/bananasutra/sets/bluessutra,,"BANJO,BLUES,BURLESQUE,DUB,FOLK,INDIE,JAZZ,LOFI,MANTRA,ROCK",194,94920,1063,11:00:39,https://i1.sndcdn.com/artworks-YONCbgZm1q7Yv278-GdFhyQ-t500x500.jpg,https://i1.sndcdn.com/artworks-YONCbgZm1q7Yv278-GdFhyQ-t1080x1080.jpg,genre (all),,
BLUESsutra (Best Of),https://soundcloud.com/bananasutra/sets/bluessutra-best-of,,BLUES,51,57808,699,3:01:08,https://i1.sndcdn.com/artworks-cIB0NEtml8oty1Vy-wRu1Gw-t500x500.jpg,https://i1.sndcdn.com/artworks-cIB0NEtml8oty1Vy-wRu1Gw-t1080x1080.jpg,genre (best of),checked,G-00-BLUES
BOWsutra : (Thank) Dogs,https://soundcloud.com/bananasutra/sets/bowsutra-thank-dogs,SHOWsutra,"BLUES,BURLESQUE,DUB,INDIE,JAZZ,ROCK",10,2213,30,0:34:33,https://i1.sndcdn.com/artworks-Y8QjM6vfVoY5XyEi-axwodQ-t500x500.jpg,https://i1.sndcdn.com/artworks-Y8QjM6vfVoY5XyEi-axwodQ-t1080x1080.jpg,sutra,checked,G-07-DOGS
BOWsutra : DEATH (is nothing),https://soundcloud.com/bananasutra/sets/bowsutra-death-is-nothing,BOWsutra,"BLUES,DUB,INDIE,JAZZ",9,5642,63,0:27:30,https://i1.sndcdn.com/artworks-pJs7anXy4aAFCFrv-isxj5A-t500x500.jpg,https://i1.sndcdn.com/artworks-pJs7anXy4aAFCFrv-isxj5A-t1080x1080.jpg,sutra,checked,G-07-DEAT
BOWsutra the last of 7 sutras · it's divine <3,https://soundcloud.com/bananasutra/sets/bowsutra,BOWsutra,"BANJO,BLUES,BURLESQUE,DUB,FOLK,INDIE,JAZZ,LOFI,ROCK",67,26316,285,2:59:08,https://i1.sndcdn.com/artworks-PhV4HcOuFKRdx4bD-cO41eQ-t500x500.png,https://i1.sndcdn.com/artworks-PhV4HcOuFKRdx4bD-cO41eQ-t1080x1080.png,sutra (all),,
BURLESQUEsutra,https://soundcloud.com/bananasutra/sets/burlesquesutra,,"BANJO,BLUES,BURLESQUE,DUB,FOLK,INDIE,JAZZ,LOFI,MANTRA,ROCK",299,126236,1158,16:22:19,https://i1.sndcdn.com/artworks-qf8LWHFrU1aA0x9C-4Ziiag-t500x500.jpg,https://i1.sndcdn.com/artworks-qf8LWHFrU1aA0x9C-4Ziiag-t1080x1080.jpg,genre (all),,
BURLESQUEsutra (Best Of),https://soundcloud.com/bananasutra/sets/burlesquesutra-best-of,,BURLESQUE,61,72151,742,3:26:03,https://i1.sndcdn.com/artworks-n4WmFJexVLsKUShK-WpEC4A-t500x500.jpg,https://i1.sndcdn.com/artworks-n4WmFJexVLsKUShK-WpEC4A-t1080x1080.jpg,genre (best of),checked,G-00-BURL
DUBsutra,https://soundcloud.com/bananasutra/sets/dubsutra,,"BANJO,BLUES,BURLESQUE,DUB,FOLK,INDIE,JAZZ,LOFI,MANTRA,ROCK",337,203809,2024,18:11:52,https://i1.sndcdn.com/artworks-zyFVoQN33jQifswF-LXTdCw-t500x500.jpg,https://i1.sndcdn.com/artworks-zyFVoQN33jQifswF-LXTdCw-t1080x1080.jpg,genre (all),,
DUBsutra (Best Of),https://soundcloud.com/bananasutra/sets/dubsutra-best-of,,DUB,96,133624,1412,5:20:18,https://i1.sndcdn.com/artworks-0sxByuCQtf1zSYMt-w8bhvA-t500x500.jpg,https://i1.sndcdn.com/artworks-0sxByuCQtf1zSYMt-w8bhvA-t1080x1080.jpg,genre (best of),checked,G-00-DUB
FLOWsutra : FLY (like water),https://soundcloud.com/bananasutra/sets/flowsutra-fly-like-water,FLOWsutra,"BLUES,DUB,LOFI",9,10271,125,0:27:07,https://i1.sndcdn.com/artworks-2pHqakX9GOVp97hp-EU7MrQ-t500x500.jpg,https://i1.sndcdn.com/artworks-2pHqakX9GOVp97hp-EU7MrQ-t1080x1080.jpg,sutra,checked,G-05-FLY
FLOWsutra : WET (my friend),https://soundcloud.com/bananasutra/sets/flowsutra-wet-my-friend,FLOWsutra,"BLUES,BURLESQUE,DUB,JAZZ",17,6110,95,0:56:23,https://i1.sndcdn.com/artworks-lcLXcYSTLwU1vVWx-8umDBA-t500x500.jpg,https://i1.sndcdn.com/artworks-lcLXcYSTLwU1vVWx-8umDBA-t1080x1080.jpg,sutra,checked,G-05-WET
FLOWsutra where time is space,https://soundcloud.com/bananasutra/sets/sutraflow,FLOWsutra,"BLUES,BURLESQUE,DUB,FOLK,INDIE,JAZZ,LOFI",66,37949,470,3:28:41,https://i1.sndcdn.com/artworks-PorYyvyZr3pl4ezD-Qz561g-t500x500.jpg,https://i1.sndcdn.com/artworks-PorYyvyZr3pl4ezD-Qz561g-t1080x1080.jpg,sutra (all),,
FOLKsutra,https://soundcloud.com/bananasutra/sets/folksutra,,"BANJO,BLUES,BURLESQUE,DUB,FOLK,INDIE,JAZZ,LOFI",139,50165,532,7:34:30,https://i1.sndcdn.com/artworks-6tM0cjHYVyEyl5Gu-Bhop9A-t500x500.jpg,https://i1.sndcdn.com/artworks-6tM0cjHYVyEyl5Gu-Bhop9A-t1080x1080.jpg,genre (all),,
FOLKsutra (Best Of),https://soundcloud.com/bananasutra/sets/folksutra-best-of,,FOLK,46,40216,413,2:26:46,https://i1.sndcdn.com/artworks-CV0ODQOztCTXkFAF-1T2ODw-t500x500.jpg,https://i1.sndcdn.com/artworks-CV0ODQOztCTXkFAF-1T2ODw-t1080x1080.jpg,genre (best of),,G-00-FOLK
FOTUS CIRCUS Playlist An American Freaks Show,https://soundcloud.com/bananasutra/sets/fotus-circus-playlist-an-3,BLOWsutra,"BANJO,BLUES,BURLESQUE,DUB,FOLK,JAZZ,LOFI,MANTRA,ROCK",42,12624,92,2:15:29,https://i1.sndcdn.com/artworks-e9LS1yE2xOsiJ46m-ydWbdw-t500x500.jpg,https://i1.sndcdn.com/artworks-e9LS1yE2xOsiJ46m-ydWbdw-t1080x1080.jpg,collection,,
FRENCHsutra oui oui · sacrebleu,https://soundcloud.com/bananasutra/sets/sutrafrench,,"BANJO,BLUES,BURLESQUE,DUB,FOLK,INDIE,JAZZ,LOFI,MANTRA",121,64034,629,6:29:45,https://i1.sndcdn.com/artworks-Ni4BbsKypzQtXkzs-AElX6Q-t500x500.jpg,https://i1.sndcdn.com/artworks-Ni4BbsKypzQtXkzs-AElX6Q-t1080x1080.jpg,collection,,
GLOWsutra : POET(ry),https://soundcloud.com/bananasutra/sets/glowsutra-poet-ry,GLOWsutra,"BANJO,BLUES,BURLESQUE,DUB,INDIE,JAZZ,LOFI,MANTRA",16,10504,133,0:54:07,https://i1.sndcdn.com/artworks-UVBWmXWPLc9H0Ov3-HwlYIg-t500x500.jpg,https://i1.sndcdn.com/artworks-UVBWmXWPLc9H0Ov3-HwlYIg-t1080x1080.jpg,sutra,checked,G-06-POET
GLOWsutra : RAINBOWS (in my clouds),https://soundcloud.com/bananasutra/sets/glowsutra-rainbows-in-my,GLOWsutra,"BANJO,BLUES,DUB,FOLK,INDIE,JAZZ,LOFI",14,14252,177,0:41:49,https://i1.sndcdn.com/artworks-57vIPCGJ4OIaDUaa-UFslNg-t500x500.jpg,https://i1.sndcdn.com/artworks-57vIPCGJ4OIaDUaa-UFslNg-t1080x1080.jpg,sutra,checked,G-06-CLOU
GLOWsutra where gratitude feeds,https://soundcloud.com/bananasutra/sets/sutraglow,GLOWsutra,"BANJO,BLUES,BURLESQUE,DUB,FOLK,INDIE,JAZZ,LOFI,MANTRA,ROCK",145,80479,858,7:55:33,https://i1.sndcdn.com/artworks-uL7ay8dUUSSVPybn-wwfjyg-t500x500.jpg,https://i1.sndcdn.com/artworks-uL7ay8dUUSSVPybn-wwfjyg-t1080x1080.jpg,sutra (all),,
GROWsutra : DARE (to care),https://soundcloud.com/bananasutra/sets/growsutra-dare-to-care,GROWsutra,"BANJO,BLUES,DUB,FOLK,INDIE,LOFI,MANTRA",18,11837,144,0:58:50,https://i1.sndcdn.com/artworks-pWOrhsGFerHV4tjv-qenNsg-t500x500.jpg,https://i1.sndcdn.com/artworks-pWOrhsGFerHV4tjv-qenNsg-t1080x1080.jpg,sutra,checked,G-04-DARE
GROWsutra : GOD (etc),https://soundcloud.com/bananasutra/sets/growsutra-god-etc,GROWsutra,"BANJO,BLUES,BURLESQUE,DUB,FOLK,JAZZ,LOFI,MANTRA,ROCK",30,25569,295,1:35:12,https://i1.sndcdn.com/artworks-GR9JyL5n8yqk0dDg-rUqw1g-t500x500.jpg,https://i1.sndcdn.com/artworks-GR9JyL5n8yqk0dDg-rUqw1g-t1080x1080.jpg,sutra,checked,G-04-GOD
GROWsutra : KIND(ness),https://soundcloud.com/bananasutra/sets/growsutra-kind-ness,GROWsutra,"BLUES,BURLESQUE,FOLK,INDIE,JAZZ,LOFI",17,13542,113,0:55:24,https://i1.sndcdn.com/artworks-b1Fx0OuFqdHgE7WF-fVAj1Q-t500x500.jpg,https://i1.sndcdn.com/artworks-b1Fx0OuFqdHgE7WF-fVAj1Q-t1080x1080.jpg,sutra,checked,G-04-KIND
GROWsutra where we be brave,https://soundcloud.com/bananasutra/sets/sutragrow,GROWsutra,"BANJO,BLUES,BURLESQUE,DUB,FOLK,INDIE,JAZZ,LOFI,MANTRA,ROCK",332,200055,1941,18:01:33,https://i1.sndcdn.com/artworks-mzuSCb7CNKrMH5sq-5CuPrQ-t500x500.jpg,https://i1.sndcdn.com/artworks-mzuSCb7CNKrMH5sq-5CuPrQ-t1080x1080.jpg,sutra (all),,
HIDDEN PEELS,https://soundcloud.com/bananasutra/sets/hidden-peels,,,83,27863,488,4:31:51,https://i1.sndcdn.com/artworks-q37xEnqpYSi9JjNM-xhFyxw-t500x500.jpg,https://i1.sndcdn.com/artworks-q37xEnqpYSi9JjNM-xhFyxw-t1080x1080.jpg,collection,checked,G-gems
INDIEsutra,https://soundcloud.com/bananasutra/sets/indiesutra-2,,"BLUES,BURLESQUE,DUB,FOLK,INDIE,JAZZ,LOFI,MANTRA,ROCK",259,122933,1170,14:59:44,https://i1.sndcdn.com/artworks-C7s0a12XcankxZ5m-N8ITrg-t500x500.jpg,https://i1.sndcdn.com/artworks-C7s0a12XcankxZ5m-N8ITrg-t1080x1080.jpg,genre (all),,
INDIEsutra (Best Of),https://soundcloud.com/bananasutra/sets/indiesutra-best-of,,INDIE,69,99089,936,4:13:22,https://i1.sndcdn.com/artworks-o2drYEuUiIonduAx-8tLPrg-t500x500.jpg,https://i1.sndcdn.com/artworks-o2drYEuUiIonduAx-8tLPrg-t1080x1080.jpg,genre (best of),checked,G-00-INDI
JAZZsutra,https://soundcloud.com/bananasutra/sets/jazzsutra,,"BLUES,BURLESQUE,DUB,FOLK,INDIE,JAZZ,LOFI",226,139697,1506,12:48:39,https://i1.sndcdn.com/artworks-DEjozORVmF41Cqui-3hQl1g-t500x500.jpg,https://i1.sndcdn.com/artworks-DEjozORVmF41Cqui-3hQl1g-t1080x1080.jpg,genre (all),,
JAZZsutra (Best Of),https://soundcloud.com/bananasutra/sets/jazzsutra-best-of,,JAZZ,77,106906,1192,4:14:44,https://i1.sndcdn.com/artworks-cAdyXVEMk1Mz51KL-IBblxw-t500x500.jpg,https://i1.sndcdn.com/artworks-cAdyXVEMk1Mz51KL-IBblxw-t1080x1080.jpg,genre (best of),checked,G-00-JAZZ
KNOWsutra : (naked) TRUTH,https://soundcloud.com/bananasutra/sets/knowsura-naked-truth,KNOWsutra,"BLUES,BURLESQUE,DUB,INDIE,LOFI",27,26534,450,1:34:52,https://i1.sndcdn.com/artworks-f66ByNzPT9uoPEaI-NO5RcQ-t500x500.jpg,https://i1.sndcdn.com/artworks-f66ByNzPT9uoPEaI-NO5RcQ-t1080x1080.jpg,sutra,checked,G-01-TRUT
KNOWsutra : BERTRAND (mon chéri),https://soundcloud.com/bananasutra/sets/knowsutra-bertrand-mon-cheri,KNOWsutra,"BANJO,BLUES,BURLESQUE,DUB,FOLK,INDIE,JAZZ,LOFI",16,24054,317,0:55:14,https://i1.sndcdn.com/artworks-oJ9Fh72QQzfgiRgF-mSFydg-t500x500.jpg,https://i1.sndcdn.com/artworks-oJ9Fh72QQzfgiRgF-mSFydg-t1080x1080.jpg,sutra,checked,G-01-BERT
KNOWsutra : PEACE (not War),https://soundcloud.com/bananasutra/sets/knowsutra-peace-not-war,KNOWsutra,"BANJO,BLUES,BURLESQUE,DUB,FOLK,INDIE,JAZZ,LOFI,MANTRA",39,49737,552,2:19:53,https://i1.sndcdn.com/artworks-4w582El0x5oIrs8P-HzEPOQ-t500x500.jpg,https://i1.sndcdn.com/artworks-4w582El0x5oIrs8P-HzEPOQ-t1080x1080.jpg,sutra,checked,G-01-PEAC
KNOWsutra : but(t) WHY,https://soundcloud.com/bananasutra/sets/knowsutra-but-t-why,KNOWsutra,"BANJO,BLUES,BURLESQUE,DUB,FOLK,INDIE,JAZZ,LOFI,ROCK",24,18477,199,1:21:20,https://i1.sndcdn.com/artworks-ZPm3MIrvf9zymSnp-CfTzsw-t500x500.jpg,https://i1.sndcdn.com/artworks-ZPm3MIrvf9zymSnp-CfTzsw-t1080x1080.jpg,sutra,checked,G-01-WHY
KNOWsutra where questions matter,https://soundcloud.com/bananasutra/sets/sutraknow,KNOWsutra,"BANJO,BLUES,BURLESQUE,DUB,FOLK,INDIE,JAZZ,LOFI,MANTRA,ROCK",363,193412,1995,20:50:17,https://i1.sndcdn.com/artworks-anGiB4MZUOqXnHRN-rokGAw-t500x500.jpg,https://i1.sndcdn.com/artworks-anGiB4MZUOqXnHRN-rokGAw-t1080x1080.jpg,sutra (all),,
LOFIsutra,https://soundcloud.com/bananasutra/sets/lofisutra,,"BANJO,BLUES,BURLESQUE,DUB,FOLK,INDIE,JAZZ,LOFI,MANTRA,ROCK",302,182708,1719,15:37:27,https://i1.sndcdn.com/artworks-03WTBGq1a0FSjyzn-WEwcRg-t500x500.jpg,https://i1.sndcdn.com/artworks-03WTBGq1a0FSjyzn-WEwcRg-t1080x1080.jpg,genre (all),,
LOFIsutra (Best Of),https://soundcloud.com/bananasutra/sets/lofisutra-best-of,,LOFI,68,118728,1120,3:33:38,https://i1.sndcdn.com/artworks-XV1yrYzFlhLY4GGz-vazYKA-t500x500.jpg,https://i1.sndcdn.com/artworks-XV1yrYzFlhLY4GGz-vazYKA-t1080x1080.jpg,genre (best of),checked,G-00-LOFI
MANTRAsutra,https://soundcloud.com/bananasutra/sets/mantrasutra,,"BANJO,BLUES,BURLESQUE,DUB,FOLK,INDIE,JAZZ,LOFI,MANTRA",78,20505,197,4:23:50,https://i1.sndcdn.com/artworks-YcyNpeBLycX9QvZI-cSnvcg-t500x500.jpg,https://i1.sndcdn.com/artworks-YcyNpeBLycX9QvZI-cSnvcg-t1080x1080.jpg,genre (all),,
MANTRAsutra (Best Of),https://soundcloud.com/bananasutra/sets/mantrasutra-best-of,,MANTRA,21,13269,177,1:11:55,https://i1.sndcdn.com/artworks-HoSD40eIsX92F6ug-iEu1fg-t500x500.jpg,https://i1.sndcdn.com/artworks-HoSD40eIsX92F6ug-iEu1fg-t1080x1080.jpg,genre (best of),checked,G-00-MANT
OUI OUI : Pardon (my French),https://soundcloud.com/bananasutra/sets/oui-oui-pardon-my-french,,"BLUES,BURLESQUE,DUB,INDIE,JAZZ,LOFI,MANTRA",32,33361,339,1:49:40,https://i1.sndcdn.com/artworks-GLa538X1fUoCj8Yg-p3dNGg-t500x500.jpg,https://i1.sndcdn.com/artworks-GLa538X1fUoCj8Yg-p3dNGg-t1080x1080.jpg,sutra,checked,G-lang-FR
Playlist Sidération Gone Bananas x29,https://soundcloud.com/bananasutra/sets/playlist-sideration-gone-bananas,BLOWsutra,"BLUES,JAZZ,LOFI",29,9929,76,1:28:13,https://i1.sndcdn.com/artworks-5zDi1XtdvEsTf986-eFnsyw-t500x500.jpg,https://i1.sndcdn.com/artworks-5zDi1XtdvEsTf986-eFnsyw-t1080x1080.jpg,collection,,G-02-SIDE
QUACKsutra : DUCK (shady),https://soundcloud.com/bananasutra/sets/quacksutra-duck-shady,QUACKsutra,"BANJO,BLUES,BURLESQUE,DUB,FOLK,INDIE,JAZZ,LOFI,MANTRA,ROCK",31,12377,137,1:40:31,https://i1.sndcdn.com/artworks-o0qz0ucmBMzsR5UL-eS6HrA-t500x500.jpg,https://i1.sndcdn.com/artworks-o0qz0ucmBMzsR5UL-eS6HrA-t1080x1080.jpg,sutra,checked,G-02-DUC
QUACKsutra : FOTUS Circus,https://soundcloud.com/bananasutra/sets/quacksutra-fotus-circus,QUACKsutra,"BANJO,BURLESQUE,DUB,FOLK,INDIE,LOFI,ROCK",15,7709,68,0:45:21,https://i1.sndcdn.com/artworks-JWP4i7BJc28GfvPW-mmFU9Q-t500x500.jpg,https://i1.sndcdn.com/artworks-JWP4i7BJc28GfvPW-mmFU9Q-t1080x1080.jpg,sutra,checked,G-02-CIRC
QUACKsutra where we sing FU,https://soundcloud.com/bananasutra/sets/ducksutra-where-we-sing-fu,QUACKsutra,"BANJO,BLUES,BURLESQUE,DUB,FOLK,INDIE,JAZZ,LOFI,MANTRA,ROCK",282,97522,886,15:22:45,https://i1.sndcdn.com/artworks-DV4siAryy3RG3KTY-t5ZhRQ-t500x500.jpg,https://i1.sndcdn.com/artworks-DV4siAryy3RG3KTY-t5ZhRQ-t1080x1080.jpg,sutra (all),,
Questions for the (kind) POPE in the Sky,https://soundcloud.com/bananasutra/sets/questions-for-the-pope-in-the-sky,GROWsutra,"BANJO,BLUES,BURLESQUE,DUB,FOLK,INDIE,JAZZ,LOFI,MANTRA,ROCK",98,34349,302,5:01:39,https://i1.sndcdn.com/artworks-yCOtsWMP0bmkMYwo-dCBksA-t500x500.jpg,https://i1.sndcdn.com/artworks-yCOtsWMP0bmkMYwo-dCBksA-t1080x1080.jpg,collection,,
ROCKsutra,https://soundcloud.com/bananasutra/sets/rocksutra,,"BURLESQUE,FOLK,INDIE,JAZZ,LOFI,MANTRA,ROCK",91,27464,232,4:48:01,https://i1.sndcdn.com/artworks-RM7WHhN8qFyZxreU-hhcF1Q-t500x500.jpg,https://i1.sndcdn.com/artworks-RM7WHhN8qFyZxreU-hhcF1Q-t1080x1080.jpg,genre (all),,
ROCKsutra (Best Of),https://soundcloud.com/bananasutra/sets/rocksutra-best-of,,ROCK,15,16263,158,0:49:51,https://i1.sndcdn.com/artworks-cm4hZJP45iEWi61f-OzQ7hA-t500x500.jpg,https://i1.sndcdn.com/artworks-cm4hZJP45iEWi61f-OzQ7hA-t1080x1080.jpg,genre (best of),checked,G-00-ROCK
SHOWsutra : B.J. (is for Banana Jesters),https://soundcloud.com/bananasutra/sets/showsutra-b-j-is-for-banana,SHOWsutra,"BANJO,BURLESQUE,DUB,FOLK,INDIE,JAZZ,LOFI",9,3374,37,0:30:16,https://i1.sndcdn.com/artworks-zvxXEnN1nhEehvpK-ABzMFA-t500x500.jpg,https://i1.sndcdn.com/artworks-zvxXEnN1nhEehvpK-ABzMFA-t1080x1080.jpg,sutra,checked,G-03-BJ
SHOWsutra : FANANA Club,https://soundcloud.com/bananasutra/sets/showsutra-fanana-club,SHOWsutra,"BANJO,BURLESQUE,FOLK,INDIE,JAZZ,LOFI",24,13807,168,1:20:41,https://i1.sndcdn.com/artworks-SjuzUkSUCZpiPoz4-LnprBQ-t500x500.jpg,https://i1.sndcdn.com/artworks-SjuzUkSUCZpiPoz4-LnprBQ-t1080x1080.jpg,sutra,checked,G-03-FANA
SHOWsutra where bananas play,https://soundcloud.com/bananasutra/sets/sutrashow-where-bananas-get,SHOWsutra,"BANJO,BLUES,BURLESQUE,DUB,FOLK,INDIE,JAZZ,LOFI,ROCK",241,102699,991,13:43:02,https://i1.sndcdn.com/artworks-psPWeBgWhqP3BR76-8rTihA-t500x500.jpg,https://i1.sndcdn.com/artworks-psPWeBgWhqP3BR76-8rTihA-t1080x1080.jpg,sutra (all),,
SHOWsutra: (shades of) FOOLS,https://soundcloud.com/bananasutra/sets/showsutra-shades-of-fools,SHOWsutra,"BURLESQUE,DUB,INDIE,JAZZ,LOFI",8,2718,46,0:25:32,https://i1.sndcdn.com/artworks-GXTKcXAuyMmSbOsd-dz5iYQ-t500x500.jpg,https://i1.sndcdn.com/artworks-GXTKcXAuyMmSbOsd-dz5iYQ-t1080x1080.jpg,sutra,checked,G-03-FOOL
SINGLEsutra Exclusive SoundCloud (woo),https://soundcloud.com/bananasutra/sets/singlesutra,,"BANJO,BLUES,BURLESQUE,DUB,FOLK,INDIE,JAZZ,LOFI,MANTRA,ROCK",45,22543,291,2:17:26,https://i1.sndcdn.com/artworks-nKFxkPd7COBnHZAF-fy7sYw-t500x500.jpg,https://i1.sndcdn.com/artworks-nKFxkPd7COBnHZAF-fy7sYw-t1080x1080.jpg,collection,checked,G-SINGLES
WORLDsutra (Best Of),https://soundcloud.com/bananasutra/sets/worldsutra-best-of,,WORLD,2,3261,39,0:06:54,https://i1.sndcdn.com/artworks-fhn07viDnVztye2w-Meeehg-t500x500.jpg,https://i1.sndcdn.com/artworks-fhn07viDnVztye2w-Meeehg-t1080x1080.jpg,genre (best of),,
WORLDsutra : Russian(ish),https://soundcloud.com/bananasutra/sets/worldsutra-russian-ish,,"BANJO,BLUES,BURLESQUE,DUB,FOLK,INDIE,LOFI,ROCK",15,5888,68,1:01:23,https://i1.sndcdn.com/artworks-TUnq5K6T9gz6Lzs5-hw6yjw-t500x500.jpg,https://i1.sndcdn.com/artworks-TUnq5K6T9gz6Lzs5-hw6yjw-t1080x1080.jpg,collection,checked,G-lang-RU
WORLDsutra : SPAN(k)ish,https://soundcloud.com/bananasutra/sets/worldsutra-span-k-ish,,"INDIE,WORLD,DUB,JAZZ,MANTRA",4,3330,37,0:15:03,https://i1.sndcdn.com/artworks-V4ORYqjXscpH76UU-11PylA-t500x500.jpg,https://i1.sndcdn.com/artworks-V4ORYqjXscpH76UU-11PylA-t1080x1080.jpg,collection,checked,G-lang-ES