﻿SONGBOOK name,Status,LANDR URL,SUTRA(s),Topics (primary),Description,ID,SUTRA ID Rollup (from SUTRA(s)),SONGs (Lyrics),# of songs
LANG: FRENCH,REVIEW,https://app.landr.com/library/folder/e505b945-061d-481e-8e37-baaded4e7e67,,,,G-00-FR,,"L’Embobinage,""En Vrai, On Est Tous Frères"",L'Accordéon De l'Ignorance,La Force Douce,""Oh, Martine"",Sous Terre (Underground),Secret De Polichinelle,Le Bal Des Salauds,Le P'tit Jupiter,Segggsting,Le Système,""Freee, La Fille"",Le Bal Electoral,Nous Sommes Le Feu,""Le Système, ça voulait dire"",Criminels,Jacques Brel,Comme Des Pions,WIN-WIN (dub),Camus Dit Oui,Maupassant",21
LANG: RUSSian,OPEN,https://app.landr.com/library/folder/3ce2febb-6b5f-4c83-98fd-8204e8b3af55,,,,G-00-RU,,,0
LANG: SPANish,OPEN,https://app.landr.com/library/folder/e6b9fd1f-a639-4c11-b2d8-a873ec46e16d,,,,G-00-ES,,"La Poesia Importa,Fluye (como el mar)",2
Ask: (Naked) TRUTH,OPEN,https://app.landr.com/library/folder/8708b7a1-8aa6-4818-ae64-95562b304b6c,KNOWsutra,TRUTH,"The truth is agnostic. Honesty is brave, selfless. And it doesn't care if you're embarrassed. Songs asking the questions most would rather forget in the name of personal comfort, and power games.",G-01-TRUT,01-KNOW,"Metaphors' Edge (Joseph Campbell's song),Some Truths Are Harder to Swallow,""Philosophy, My Dear"",When Did Seduction Become so Untrue?,Open The Window,""So, What Is Racism?"",Authentic Innovation Manifesto,Kindness ABC,T.R.U.T.H,Genius EP,How Do Kids Learn Now?,AI Manifesto,Shades of Fools (All I Know),AI Fair Use Manifesto,Truth Don't Care,Banana Alleluia,New Normalcy (Planet Earth to Higher Grounds),Hard Core,Who Are You? (And Who Am I?),Tell The Truth,What's F-A-S-C-I-S-T?,Honest Is Best",22
Ask: BERTRAND (knows),OPEN,https://app.landr.com/library/folder/1a47b22e-ab07-44cc-bbcd-5601124a2442,KNOWsutra,WISDOM,"Bertrand Russell walks into a bar, orders a paradox, and starts a philosophical fight club. Songs for the ethically curious.",G-01-BERT,01-KNOW,"Question Di Kingdom,It's An Ethical Paradox,The (Womp Womp) Conquestor,""Two Things, Darling"",The Conquest of Happiness,Question The Nation,Truth I Never Knew (Crushing on Bertrand),I Ain't No Christian (Like Bertrand),Criminals (Bertrand Edition)",9
Ask: But(t) WHY,REVIEW,https://app.landr.com/library/folder/7fb23bd4-9349-4e93-9d1e-3a2c29251e3e,KNOWsutra,WISDOM,"One question. Socrates asked it, they killed him for it. We're still asking anyway.",G-01-WHY,01-KNOW,"HashtagWHY (Sorry Not Sorry),""Oh My, Oh Why (Socrates Song)"",Shady Fools,But(t) How Can You?,Kids Are Asking,There's No Prayer Like Desire,Why Are Kids Allowed To Die? (Why War?),The Sound Of Logic",8
Ask: PEACE (not war),REVIEW,https://app.landr.com/library/folder/00f366cd-196d-4488-9946-84f60301741b,KNOWsutra,PEACE,"Songs in the name of history, for the lovers, and everyone who refuses to unsee patterns of deceit and abuse. Peace is not a default. It's a practice.",G-01-PEAC,01-KNOW,"What Justifies The Pain?,The Love of A Dove,""En Vrai, On Est Tous Frères"",A New Historical Era,What It's About,Predators (Why War),WIN-WIN (Basic Science History),Blaise's Tale,Everybody Knows (The Foolishness),A Letter To My Friend (Never Again),A Stroll Down History’s Lane,""Genius, You See"",Peace Matters More,How Do You Explain War?,Foolish,Cassandra's Lullaby,Everybody Knows,Trauma Begets Trauma,Foolish Goldfish (Forever),A la Guerre Comme A la Guerre (To War or Not to War?),Hole Of Fire,Because The Fight,Wars Don’t Flow,What Lessons Do We Forget?",24
EP: Criminals,LIVE,,BLOWsutra,INJUSTICE,"When the rules shift, who decides who the criminal is? A bilingual meditation, in English and French, on the question that keeps getting more relevant.",G-02-CRIM,02-BLOW,"Criminals,Criminels,Criminals (Bertrand Edition)",3
EP: DEFY,LIVE,,BLOWsutra,POOLITICS,"A playlist built for the days you'd rather not comply. Loud, principled, and stubbornly here.",G-02-DEFY,02-BLOW,"Optics Of Cruelty (DEFY),Shameless (DEFY),Universal Currency",3
EP: Sidération,LIVE,,BLOWsutra,INJUSTICE,"A four-part series named for the French word for the freeze-in-the-marrow... like, when something is so wrong your soul slips on a banana peel. Volumes 1–4, in ascending disbelief.",G-02-SIDE,02-BLOW,"Sidération's Calling,Sidération,Sidération (The Sky Stood Still),Sidération Blues",4
Speak: APES (gone wrong),OPEN,https://app.landr.com/library/folder/818c0334-195e-4b77-89ac-3d837bfa64f4,BLOWsutra,INJUSTICE,"Grifters, criminals, idiocrats. What happens when the apes take the wheel? Many songs on the subject... none of them wrong.",G-02-APES,02-BLOW,"Le Système,Serial Blowers,""Hey, Creeps"",""Le Système, ça voulait dire"",Ironic Moronic Eugenics,Le P'tit Jupiter,Rhinoceross,Le Bal Electoral,Grifters,Freedom To Lie Is The New Human Right,Trust No One,Idiocracy Now,Okie Dokie (No It's Not),Le Bal Des Salauds,Men-Oh-Pause,Criminals,Criminels",17
Speak: CENSOR(ed),REVIEW,https://app.landr.com/library/folder/d083c5e1-0879-4a7b-a050-c9ef83cd3fa0,BLOWsutra,INJUSTICE,"What they banned, deleted, redacted, and rewrote. Songs about the inconvenient truths that survive anyway.",G-02-CENS,02-BLOW,"Delete My Butt,Mass Media Freakshow,Hiding Secrets in Lies,Supreme Words (Whoop Whoop),Secret De Polichinelle,Wonderland of Bias,The Dystopian Quiz Song,If We Had But(t) The Truth,Dear Edward (The Snowden Song),Read Me Harder (BB is for Banned Books),L’Embobinage,Silent Followers,GROCK",13
Speak: EGO (gone loco),OPEN,https://app.landr.com/library/folder/9b69a27e-7c74-4c63-bb71-f0deeb968db3,BLOWsutra,EGO,"Narcissistic Personality Disorder in music. Songs about the people who confuse themselves with the whole universe, and the rest of us paying the tab.",G-02-EGO,02-BLOW,"Jolly Poo,Ego Ain't Your Amigo,Second Hand Smoke (Arrogant Hearts),Males Fantasies (vol2),The Cabaret Where No One Knows,A Liar’s Prize,All the -Isms,Arrogant Hearts (Second hand Smoke),""But Who Says """"Say My Name"""""",Comme Des Pions,EGO's Masquerade,Nietzsche's Gift (Muddy Waters),Pablo's Grandeur,ABC of NPD,How Deep Is Your Shade?,""Hey, You (Creepers)"",Liars,Learn The Signs,D.I.M.M.E.R.s,Male Fantasies,Relative Steve,The Narcissist's Cabaret,Creeps,DARVO-A-GOGO",24
Speak: REVOLT (now),REVIEW,https://app.landr.com/library/folder/f323efc0-0c2f-4a95-9d28-236633fb0c4e,BLOWsutra,INJUSTICE,From Robert Burns to Victor Hugo to right now. The long arc of justice has always needed a banjo. So many songs. Don't wait...,G-02-REVO,02-BLOW,"Do Panic Now,Kamala's Roots of Resilience,The Echo Song,What If -Ism,Time For Rebel Romance,Revolution's Lit,""Oh, Freedom"",A Man's a Man and A' That,""No Fear, My Dear"",Bloom Past Doom,Liberty,What Dissent Looks Like Now,Spit Back the Lies,""They Call It Freedom (Oh Hi, Sweet Honey Bun)"",""Thank you, Mister Paine"",""Rise Up, You Naked Peoples (Freedom Rings)"",""Oy, We Care"",Win-Win In Unity,Weary Blues,Optics Of Cruelty (DEFY),Shameless (DEFY),Universal Currency,Sidération's Calling,Sidération,Sidération (The Sky Stood Still),Sidération Blues,We Must Revolt,Rebellion à L'Unisson",28
Speak: DUCK (shady),REVIEW,https://app.landr.com/library/folder/f4756dd1-ebf9-422c-a75b-8019e962bb54,QUACKsutra,POOLITICS,Meet Duck Shady. He's so much dumber and meaner than Slim Shady. And not funny at all. ,G-02-DUC,02-QUACK,"The Grazed Duck Luck,Kamala Has A Dream,Daddy's a Creep,The President’s Above The Law,Ignoramus Divine,The Ducktator (Lament),Pedo Nation (Felon Nation Redux),Hide Your Pets,SS Means Sacred Sp3rm,Stymy Stymy Yuck,Creepy Con Meme,Tweeting from the Throne,Presidential Joke of The Year,Woke 'em Whacks,RUN (Now If You Can),Dump Trump,Ain't No Kid,Trump Derangement Syndrome ™,""It's War, My Friend"",Project 2025 (Honky tonk dreams in the land of the free),Shining Twins,Mind the Felon,The Weave,L'Accordéon De l'Ignorance,Chuck Ain't Woke,Why You Lie (To The People's Face)?,Who's Your Vladdy?,Duck OFF my back,""Oh, WELP… The Duck."",Chuck-A-Dick,Felon Nation,Profane Obscenities,The Tyranny of Ignorance,Twatocracy (Encore et Encore),Jingoism 101,""Shame on You Boo (Don-Be-Gone Orchestra, Duck of the Jungle)"",Hitlus With Your Best Shot,Syndrome Nom Nom",38
Speak: FOTUS Circus,REVIEW,https://app.landr.com/library/folder/5b2eec40-a948-45ef-81c4-77578edf6d53,QUACKsutra,POOLITICS,"Step right up. The FOTUS is in the ring, grotesque clowns are running the republic, and the entrance music is ubuesque. Enjoy.",G-02-CIRC,02-QUACK,"Carnival FOTUS (ctd),FOTUS Circus: Ginsberg Hollow (Horror) Show,The Accordion of Ignorance,FOTUS Circus: Angels Eyes,Like A Criminal Strong Man,""FOTUS Circus: Step right up, My Dearest Souls"",""FOTUS Circus: Step Inside, Don’t Mind The Crime"",""FOTUS Circus: Welcome, You Fools"",""FOTUS Circus: Come On In, You Wretched Fools"",Radio Static (The Dystopian Cabaret),Freakshow King",11
Speak: MAxxxA Saga,REVIEW,https://app.landr.com/library/folder/7378a42d-7956-4d24-9252-cbc6787ac170,QUACKsutra,POOLITICS,"MAGA, MAHA, MAKA, MAMA, MAWA. Six acronyms. One burning question: make America what, exactly?",G-02-MAXA,02-QUACK,"MAMA (Make America Mine Achtung),MAWA (Make America Woke Again),MAHA (Make America Humane Again),MAKA (Make America Kind Again),MASA (Make America Safe Again),Make Amurica Gulag Again (MAGA)",6
Play: (Be) The Fool,REVIEW,https://app.landr.com/library/folder/2faa814c-2b3e-4a57-9408-417ca3a79913,SHOWsutra,FOOLERY,"The fool is not stupid. The fool is free. Songs in praise of cracked things, wiggling things, and the holy comedy of being human.",G-03-FOOL,03-SHOW,"Bee the Fool (Not A Lie),F-BOMB DUB,Hope is Do-Do-Dope,Hammy On Clyde,Blessed Are The Cracked,Blessed By The Wiggle,Be The Fool (Embrace The Cracks),The Great Naked King,Rachel Barks,The Fool Who Knows,Please Pardon My French,Be The Fool (Perfection Is A Lie),Frogs in the Cogs,Some Songs Are More Fun Than Others,Freedom Fries,A Good Witch,Real Winners Dance,Fool On A Mission (No Name Game),Lolita In Pensacola",19
Play: B.J. (is for banana jokes),REVIEW,https://app.landr.com/library/folder/86cd4b13-2e96-4f63-a913-f19e0cf63c0e,SHOWsutra,FOOLERY,Two songs walk into a bar. One's a banana joke. The other's wearing a mask. Still better than most political discourse.,G-03-BJ,03-SHOW,"I Know You Didn’t Ask,Banana joke making us laugh,This Is Not A Banana,The Seven Sutras of Bananas,Bananasutra Cabaret,Who Needs A Big D?,Lyrics Matter (FOOsutra) EDIT,Lyrics Matter (FOOsutra)",8
Play: FANANA (party),REVIEW,https://app.landr.com/library/folder/5371e7c6-75fa-40ab-adbb-0da70af825c9,SHOWsutra,FOOLERY,"Many songs, one invitation: come dressed as your most hilarious self. Featuring: dirty words, creepypastas, Bo Burnham covers, and feathers. Lots of feathers.",G-03-FANA,03-SHOW,"Creepy Pasta (What The Hella),""Hi, My Name Is (Not Celine Dion)"",Acoustic Attraction,Come Waddle With Me,""Not Bad, Friendo"",Bo Burnham Covers,SynthemaSutra,Gunther BBQ,An American in Paris (Public Domain),Buuuuurn!,Zappa's Religion,Dressed In (Nothing Butt) Wonder,Acousticophilia,7 Dirty Words,F is for Fabulous,Gladys in Sonderland,Enshittification (Word of the Year),""I Did The Math (Everything is Stupid, Absurd, and Divine"",Linguistic Weaponry,Singing Heavenly In Five Steps,Skanking Pickles,Penguins In Shoes,""Just Be You, Oooh! (A Birthday Sing-Along)""",23
Dare: DARE (to care),REVIEW,https://app.landr.com/library/folder/f1f05f7a-043b-4815-87d0-0cd66f201610,GROWsutra,WISDOM,Songs about the one muscle nobody trains: the courage to actually give a damn. About truth. About others. About yourself.,G-04-DARE,04-GROW,"""Hold The Mic, Babe"",The Courage To Care,What’s Behind Every Door?,V.O.I.C.E.S (What You Want Baby),""Courage, care, and coconuts"",Blessed be Your Voice,V.O.I.C.E.S (Blessed Be),Zero Sum (Zero Sean),Can You Play Win-Win Or No?,Broken Whole,Let’s Play A Game Where We All Win! (If The Game Is Absurd),Because the Light,We Live Not By Lies,""No, I'm Not Being Political (CIRCA 2026)"",Why We Can't Be Brave?,Possum Scrotum,One Percent Rising,How Do We Find Meaning?,We Remember What (We Remember What) We Feel☉,""Hereby, I Cry"",Double Standards,Where Hope Expires,""No, I'm Not Being Political (CIRCA 2025)"",""Hello, Oh No"",Do you ever Wonder?,Our Best (The Four Commandments)",26
Dare: GOD (etc.),REVIEW,https://app.landr.com/library/folder/77d1539c-ec9b-4bb6-9c0f-a574a8dd5719,GROWsutra,RELIGION,"Honest, curious, and chronically unimpressed by official doctrine. Songs asking God (etc.) and his sheeples the questions the pew wouldn't permit.",G-04-GOD,04-GROW,"Seminal Bollocks,Waldo's Fascist Tango (Down We Go),The Invisible Man In The Sky,Queer Almighty,Waldo's Atheist Tango,Sing Your Own Gospel,No Holy Fool,Ordo Amoris in Decay (All I Want Is To Believe),""Why trust an old, mean religion?"",Untamed,The Atheist Tango,Make your Own Bible,El Papito (Es No MAGA Show),Reason Over Reverence,Shush (How To Help A Bible Bro Grow Up),""Pro-life Means What, Honey?""",16
Dare: KIND(ness),REVIEW,https://app.landr.com/library/folder/66ebc85f-45e2-4b68-ad63-d8410315420b,GROWsutra,BEAUTY,"Kindness: it's not about being nice, the soft kind with a bow on it, it's about being cleatnot . The fierce, deliberate, coconut-hard kind. Songs for the brave loving ones.",G-04-KIND,04-GROW,"Kids Just Want To Have Hope,Glitter On A Turd,La Force Douce,WIN-WIN (dub),Love from the Future (The Hesse Song),Nous Sommes Le Feu,Kindness,What the Mirror Said (Reste Lucide),Tune In The Tender,Peel Me Kindly,Jealousy (Not For Me),Who Knows Where How Happiness Truly Grows,Kindness,ABC Of Kindness",14
EP: Peachy,IDEA,,FLOWsutra,BEAUTY,"Psychedelic peaches, jazzy white rabbits, and the kind of intimacy that doesn't need explaining. Prickly is good, sometimes.",G-03-KINK,05-FLOW,"Where We Begin (Preakly Peaches),Wet (Prickly) Peaches vol.2",2
Trust: FLY (like water),REVIEW,https://app.landr.com/library/folder/452dce76-2d5a-4d6d-9b32-9693e3e6d0bc,FLOWsutra,PEACE,"Bruce Lee, Tao, and a lot of trusting the river. Songs about the radical art of trust, the flow of letting go, without disappearing.",G-05-FLY,05-FLOW,"""Freee, La Fille"",Peace Unseen,Ain't Doing Bad Doing Nothing,Just Be,Sutra of Immanence,""Too Hard, My Friend"",Self-Remembering,They Call Her... Out of Step,Flow Like Water (My Friend),Making Songs Like,Fluye (como el mar),Thrifting Memories,They Call Her Wild (But She's Just Free),Camus Dit Oui,Feel The Sway,Life's A Song",16
Trust: WET (my friend),REVIEW,https://app.landr.com/library/folder/0d50fbc2-a1b6-4c6c-aa7e-fae84bf363ea,FLOWsutra,BEAUTY,"Songs where the pulse fasten, slowly but(t) surely. Sensual, tender, unapologetically honest. #pleasepardonmyfrench",G-05-WET,05-FLOW,"Segggsting,When We Duende (Encore),Curious Like A Kiss (Kiss a Pulse),When We Duende (All Night),Kiss A Pulse,Bare Your Soul (Velvet),Let's Do It,Whispers (Lithium),Win-Win After Midnight,I Think I Need a Good Spank!ng (in Madrid),Where We Begin (Preakly Peaches),Wet (Prickly) Peaches vol.2,Oxytocin,Sous Terre (Underground),Open The Meow,Feral Fandango",16
Bless: POET(ry),REVIEW,https://app.landr.com/library/folder/6e0ccb1a-6fea-45ab-a6c4-50e375a72d9d,GLOWsutra,BEAUTY,Songs for the ones who believe words have wonderful meaning. Poetry isn't decoration. It's the thing that makes us human.,G-06-POET,06-GLOW,"To Dream,Poetry Matters,Awe Is Like...,Creo (La Poesia),Poetry Slow Burns,The Poem,Awe Is Mighty,Wear The Words,Poets Hats,My Quest,Poetry Nah Lie,La Poesia Importa,She Wears The Words,""Poem (I wanted to be, basically)"",The Quest,Clay Maiden",16
Bless: RAINBOWS (in my clouds),REVIEW,https://app.landr.com/library/folder/c06a0d3d-fd9e-40a8-840a-ad6501720903,GLOWsutra,BEAUTY,"Because gratitude is the best! All the good things: toast, poppies, Jacques Brel, and the audacity to be delighted by all of it.",G-06-CLOU,06-GLOW,"Jacques Brel,A Toast To The Good Life,Berries & Beaches,French Poppies,This Is My Quest,Rainbows in the Clouds,Grateful For The Weird,More Than A Plate (Anthony Bourdain <3),Donkeys Years,Up a San Francisco Hill,Dream A Dog,The World We Knew,Maupassant",13
Bow: (Thank) Dogs,REVIEW,https://app.landr.com/library/folder/5c9e5bb3-a1fb-4830-b57a-2559061589a6,BOWsutra,WISDOM,Love songs for the creatures who never needed instructions on unconditional love. Who's a good soul? You are.,G-07-DOGS,07-BOW,"Like A Dog In The Sky,Blessed Be The Dogs,Like A Dog In The Sky (SHOWsutra Edition),Dead Dogs Deets",4
Bow: Cosmic Bananas,REVIEW,https://app.landr.com/library/folder/4aea05c9-ac4d-402f-b74c-9acadaf7b4e2,BOWsutra,WISDOM,"Carl Sagan and Simone Weil agree... ultimately, life is all about the cosmic magic of Gravity and Grace.",G-07-WISE,07-BOW,"""We’re Tiny Specks, Right?"",Who Knows What Goes On?",2
Bow: Death (is nothing),REVIEW,https://app.landr.com/library/folder/fb1be50e-3ed1-4ddd-bde6-91f334d61900,BOWsutra,PEACE,"Death is nothing at all. Henry Scott Holland said so... gently, without lying, without rushing.",G-07-DEAT,07-BOW,"Darling,Easy (Death Is Nothing At All),But Where Do Pigeons Go To Die?,""Oh, Martine"",The Umm Song",5
EP: Best Teacher Award,LIVE,,BOWsutra,WISDOM,Because sometimes the best teacher isn't in a classroom. Sometimes it's love. Sometimes it's death. Usually both.,G-07-PROF,07-BOW,"Like A Dog In The Sky,Blessed Be The Dogs,Like A Dog In The Sky (SHOWsutra Edition),Dead Dogs Deets",4