Title,Duration,YouTube URL,Author,Video ID
Are you a grifter or a gifter? (Hot tip: grifters are likely to lie… proof even the best Qs #fail ;),2:52,https://www.youtube.com/watch?v=Ry9Xlkw9cYo&list=PLmBA9ODM1xHNkz4xGSkiyAC--PDWFlTP_&index=1&pp=iAQBsAgC,bananasutra 🎶,V-001
Gladys in Sonderland 🍄🐇 SHOWsutra Vaudeville Wonder Waltz True Surreality Story,4:58,https://www.youtube.com/watch?v=Yd70x26o-wU&list=PLmBA9ODM1xHNkz4xGSkiyAC--PDWFlTP_&index=2&pp=iAQB0gcJCdkKAYcqIYzvsAgC,bananasutra 🎶,V-002
"Different day, same joke 🗽🍔 #happyfoolsday #thegreatdicktator #ifonlyiwasjoking",2:49,https://www.youtube.com/watch?v=PRhPuBu_JMs&list=PLmBA9ODM1xHNkz4xGSkiyAC--PDWFlTP_&index=3&pp=iAQBsAgC,bananasutra 🎶,V-003
Zero Sum (Zero Sean) EPx3 ♾️ GROWsutra Psychedelic Burlesque Cabaret Gone Absurd Bananas 🍌,9:56,https://www.youtube.com/watch?v=alWS1LW5nWM&list=PLmBA9ODM1xHNkz4xGSkiyAC--PDWFlTP_&index=4&pp=iAQBsAgC,bananasutra 🎶,V-004
Ego Ain't Your Amigo • EPx2 • BLOWsutra (Ego Gone Loco) Dub LoFi + Burlesque Punk 🐘🎪,9:29,https://www.youtube.com/watch?v=QYvUQzwwgao&list=PLmBA9ODM1xHNkz4xGSkiyAC--PDWFlTP_&index=5&pp=iAQBsAgC,bananasutra 🎶,V-005
Spit Back The Lies • EPx2 • BLOWsutra (Revolution Ring) Gipsy Duende LoFi Fusion,4:50,https://www.youtube.com/watch?v=BEKQLgWdROg&list=PLmBA9ODM1xHNkz4xGSkiyAC--PDWFlTP_&index=6&pp=iAQBsAgC,bananasutra 🎶,V-006
Tell The Truth 🍄 KNOWsutra Psychedelic Blues,4:31,https://www.youtube.com/watch?v=h0j7e3sGm9g&list=PLmBA9ODM1xHNkz4xGSkiyAC--PDWFlTP_&index=7&t=29s&pp=iAQBsAgC,bananasutra 🎶,V-007
Muddy Waters (Nietzsche’s Gift) • BLOWsutra Ambient Indie Flamenco Fusion LoFi #truecrimestory ♾️,4:05,https://www.youtube.com/watch?v=qJ_iFqEp1mM&list=PLmBA9ODM1xHNkz4xGSkiyAC--PDWFlTP_&index=8&pp=iAQB0gcJCdkKAYcqIYzvsAgC,bananasutra 🎶,V-008
"“Two Things, Darling“ 🎻 KNOWsutra Conscious Gipsy Cello LoFi Indie song inspired by Bertrand Russell",3:41,https://www.youtube.com/watch?v=sXDZRAfur9s&list=PLmBA9ODM1xHNkz4xGSkiyAC--PDWFlTP_&index=9&pp=iAQBsAgC,bananasutra 🎶,V-009
“But(t) How Can You?” is a quirky lill’ #scoobydoo detective story chasing ghostly good consciences…,2:35,https://www.youtube.com/watch?v=np38EN_y3c4&list=PLmBA9ODM1xHNkz4xGSkiyAC--PDWFlTP_&index=10&pp=iAQBsAgC,bananasutra 🎶,V-010
The Cabaret Where No One Knows • BLOWsutra Psychedelic Cello Mark Twain Indie Reality Circus 🎪🐸,3:19,https://www.youtube.com/watch?v=5tdBMp7Frzk&list=PLmBA9ODM1xHNkz4xGSkiyAC--PDWFlTP_&index=11&pp=iAQB0gcJCdkKAYcqIYzvsAgC,bananasutra 🎶,V-011
"“1% Rising” is a Gipsy GROWsutra sort of #hope song for the Curious, the Honest, and the Unseen 🌝✨",2:54,https://www.youtube.com/watch?v=cKRqEgbCfQA&list=PLmBA9ODM1xHNkz4xGSkiyAC--PDWFlTP_&index=12&pp=iAQBsAgC,bananasutra 🎶,V-012
"Kiss a Pulse • GLOWsutra Gipsy Smoky Sultry Psychedelic JAZZ, inspired by Lucille Clifton’s Poetry ✨",2:58,https://www.youtube.com/watch?v=JsqARSoj8p0&list=PLmBA9ODM1xHNkz4xGSkiyAC--PDWFlTP_&index=13&pp=iAQBsAgC,bananasutra 🎶,V-013
Ego Ain't Your Amigo 🍌🎧 BLOWsutra (Ego Gone Loco Series) Poetry Gone Bananas Folklore of Horrors DUB,4:38,https://www.youtube.com/watch?v=-EE2RnHrQwc&list=PLmBA9ODM1xHNkz4xGSkiyAC--PDWFlTP_&index=14&pp=iAQBsAgC,bananasutra 🎶,V-014
Blessed be “Rebel Romance” vs. Orwellian Ministry of “Religious Freedom” & the new “Board of Peace”,3:00,https://www.youtube.com/watch?v=U2TfXSN760A&list=PLmBA9ODM1xHNkz4xGSkiyAC--PDWFlTP_&index=15&pp=iAQBsAgC,bananasutra 🎶,V-015
"“Question the Nation” Gipsy LoFi EPx10, with fool lyrics, available on #soundcloud #poetryshorts",3:00,https://www.youtube.com/watch?v=k4jfR4jSlnk&list=PLmBA9ODM1xHNkz4xGSkiyAC--PDWFlTP_&index=16&pp=iAQBsAgC,bananasutra 🎶,V-016
"Rise Up (Freedom Rings) 🏴‍☠️ BLOWsutra Indie Folk Revolution Dream, inspired by Victor Hugo 🌾",3:08,https://www.youtube.com/watch?v=Jw3pXgajmpA&list=PLmBA9ODM1xHNkz4xGSkiyAC--PDWFlTP_&index=17&pp=iAQBsAgC,bananasutra 🎶,V-017
"So, What is Racism? KNOWsutra Dub Fusion Nerdy Monkeys Matter 🤓📖",3:17,https://www.youtube.com/watch?v=mDMYySxtXDU&list=PLmBA9ODM1xHNkz4xGSkiyAC--PDWFlTP_&index=18&pp=iAQBsAgC,bananasutra 🎶,V-018
"Invisible Man in The Sky • EPx2 • GROWsutra (God, Etc.) Holy Indie Folk, inspired by George Carlin",5:42,https://www.youtube.com/watch?v=y43Bq19IpR4&list=PLmBA9ODM1xHNkz4xGSkiyAC--PDWFlTP_&index=19&pp=iAQBsAgC,bananasutra 🎶,V-019
Because #gratitude is basically what I survive on… #mayaangelouinspired—minus that last line 🥹🍌💦,3:00,https://www.youtube.com/watch?v=DG4p7Sh71YY&list=PLmBA9ODM1xHNkz4xGSkiyAC--PDWFlTP_&index=20&pp=iAQBsAgC,bananasutra 🎶,V-020
"So, What Is Racism? 📺🔥 KNOWsutra (Naked Truth) Psychedelic Gipsy Burlesque Jazz",2:46,https://www.youtube.com/watch?v=Qjst3ZhU4a0&list=PLmBA9ODM1xHNkz4xGSkiyAC--PDWFlTP_&index=21&pp=iAQBsAgC,bananasutra 🎶,V-021
"So, What Is Racism? 🍌🐒 KNOWsutra Banjo Booya Folk Harmonica Blues",3:06,https://www.youtube.com/watch?v=nc0XVMxzm0A&list=PLmBA9ODM1xHNkz4xGSkiyAC--PDWFlTP_&index=22&pp=iAQBsAgC,bananasutra 🎶,V-022
Rainbows In My Cloud 🌈 Maya Angelou inspired GLOWsutra Psychedelic Banjo Folk Song,3:55,https://www.youtube.com/watch?v=kBibWJ92Xx4&list=PLmBA9ODM1xHNkz4xGSkiyAC--PDWFlTP_&index=23&pp=iAQBsAgC,bananasutra 🎶,V-023
"Oxytocin (Dopamine, Serotonin)• EPx2 FLOWsutra Psychedelic Neurotransmitters Mnemonics LOFI 🎼🎧",6:12,https://www.youtube.com/watch?v=0jChJY2K85o&list=PLmBA9ODM1xHNkz4xGSkiyAC--PDWFlTP_&index=24&pp=iAQBsAgC,bananasutra 🎶,V-024
“If We Had But(t) The Truth” 🍌🌪️ or why the #newworld order is goddamn stoopid (I did the math 🥜),3:01,https://www.youtube.com/watch?v=9St0sDMDmKc&list=PLmBA9ODM1xHNkz4xGSkiyAC--PDWFlTP_&index=25&pp=iAQBsAgC,bananasutra 🎶,V-025
Bloom Past Doom (Apes Gone Wrong Series) EPx2 • BLOWsutra Revolution Ring Conscious Folk Dream 🐒📺,5:20,https://www.youtube.com/watch?v=5CY5-CkYn0U&list=PLmBA9ODM1xHNkz4xGSkiyAC--PDWFlTP_&index=26&pp=iAQBsAgC,bananasutra 🎶,V-026
This is What Dissent Looks Like Now⁉️BLOWsutra (Revolution Ring) Conscious Gipsy LoFi Questions 🎧💬,3:59,https://www.youtube.com/watch?v=7NM-uEYWuGo&list=PLmBA9ODM1xHNkz4xGSkiyAC--PDWFlTP_&index=27&pp=iAQBsAgC,bananasutra 🎶,V-027
“Ignoramus Divine”—a very real surreal burlesque fascist duck danger story song #donaldsucks (a$$),2:52,https://www.youtube.com/watch?v=XQwk7HYumoc&list=PLmBA9ODM1xHNkz4xGSkiyAC--PDWFlTP_&index=28&pp=iAQBsAgC,bananasutra 🎶,V-028
"If We Had But(t) The Truth… BUT NOPE, because the Minneapolis witnesses are being arrested by #ice",3:00,https://www.youtube.com/watch?v=rJyF90xThww&list=PLmBA9ODM1xHNkz4xGSkiyAC--PDWFlTP_&index=29&pp=iAQBsAgC,bananasutra 🎶,V-029
If We Had But(t) The Truth 🐶💬 BLOWsutra (Censored) Gipsy Psychedelia Accordion Cello Indie FOLK,3:03,https://www.youtube.com/watch?v=8cxoRqEu8-s&list=PLmBA9ODM1xHNkz4xGSkiyAC--PDWFlTP_&index=30&pp=iAQBsAgC,bananasutra 🎶,V-030
If We Had But(t) The Truth ☝️ BLOWsutra (Censored) Jazzy Psychedelic Hip Trip Bleep Hop LOFI Therapy,2:28,https://www.youtube.com/watch?v=fsDmpI9PaTo&list=PLmBA9ODM1xHNkz4xGSkiyAC--PDWFlTP_&index=31&pp=iAQBsAgC,bananasutra 🎶,V-031
Rainbows in the Clouds 🌈 GLOWsutra BLUES + LOFI EPx2 ~ a gratitude song inspired by Maya Angelou 🎼,4:14,https://www.youtube.com/watch?v=tJ8IbqOMNdE&list=PLmBA9ODM1xHNkz4xGSkiyAC--PDWFlTP_&index=32&pp=iAQBsAgC,bananasutra 🎶,V-032
"The Atheist Tango 📺💡GROWsutra (God, Etc.) Burlesque Jazz • Lyrics inspired by Ralph Waldo Emerson",3:02,https://www.youtube.com/watch?v=BYwCM6-T1fw&list=PLmBA9ODM1xHNkz4xGSkiyAC--PDWFlTP_&index=33&pp=iAQBsAgC,bananasutra 🎶,V-033
Revolution’s Lit (Bloom Past Doom) • BLOWsutra Murica (Apes Gone Wrong) BANJO FOLK Revolution Ring 🪕,3:30,https://www.youtube.com/watch?v=qP916JXz9H8&list=PLmBA9ODM1xHNkz4xGSkiyAC--PDWFlTP_&index=34&pp=iAQBsAgC,bananasutra 🎶,V-034
"It’s an Ethical Paradox, an Oxymoron Maze • EPx2 • KNOWsutra (Bertrand Knows) Burlesque Gipsy Jazz",8:11,https://www.youtube.com/watch?v=0B6HxsNkgf8&list=PLmBA9ODM1xHNkz4xGSkiyAC--PDWFlTP_&index=35&pp=iAQBsAgC,bananasutra 🎶,V-035
Donkeys Years (3/3) • SHOW+GLOWsutra Fanana Club Gipsy Cabaret Indie Cello LOFI 🎻🪩✨,2:14,https://www.youtube.com/watch?v=UI1Q3cAawvY&list=PLmBA9ODM1xHNkz4xGSkiyAC--PDWFlTP_&index=36&pp=iAQBsAgC,bananasutra 🎶,V-036
Donkeys Years (2/3) • SHOW+GLOWsutra Fanana Club Gipsy Cabaret Indie LOFI (thank you song),2:36,https://www.youtube.com/watch?v=rRywyiRGUuc&list=PLmBA9ODM1xHNkz4xGSkiyAC--PDWFlTP_&index=37&pp=iAQBsAgC,bananasutra 🎶,V-037
“This is what #dissent looks like now” 🎧 BLOWsutra Revolution Ring Conscious LOFI Dream 💭,1:01,https://www.youtube.com/watch?v=6nUPPenhTEE&list=PLmBA9ODM1xHNkz4xGSkiyAC--PDWFlTP_&index=38&pp=iAQBsAgC,bananasutra 🎶,V-038
Donkeys Years (1/3) • SHOW+GLOWsutra Fanana Club Gipsy Flamenco Cabaret Dub INDIE 📺👯‍♀️,3:12,https://www.youtube.com/watch?v=orlgoJQ358s&list=PLmBA9ODM1xHNkz4xGSkiyAC--PDWFlTP_&index=39&pp=iAQBsAgC,bananasutra 🎶,V-039
Shady Fools (Oh Can’t You See?) • BLOWsutra (Egos Gone Loco) Burlesque Rock + Gipsy LoFi EPx2 🎧,6:48,https://www.youtube.com/watch?v=WxPns2hz6e4&list=PLmBA9ODM1xHNkz4xGSkiyAC--PDWFlTP_&index=40&pp=iAQBsAgC,bananasutra 🎶,V-040
"I Did the Math, and Everything is Stupid 🤗🍌 SHOWsutra Post-Psy-Punk Absurd Burlesque ROCK",7:26,https://www.youtube.com/watch?v=-EwhIlrKQc4&list=PLmBA9ODM1xHNkz4xGSkiyAC--PDWFlTP_&index=41&pp=iAQBsAgC,bananasutra 🎶,V-041
"Angel Eyes, Devil’s Lies 🎡 BLOWsutra (FOTUS Circus) LoFi Trip Hop Burlesque Night",3:39,https://www.youtube.com/watch?v=JWPsFEmH2i8&list=PLmBA9ODM1xHNkz4xGSkiyAC--PDWFlTP_&index=42&pp=iAQBsAgC,bananasutra 🎶,V-042
"I Did the Math, and Everything is Stupid 🍌🎸 SHOWsutra Peanut’s Fanana Club, psySnoopy JAZZ Edition",4:01,https://www.youtube.com/watch?v=f1-RYzclzgE&list=PLmBA9ODM1xHNkz4xGSkiyAC--PDWFlTP_&index=43&pp=iAQBsAgC,bananasutra 🎶,V-043
"Universal Currency • DEFY EP (Vol.2, Song 3/3) • BLOWsutra Revolution Ring Burlesque JAZZ 👐",3:12,https://www.youtube.com/watch?v=L_GWWoHetlc&list=PLmBA9ODM1xHNkz4xGSkiyAC--PDWFlTP_&index=44&pp=iAQBsAgC,bananasutra 🎶,V-044
Un Secret de Polichinelle 🎭🍟 French BLOWsutra Burlesque Musette Chanson,4:36,https://www.youtube.com/watch?v=KfKAkPfvvcg&list=PLmBA9ODM1xHNkz4xGSkiyAC--PDWFlTP_&index=45&pp=iAQBsAgC,bananasutra 🎶,V-045
Everybody Knows 🐈‍⬛ 🎹 KNOWsutra (Peace Not War) Indie World Fusion Piano Chanson JAZZ 🎵,3:39,https://www.youtube.com/watch?v=lkMb7XxbsUE&list=PLmBA9ODM1xHNkz4xGSkiyAC--PDWFlTP_&index=46&pp=iAQBsAgC,bananasutra 🎶,V-046
"Not Bad, Friendo 🪐 SHOWsutra Infinite Psychedelic Galaxy Wink to the Burlesque Post-Punk Universe ✨",4:17,https://www.youtube.com/watch?v=l2Ui8EYdLj0&list=PLmBA9ODM1xHNkz4xGSkiyAC--PDWFlTP_&index=47&pp=iAQBsAgC,bananasutra 🎶,V-047
Ordo Amoris In Decay 🕊️🎻 BLOWsutra (Apes Gone Wrong) Psychedelic Indie Cello World Peace Chanson 🍷🎶,3:27,https://www.youtube.com/watch?v=315UmHBAQGk&list=PLmBA9ODM1xHNkz4xGSkiyAC--PDWFlTP_&index=48&pp=iAQBsAgC,bananasutra 🎶,V-048
"Sing Your Own Gospel • GROWsutra (God, Etc.) Gipsy Piano Burlesque JAZZ Edition 🎼🎧",2:55,https://www.youtube.com/watch?v=rwlRylvqrMk&list=PLmBA9ODM1xHNkz4xGSkiyAC--PDWFlTP_&index=49&pp=iAQBsAgC,bananasutra 🎶,V-049
Okie Dokie (Not It’s Not) • BLOWsutra (Apes Gone Wrong) • Burlesque Trip Hop(e) LOFI 🌀📺 1 min cut,1:01,https://www.youtube.com/watch?v=R0M4ZO0NEW8&list=PLmBA9ODM1xHNkz4xGSkiyAC--PDWFlTP_&index=50&pp=iAQBsAgC,bananasutra 🎶,V-050
It's an Ethical Paradox • EPx2 • KNOWsutra (Bertrand Knows) Gipsy Burlesque JAZZ 🦉💭,8:10,https://www.youtube.com/watch?v=MFOWBYybGD0&list=PLmBA9ODM1xHNkz4xGSkiyAC--PDWFlTP_&index=51&pp=iAQBsAgC,bananasutra 🎶,V-051
"Sing Your Own Gospel • GROWsutra (God, Etc.) Magic Wand Gospel BLUES 🙌🎵",2:48,https://www.youtube.com/watch?v=NvTo-T8FN-k&list=PLmBA9ODM1xHNkz4xGSkiyAC--PDWFlTP_&index=52&pp=iAQBsAgC,bananasutra 🎶,V-052
Awe is Mighty - EPx2 inspired by Mary Oliver - GLOWsutra Poet(ry) Indie Lullaby For Adults,6:39,https://www.youtube.com/watch?v=OUeeMQn60H8&list=PLmBA9ODM1xHNkz4xGSkiyAC--PDWFlTP_&index=53&pp=iAQBsAgC,bananasutra 🎶,V-053
Come Waddle with Me (Penguins in Shoes) • SHOWsutra Cheeky Absurd Chanson inspired by Anatole France,5:38,https://www.youtube.com/watch?v=WVHL46QK7H8&list=PLmBA9ODM1xHNkz4xGSkiyAC--PDWFlTP_&index=54&pp=iAQBsAgC,bananasutra 🎶,V-054
"Seminal Bollocks 🪗✨ Holy Merry GROWsutra (God, etcetera) Psychedelic Accordion Chanson Daze Dream",3:50,https://www.youtube.com/watch?v=d_XK7uChskU&list=PLmBA9ODM1xHNkz4xGSkiyAC--PDWFlTP_&index=55&pp=iAQBsAgC,bananasutra 🎶,V-055
"Self-Remembering… because now and then, everyone needs a loving lullaby, to flow kinder deeper ✨",3:54,https://www.youtube.com/watch?v=kowt-gyVdoI&list=PLmBA9ODM1xHNkz4xGSkiyAC--PDWFlTP_&index=56&pp=iAQBsAgC,bananasutra 🎶,V-056
“Freedom to Lie is the New Human Right” 👩🏻‍⚖️🍔 BLOWsutra (Revolt Now) Clap Along Song #fascismo,3:00,https://www.youtube.com/watch?v=peuindTHHSQ&list=PLmBA9ODM1xHNkz4xGSkiyAC--PDWFlTP_&index=57&pp=iAQBsAgC,bananasutra 🎶,V-057
"Kindness, Oh Sweet Kindness 🌈🌥️ GROWsutra Kind(ness) Prayer for Brave and True Hearts (Only)",3:15,https://www.youtube.com/watch?v=-NHkXyWo4M0&list=PLmBA9ODM1xHNkz4xGSkiyAC--PDWFlTP_&index=58&pp=iAQBsAgC,bananasutra 🎶,V-058
Gladys in Sonderland 🍄🐇 SHOWsutra Psychedelic Wonder Chanson Cabaret,4:52,https://www.youtube.com/watch?v=9VNdckxHW8M&list=PLmBA9ODM1xHNkz4xGSkiyAC--PDWFlTP_&index=59&pp=iAQBsAgC,bananasutra 🎶,V-059
Make Amurica Gulag Again 🇺🇸 QUACKsutra Conscious Psychedelic Politics Storytelling Indie LOFI Music,2:41,https://www.youtube.com/watch?v=KuIuA8dz1Aw&list=PLmBA9ODM1xHNkz4xGSkiyAC--PDWFlTP_&index=60&pp=iAQBsAgC,bananasutra 🎶,V-060
The Courage to Care 🎭📺 GROWsutra Conscious Compassion Indie Trip Hope Fusion LOFI 🎶,4:05,https://www.youtube.com/watch?v=Jo_F8vIGGxQ&list=PLmBA9ODM1xHNkz4xGSkiyAC--PDWFlTP_&index=61&pp=iAQB0gcJCdkKAYcqIYzvsAgC,bananasutra 🎶,V-061
Penguins in Shoes 🐧💨 SHOWsutra dystopian gipsy trip-hop jazz fusion music,3:01,https://www.youtube.com/watch?v=RKguUsi33sU&list=PLmBA9ODM1xHNkz4xGSkiyAC--PDWFlTP_&index=62&pp=iAQBsAgC,bananasutra 🎶,V-062
They Call It Freedom ✊🕊️ BLOWsutra (Revolt Now) Music Therapy For The People,2:58,https://www.youtube.com/watch?v=TWCfjqln71A&list=PLmBA9ODM1xHNkz4xGSkiyAC--PDWFlTP_&index=63&pp=iAQBsAgC,bananasutra 🎶,V-063
Peel Me Kindly 🍌💦 A SHOWsutra (True) Gipsy Jazz Love Story Gone Silly ‘n Sweet Bananas 🎶,4:42,https://www.youtube.com/watch?v=fxVNlV2gkVk&list=PLmBA9ODM1xHNkz4xGSkiyAC--PDWFlTP_&index=64&pp=iAQBsAgC,bananasutra 🎶,V-064
Synthema Sutra ♆ SHOWsutra Psychedelic Banana Gipsy LoFi (Goddess Goes to Switzerland :) 🎧❄️,4:30,https://www.youtube.com/watch?v=57emK4lmWzw&list=PLmBA9ODM1xHNkz4xGSkiyAC--PDWFlTP_&index=65&pp=iAQBsAgC,bananasutra 🎶,V-065
Read Me Harder (BB is for Banned Books) 📚‼️ BLOWsutra Censor(Ed) Facts American Folk Music,2:44,https://www.youtube.com/watch?v=n-RaR7GCoIU&list=PLmBA9ODM1xHNkz4xGSkiyAC--PDWFlTP_&index=66&pp=iAQBsAgC,bananasutra 🎶,V-066
What It’s About 🌟 BLOWsutra (Revolt Now) Piano Jazz Edition 🎹 (Meow),4:01,https://www.youtube.com/watch?v=qT4lNvSrfAc&list=PLmBA9ODM1xHNkz4xGSkiyAC--PDWFlTP_&index=67&pp=iAQB0gcJCdkKAYcqIYzvsAgC,bananasutra 🎶,V-067
“Make America Safe Again”—a torch song for kids whose future’s being destroyed by greed & deceit 💔,3:00,https://www.youtube.com/watch?v=wo-ad8KLIt8&list=PLmBA9ODM1xHNkz4xGSkiyAC--PDWFlTP_&index=68&pp=iAQBsAgC,bananasutra 🎶,V-068
Why We Can't Be Brave? 🎻🥊 GROWsutra (Censored) Indie Cello Dream (Don’t Always Come True),4:15,https://www.youtube.com/watch?v=v6PDIsDbjQM&list=PLmBA9ODM1xHNkz4xGSkiyAC--PDWFlTP_&index=69&pp=iAQBsAgC,bananasutra 🎶,V-069
"“It’s War, My Friend” felon fun: the unapproved-by-congress U.S. Department rebranding cost ~ $2B 💥",1:01,https://www.youtube.com/watch?v=wNU1k6ny8oY&list=PLmBA9ODM1xHNkz4xGSkiyAC--PDWFlTP_&index=70&pp=iAQBsAgC,bananasutra 🎶,V-070
"Queer Almighty (Tell Me Why) • GROWsutra (God, Etc) Conscious Banjo Prayer Dream 🪕🐸",3:29,https://www.youtube.com/watch?v=MvcUjAsD2NU&list=PLmBA9ODM1xHNkz4xGSkiyAC--PDWFlTP_&index=71&pp=iAQBsAgC,bananasutra 🎶,V-071
"“Hitlus with your best shot”—in EU, everybody knows #elonmusk is a bona fide neo-naz!!! #nowyouknow",2:46,https://www.youtube.com/watch?v=fFgwyqA9M4c&list=PLmBA9ODM1xHNkz4xGSkiyAC--PDWFlTP_&index=72&pp=iAQBsAgC,bananasutra 🎶,V-072
"“Le Système”, ça veut dire on est foutu 🎹 Pardon my French #existentialism … c’est la vérité 🇫🇷",2:34,https://www.youtube.com/watch?v=9DgPaMLrFC4&list=PLmBA9ODM1xHNkz4xGSkiyAC--PDWFlTP_&index=73&pp=iAQBsAgC,bananasutra 🎶,V-073
What’s Behind Every Door • GROWsutra Core EPx2 • Vintage Psychedelic Indie Folk BANJO Poetry 🍌🚪,6:50,https://www.youtube.com/watch?v=l0bvfdzqqRU&list=PLmBA9ODM1xHNkz4xGSkiyAC--PDWFlTP_&index=74&pp=iAQBsAgC,bananasutra 🎶,V-074
Foolish Goldfish (Forever) • KNOWsutra Peace (Not War) Psychedelic Tzigane Soul Fusion LOFI Music 🏳️,7:18,https://www.youtube.com/watch?v=7iV7hy3nDkQ&list=PLmBA9ODM1xHNkz4xGSkiyAC--PDWFlTP_&index=75&pp=iAQBsAgC,bananasutra 🎶,V-075
"“Hey, Creeps” is a song about the rise of creepy trolls talking crap in people’s backs, on & offline",3:00,https://www.youtube.com/watch?v=75v2V7L2xds&list=PLmBA9ODM1xHNkz4xGSkiyAC--PDWFlTP_&index=76&pp=iAQBsAgC,bananasutra 🎶,V-076
Shady Fools (Oh Can’t You See?) • BLOWsutra Conscious psyGipsy Indie Folk Fusion LoFi 📺🍌,3:09,https://www.youtube.com/watch?v=Aqrc0TzbHEQ&list=PLmBA9ODM1xHNkz4xGSkiyAC--PDWFlTP_&index=77&pp=iAQBsAgC,bananasutra 🎶,V-077
Can You Play Win-Win Games? (Or No?) • EPx2 • GROWsutra Dare to Care Psychedelic Wisdom Banjo 🪕,6:11,https://www.youtube.com/watch?v=vrX1iXZnIGs&list=PLmBA9ODM1xHNkz4xGSkiyAC--PDWFlTP_&index=78&pp=iAQB0gcJCdkKAYcqIYzvsAgC,bananasutra 🎶,V-078
"Etymologically conscious song, inspired by #georgecarlin “7 Dirty Words” comedy bit, circa 1972 📺🤓",3:01,https://www.youtube.com/watch?v=Hc4HMXiufOA&list=PLmBA9ODM1xHNkz4xGSkiyAC--PDWFlTP_&index=79&pp=iAQBsAgC,bananasutra 🎶,V-079
"When audacity, idiocy, & hypocrisy start a grotesque rhinoceros war #foucault & #ionescu & #eco cry",3:01,https://www.youtube.com/watch?v=CuU-vIbXl3w&list=PLmBA9ODM1xHNkz4xGSkiyAC--PDWFlTP_&index=80&pp=iAQBsAgC,bananasutra 🎶,V-080
Relative Steve 🎧 Cheeky Psychedelic BLOWsutra Hip Hop Duende Satire Flow,3:54,https://www.youtube.com/watch?v=ucdsk_IoOt8&list=PLmBA9ODM1xHNkz4xGSkiyAC--PDWFlTP_&index=81&pp=iAQBsAgC,bananasutra 🎶,V-081
"“The Conquest of Happiness”, EPx2 inspired by Bertrand Russel’s Book • KNOWsutra Indie Burlesque 📖❣️",8:38,https://www.youtube.com/watch?v=Kwlksix1cZU&list=PLmBA9ODM1xHNkz4xGSkiyAC--PDWFlTP_&index=82&pp=iAQBsAgC,bananasutra 🎶,V-082
F*CK • A Bo Burnham’s Gratitude Cover Song 🎹SHOWsutra love story à la Burlesque Piano Jazz Sauce;),3:54,https://www.youtube.com/watch?v=M2LMNBd-vU4&list=PLmBA9ODM1xHNkz4xGSkiyAC--PDWFlTP_&index=83&pp=iAQBsAgC,bananasutra 🎶,V-083
Welcome to the Internet • A Jazzy #boburnham SHOWsutra Burlesque Kitten Cover Song,4:01,https://www.youtube.com/watch?v=7cnHa8oV1AU&list=PLmBA9ODM1xHNkz4xGSkiyAC--PDWFlTP_&index=84&pp=iAQBsAgC,bananasutra 🎶,V-084
“Tell The Truth (It’s Destiny)” • KNOWsutra Psychedelic Burlesque Indie Rock 🤘😶‍🌫️🎶,4:01,https://www.youtube.com/watch?v=XCHuCKdpbY4&list=PLmBA9ODM1xHNkz4xGSkiyAC--PDWFlTP_&index=85&pp=iAQBsAgC,bananasutra 🎶,V-085
Ain’t Doing Bad Doing Nothing • FLOWsutra WET (Public Domain Lyrics) Psychedelic Vocal JAZZ 🎤🌈,3:10,https://www.youtube.com/watch?v=CpRrVWLTBa4&list=PLmBA9ODM1xHNkz4xGSkiyAC--PDWFlTP_&index=86&pp=iAQBsAgC,bananasutra 🎶,V-086
(We Know) Trauma Begets Trauma 🕊️🎹✨ KNOWsutra Gipsy History Kitten Peace Piano Dream,3:50,https://www.youtube.com/watch?v=jDJCzK472CE&list=PLmBA9ODM1xHNkz4xGSkiyAC--PDWFlTP_&index=87&pp=iAQBsAgC,bananasutra 🎶,V-087
“Le Bal des Salauds” 🎡 French BLOWsutra Burlesque Surrealism Singing Show 🎼🍟,4:14,https://www.youtube.com/watch?v=qEIt51LEZUs&list=PLmBA9ODM1xHNkz4xGSkiyAC--PDWFlTP_&index=88&pp=iAQBsAgC,bananasutra 🎶,V-088
“Gladys in Sonderland” 🍷🐇💨 Blessed Be Wonder Holes Ho Ho • SHOWsutra Fantasy Fanclub Edition,3:00,https://www.youtube.com/watch?v=9FwaPZK_8XI&list=PLmBA9ODM1xHNkz4xGSkiyAC--PDWFlTP_&index=89&pp=iAQBsAgC,bananasutra 🎶,V-089
“Profane Obscenities”—a song inspired by the Easter Day “Presidential Speech” circa 2025 🎤🐙📺🍌,3:23,https://www.youtube.com/watch?v=Am6WjmNMajM&list=PLmBA9ODM1xHNkz4xGSkiyAC--PDWFlTP_&index=90&pp=iAQBsAgC,bananasutra 🎶,V-090
The Echo Song (Encore) • Russian 🪆 Edition • Vladimir Vysotsky Cover • BLOWsutra Gipsy LoFi Music 🦋📺,2:44,https://www.youtube.com/watch?v=rtkqtUpZw8o&list=PLmBA9ODM1xHNkz4xGSkiyAC--PDWFlTP_&index=91&pp=iAQBsAgC,bananasutra 🎶,V-091
“The Echo Song” a Gipsy World Peace Vladimir Vysotsky Cover Song,3:20,https://www.youtube.com/watch?v=-xxD1hx0HuE&list=PLmBA9ODM1xHNkz4xGSkiyAC--PDWFlTP_&index=92&pp=iAQBsAgC,bananasutra 🎶,V-092
“Tell the Truth (It’s Destiny)” • KNOWsutra Psychedelic Cello LoFi Indie Dream 🎼,4:48,https://www.youtube.com/watch?v=UEwFQ24NH6U&list=PLmBA9ODM1xHNkz4xGSkiyAC--PDWFlTP_&index=93&pp=iAQBsAgC,bananasutra 🎶,V-093
“Read Me Harder (B.B. is for Banned Books)” 🚫📚🎶 KNOWsutra Dub Gone Burlesque EPx2,6:41,https://www.youtube.com/watch?v=_GGD13OfCIU&list=PLmBA9ODM1xHNkz4xGSkiyAC--PDWFlTP_&index=94&pp=iAQBsAgC,bananasutra 🎶,V-094
"Hi, My Name is… Not Céline Dion 📺🌙🎵 SHOWsutra Indie Gipsy Dub LoFi Music",3:46,https://www.youtube.com/watch?v=W8OoEE_LL3A&list=PLmBA9ODM1xHNkz4xGSkiyAC--PDWFlTP_&index=95&pp=iAQBsAgC,bananasutra 🎶,V-095
"Hi, My Name Is… Not #célinedion—and that my friend is a true name tag story 🎙️🍌 What’s your name?!",0:16,https://www.youtube.com/watch?v=JcoQ5JSS1M0&list=PLmBA9ODM1xHNkz4xGSkiyAC--PDWFlTP_&index=96&pp=iAQBsAgC,bananasutra 🎶,V-096
Love From the Future (Hesse Song) • GROW to GLOWsutra Psychedelic Indie Cello DUB 🎧🎼,4:06,https://www.youtube.com/watch?v=_CqmXEKQrKM&list=PLmBA9ODM1xHNkz4xGSkiyAC--PDWFlTP_&index=97&pp=iAQBsAQBsAgC,bananasutra 🎶,V-097
“Love from the Future (Hesse Song)” 💌 GROW+ GLOWsutra PsyGipsy Indie Dream DUB music 🎤,4:06,https://www.youtube.com/watch?v=TbTsZKQWvSY&list=PLmBA9ODM1xHNkz4xGSkiyAC--PDWFlTP_&index=98&pp=iAQBsAgC,bananasutra 🎶,V-098
"Oy! We Care! 🇺🇸🧨 LA, DC, CHI, Boston, Memphis, & now Portland #revolutioneducation #songoftheday",2:57,https://www.youtube.com/watch?v=yXvIwa-Rqfw&list=PLmBA9ODM1xHNkz4xGSkiyAC--PDWFlTP_&index=99&pp=iAQBsAgC,bananasutra 🎶,V-099
La Force Douce (c’est tellement mieux que la force brutale) 🌊🎵 French GROWsutra Gipsy Indie Dream,3:20,https://www.youtube.com/watch?v=-tQ9X4g8RDA&list=PLmBA9ODM1xHNkz4xGSkiyAC--PDWFlTP_&index=100&pp=iAQBsAgC,bananasutra 🎶,V-100
La Force Douce (matters) 🍟🍌 Surreal French Freedom Fries GROWsutra World Peace Fusion Banana Dream,3:11,https://www.youtube.com/watch?v=q7leV7mZ9Bo&list=PLmBA9ODM1xHNkz4xGSkiyAC--PDWFlTP_&index=101&pp=iAQB8AUBsAgC,bananasutra 🎶,V-101
"Idiocracy Now 😬 QUACKsutra Accoustic Banjo Music, Psychedelic Reality turned Macchiavelic Dystopia",2:59,https://www.youtube.com/watch?v=kF7IpEt4SzU&list=PLmBA9ODM1xHNkz4xGSkiyAC--PDWFlTP_&index=102&pp=iAQB8AUBsAgC,bananasutra 🎶,V-102
Idiocracy Now 📺🍟 QUACKsutra Psychedelic Reality turned Macchiavelic Dystopia Accoustic LoFi Music,3:10,https://www.youtube.com/watch?v=BddS6xg1fYY&list=PLmBA9ODM1xHNkz4xGSkiyAC--PDWFlTP_&index=103&pp=iAQB8AUB0gcJCdkKAYcqIYzvsAgC,bananasutra 🎶,V-103
“La Force Douce” Flamenco #duendereal—a French protest peace song against moronic #bruteforce 🇺🇸🎼,2:01,https://www.youtube.com/watch?v=GEzNyp0PFhQ&list=PLmBA9ODM1xHNkz4xGSkiyAC--PDWFlTP_&index=104&pp=iAQB8AUBsAgC,bananasutra 🎶,V-104
“La Force Douce” 💃🏻 EPx3 Flamenco Coquelicots Duende River Dream Edition 🎵,11:28,https://www.youtube.com/watch?v=6XGgHEKhKXA&list=PLmBA9ODM1xHNkz4xGSkiyAC--PDWFlTP_&index=105&pp=iAQB8AUBsAgC,bananasutra 🎶,V-105
"“La Force Douce” EPx3 ~ GROWsutra World Peace LoFi French Fusion Musique, de la rivière de mon cœur",9:25,https://www.youtube.com/watch?v=DUDcZH7UGhw&list=PLmBA9ODM1xHNkz4xGSkiyAC--PDWFlTP_&index=106&pp=iAQB8AUBsAgC,bananasutra 🎶,V-106
"Bananasutra, c’est “La Force Douce” 🎤🥰 #worldpeace French Gipsy LoFi Fusion #prayerwarrior #music",3:00,https://www.youtube.com/watch?v=pVWHBbx2HKM&list=PLmBA9ODM1xHNkz4xGSkiyAC--PDWFlTP_&index=107&pp=iAQB8AUBsAgC,bananasutra 🎶,V-107
Sidération Blues • BLOWsutra (antiantiantifa) Dub Indie BLUES 🎤🙂‍↕️,3:00,https://www.youtube.com/watch?v=9xLvPVJuD_I&list=PLmBA9ODM1xHNkz4xGSkiyAC--PDWFlTP_&index=108&pp=iAQB8AUBsAgC,bananasutra 🎶,V-108
Everybody Knows (Prayer is Free) 🎻 🎼 FLOWsutra Cello Freedom Magic Indie Folk Song 🕊️🪄✨,4:08,https://www.youtube.com/watch?v=5gVicAAKdrg&list=PLmBA9ODM1xHNkz4xGSkiyAC--PDWFlTP_&index=109&pp=iAQB8AUBsAgC,bananasutra 🎶,V-109
L’embobinage 🥸 Carl Sagan inspired GROWsutra World Peace Fusion Music 🎶,2:51,https://www.youtube.com/watch?v=3nXA-2Gq-FI&list=PLmBA9ODM1xHNkz4xGSkiyAC--PDWFlTP_&index=110&pp=iAQB8AUBsAgC,bananasutra 🎶,V-110
L'Embobinage (d'après Carl Sagan) • French GROWsutra Peace Fusion Indie LoFi Music,3:00,https://www.youtube.com/watch?v=88k0loq69_c&list=PLmBA9ODM1xHNkz4xGSkiyAC--PDWFlTP_&index=111&pp=iAQB8AUBsAgC,bananasutra 🎶,V-111
When Did Seduction Become So Untrue⁉️ GROWsutra Peace Flamenco House Techno Fusion Music,4:46,https://www.youtube.com/watch?v=QHRw32TX3zE&list=PLmBA9ODM1xHNkz4xGSkiyAC--PDWFlTP_&index=112&pp=iAQB8AUBsAgC,bananasutra 🎶,V-112
“Easy (Death Is Nothing At All)” 🧘‍♀️ A Rare BOWsutra Divine Lullaby Bluesy Dub Song About Death…,3:25,https://www.youtube.com/watch?v=P__Z5CJU8gM&list=PLmBA9ODM1xHNkz4xGSkiyAC--PDWFlTP_&index=113&pp=iAQB8AUBsAgC,bananasutra 🎶,V-113
"Hereby, I Cry 🖤 GROWsutra Mantra Prayer Dream (from the so-called Land of the Free)",4:01,https://www.youtube.com/watch?v=pqQ7D4TO0f0&list=PLmBA9ODM1xHNkz4xGSkiyAC--PDWFlTP_&index=114&pp=iAQB8AUBsAgC,bananasutra 🎶,V-114
Planet Idiocracy 🙈🎶 BLOWsutra World Peace DUB,2:57,https://www.youtube.com/watch?v=wmpxXPlmFIU&list=PLmBA9ODM1xHNkz4xGSkiyAC--PDWFlTP_&index=115&pp=iAQB8AUBsAgC,bananasutra 🎶,V-115
Apes gone wrong on “Planet Idiocracy” is like evergreen #historyrevealed (in a banana peel;) 🥜🙈💥,2:57,https://www.youtube.com/watch?v=jj9m_4YQk00&list=PLmBA9ODM1xHNkz4xGSkiyAC--PDWFlTP_&index=116&pp=iAQB8AUBsAgC,bananasutra 🎶,V-116
Serial Blowers (Everybody Knows) 🎼 BLOWsutra BS LoFi Pop Hop DUB Music,3:16,https://www.youtube.com/watch?v=oM1oPP875Yk&list=PLmBA9ODM1xHNkz4xGSkiyAC--PDWFlTP_&index=117&pp=iAQB8AUBsAgC,bananasutra 🎶,V-117
🎭📺🍏💨,0:08,https://www.youtube.com/watch?v=zqdyfcM4CqQ&list=PLmBA9ODM1xHNkz4xGSkiyAC--PDWFlTP_&index=118&pp=iAQB8AUBsAgC,bananasutra 🎶,V-118
What Justifies the Pain? KNOWsutra Peace FOLK 🕊️🎶,3:44,https://www.youtube.com/watch?v=6xjTAUJz6G0&list=PLmBA9ODM1xHNkz4xGSkiyAC--PDWFlTP_&index=119&pp=iAQB8AUBsAgC,bananasutra 🎶,V-119
Hope is Do-Do-Dope Encore 🎻😽 SHOWsutra Gipsy World Peace Indie Fusion Dream 🎼,5:00,https://www.youtube.com/watch?v=McbePPjfpJI&list=PLmBA9ODM1xHNkz4xGSkiyAC--PDWFlTP_&index=120&pp=iAQB8AUBsAgC,bananasutra 🎶,V-120
Hope is Do-Do-Dope 🪗🦤 SHOWsutra Psychedelic Accordion Duende Waltz Circus Burlesque 🎶,2:50,https://www.youtube.com/watch?v=7IKryKdrEPw&list=PLmBA9ODM1xHNkz4xGSkiyAC--PDWFlTP_&index=121&pp=iAQB8AUBsAgC,bananasutra 🎶,V-121
"It’s sooo ironic Eugenics are moronic, by their own definition of a #moron 😬🤌 BLOWsutra Gipsy Swing",3:34,https://www.youtube.com/watch?v=BccvWRp7uHI&list=PLmBA9ODM1xHNkz4xGSkiyAC--PDWFlTP_&index=122&pp=iAQB8AUBsAgC,bananasutra 🎶,V-122
QOTD: Did You Know a Rhinoceros is Deadlier than a Tiger 💁🏻‍♀️📺⁉️ (I bet Eugène Ionesco did know),4:52,https://www.youtube.com/watch?v=6sY3fz517_c&list=PLmBA9ODM1xHNkz4xGSkiyAC--PDWFlTP_&index=123&pp=iAQB8AUBsAgC,bananasutra 🎶,V-123
Ironic Moronic Eugenics 🐸🪰 BLOWsutra DUB Music,4:58,https://www.youtube.com/watch?v=7OHMhVa__gU&list=PLmBA9ODM1xHNkz4xGSkiyAC--PDWFlTP_&index=124&pp=iAQB8AUBsAgC,bananasutra 🎶,V-124
Let’s Play a Game Where We All Win 🕊️ 🎶 GLOWsutra Indie Peace Music,2:49,https://www.youtube.com/watch?v=Aqq3GpzyRAk&list=PLmBA9ODM1xHNkz4xGSkiyAC--PDWFlTP_&index=125&pp=iAQB8AUBsAgC,bananasutra 🎶,V-125
Liars (matter) 🎹 BLOWsutra Indie Empathy Clip,1:31,https://www.youtube.com/watch?v=dcbMQpx_aTI&list=PLmBA9ODM1xHNkz4xGSkiyAC--PDWFlTP_&index=126&pp=iAQB8AUBsAgC,bananasutra 🎶,V-126
An Anti-AntiDUB Hum Song from a Cold Dark Theater of the Absurd a Million Tusks Away from Home 🎼🦏🌊,4:31,https://www.youtube.com/watch?v=SeWIV6fq30c&list=PLmBA9ODM1xHNkz4xGSkiyAC--PDWFlTP_&index=127&pp=iAQB8AUBsAgC,bananasutra 🎶,V-127
Who’s Your Vladdy ⁉️ World Gone Bananas Meme Supreme • KNOWsutra World Peace Fusion LoFi 🎶,4:43,https://www.youtube.com/watch?v=jU3eNehjaro&list=PLmBA9ODM1xHNkz4xGSkiyAC--PDWFlTP_&index=128&pp=iAQB8AUBsAgC,bananasutra 🎶,V-128
RhinoceroSS 🦏🎵💨 BLOWsutra PsyGipsy World Peace LOFI,4:49,https://www.youtube.com/watch?v=ulk3AYIWsic&list=PLmBA9ODM1xHNkz4xGSkiyAC--PDWFlTP_&index=129&pp=iAQB8AUBsAgC,bananasutra 🎶,V-129
Rhiii-no-ce-rosss 📺🍌🎶 Surrealist BLOWsutra BLUES song inspired by Eugène Ionesco,4:59,https://www.youtube.com/watch?v=T7lWS6XcJDQ&list=PLmBA9ODM1xHNkz4xGSkiyAC--PDWFlTP_&index=130&pp=iAQB8AUBsAgC,bananasutra 🎶,V-130
All the -Isms 🧿 📺 🍌 🐇 BLOWsutra Lo-Fi INDIE Music,3:05,https://www.youtube.com/watch?v=IdchpTXWd5c&list=PLmBA9ODM1xHNkz4xGSkiyAC--PDWFlTP_&index=131&pp=iAQB8AUBsAgC,bananasutra 🎶,V-131
Who’s Your Vladdy❔EPx5 BLOWsutra World Peace Fusion Indie Music 🕊️🎶,22:37,https://www.youtube.com/watch?v=FbRcbFhBUJg&list=PLmBA9ODM1xHNkz4xGSkiyAC--PDWFlTP_&index=132&t=646s&pp=iAQB8AUB0gcJCdkKAYcqIYzvsAgC,bananasutra 🎶,V-132
Who’s Your Vladdy❔EPx5 BLOWsutra World Peace Fusion Indie Music 🕊️🎶,22:37,https://www.youtube.com/watch?v=1yyygGbc5KM&list=PLmBA9ODM1xHNkz4xGSkiyAC--PDWFlTP_&index=133&t=336s&pp=iAQB8AUB0gcJCdkKAYcqIYzvsAgC,bananasutra 🎶,V-133
Children Are Universal Currency & Human Decency Is The Rate—Not the Right or Left 💔BLOWsutra Folk 🎶,3:13,https://www.youtube.com/watch?v=dvkmyw9f2Sk&list=PLmBA9ODM1xHNkz4xGSkiyAC--PDWFlTP_&index=134&pp=iAQB8AUBsAgC,bananasutra 🎶,V-134
"(If you can, now) RUN 🇺🇸 KNOWsutra Psychedelic Folk INDIE 📺 🎶",4:40,https://www.youtube.com/watch?v=MKC6GjBY0-A&list=PLmBA9ODM1xHNkz4xGSkiyAC--PDWFlTP_&index=135&pp=iAQB8AUBsAgC,bananasutra 🎶,V-135
#qotd 🇺🇸 What’s the difference between the movie “Idiocracy” & MAGAcracy? The timeline #donotpanic,2:42,https://www.youtube.com/watch?v=LenOTXWLbVQ&list=PLmBA9ODM1xHNkz4xGSkiyAC--PDWFlTP_&index=136&pp=iAQB8AUBsAgC,bananasutra 🎶,V-136
“Idiocracy Now” World LoFi Fusion 🎧⚠️ IRL Murica Movie Prequel currently playing goldfish near you,2:59,https://www.youtube.com/watch?v=4mNl4QfRBmg&list=PLmBA9ODM1xHNkz4xGSkiyAC--PDWFlTP_&index=137&pp=iAQB8AUBsAgC,bananasutra 🎶,V-137
"And “the winner” is 🥁 #boston—will #dhs use WW2 Naz! terminology, like in #chicago ⁉️🤨 #theblitz",2:32,https://www.youtube.com/watch?v=9zlgmc3aLm8&list=PLmBA9ODM1xHNkz4xGSkiyAC--PDWFlTP_&index=138&pp=iAQB8AUBsAgC,bananasutra 🎶,V-138
Dump Trump • Lyrics Inspired by Nina Hagen “Smack Jack” • QUACKsutra Burlesque Rock 🎤👩‍🎤,3:30,https://www.youtube.com/watch?v=zfXOzCqD14M&list=PLmBA9ODM1xHNkz4xGSkiyAC--PDWFlTP_&index=139&pp=iAQB8AUBsAgC,bananasutra 🎶,V-139
Hitlus With Your Best Shot • QUACKsutra Psychedelic Punk Rock Music Collab 🎸🎶,2:46,https://www.youtube.com/watch?v=E-kfZBHocy8&list=PLmBA9ODM1xHNkz4xGSkiyAC--PDWFlTP_&index=140&pp=iAQB8AUBsAgC,bananasutra 🎶,V-140
“Sidération’s Calling” 📺🎶 QUACKsutra Indie Pop ROCK Music about a World Gone Bananas 🍌💥,3:07,https://www.youtube.com/watch?v=0zWYUeJV81g&list=PLmBA9ODM1xHNkz4xGSkiyAC--PDWFlTP_&index=141&pp=iAQB8AUBsAgC,bananasutra 🎶,V-141
“The Ummm” song 🌈💨 FLOWsutra Indie Music,2:19,https://www.youtube.com/watch?v=BJ9Gc5773Ds&list=PLmBA9ODM1xHNkz4xGSkiyAC--PDWFlTP_&index=142&pp=iAQB8AUBsAgC,bananasutra 🎶,V-142
Hey You (Cheeseheads Encore) 🤘👔 BLOWsutra Burlesque Punk Rock Music,1:52,https://www.youtube.com/watch?v=WeKsdNC9Zlo&list=PLmBA9ODM1xHNkz4xGSkiyAC--PDWFlTP_&index=143&pp=iAQB8AUBsAgC,bananasutra 🎶,V-143
“HARDCORE” 🎻 KNOWsutra Cello Indie Music,2:27,https://www.youtube.com/watch?v=B0CrLcucsrI&list=PLmBA9ODM1xHNkz4xGSkiyAC--PDWFlTP_&index=144&pp=iAQB8AUBsAgC,bananasutra 🎶,V-144
Hey You 🫵 BLOWsutra Punk Rock Burlesque Banana Cabaret Slam,1:54,https://www.youtube.com/watch?v=pIoZ07yQAWk&list=PLmBA9ODM1xHNkz4xGSkiyAC--PDWFlTP_&index=145&pp=iAQB8AUBsAgC,bananasutra 🎶,V-145
Cassandra’s Lullaby 🕊️ GROWsutra Peace Folk Music 🎶,3:30,https://www.youtube.com/watch?v=w5TViQaAIj0&list=PLmBA9ODM1xHNkz4xGSkiyAC--PDWFlTP_&index=146&pp=iAQB8AUBsAgC,bananasutra 🎶,V-146
"“Hi, Amigo Mio” is a #dub song about how to make love last 🎤😇💦 #truthmatters #trustiseverything",3:00,https://www.youtube.com/watch?v=rsN8DPwaxac&list=PLmBA9ODM1xHNkz4xGSkiyAC--PDWFlTP_&index=147&pp=iAQB8AUB0gcJCdkKAYcqIYzvsAgC,bananasutra 🎶,V-147
How to help a Bible bro grow up 🇺🇸 ️ @bananasutra Bible song lyrics #GROWsutra #aimusicrevolution,1:36,https://www.youtube.com/watch?v=KG5mA5C8PaY&list=PLmBA9ODM1xHNkz4xGSkiyAC--PDWFlTP_&index=148&pp=iAQB8AUBsAgC,bananasutra 🎶,V-148
Oooh so this 3min minimum YouTube vid update only applies to vertical videos 🪕🦋 #tellmeyourstory,2:47,https://www.youtube.com/watch?v=nhefbkj7xck&list=PLmBA9ODM1xHNkz4xGSkiyAC--PDWFlTP_&index=149&pp=iAQB8AUBsAgC,bananasutra 🎶,V-149
Mind le Felon 🦆💨 #quackity,1:01,https://www.youtube.com/watch?v=Ln3U0pT6dy8&list=PLmBA9ODM1xHNkz4xGSkiyAC--PDWFlTP_&index=150&pp=iAQB8AUBsAgC,bananasutra 🎶,V-150
Quirky DUB on a cassette tape remix of my “Kindness” song—inspired by a 1952 #naomishihabnye poem ©️,2:53,https://www.youtube.com/watch?v=ksfid3vbAg4&list=PLmBA9ODM1xHNkz4xGSkiyAC--PDWFlTP_&index=151&pp=iAQBsAQB8AUBsAgC,bananasutra 🎶,V-151
"Make America #kind Alright⁉️ And #smart #safe and humane too, aka #woke already, oui oui #MAKA 🔫💦",1:58,https://www.youtube.com/watch?v=sNLtD806yCc&list=PLmBA9ODM1xHNkz4xGSkiyAC--PDWFlTP_&index=152&pp=iAQB8AUBsAgC,bananasutra 🎶,V-152
“Ain’t doing bad doing nothing” is one of the wonders found in the holy realm of #publicdomainmusic,2:42,https://www.youtube.com/watch?v=Ob2IvECibAI&list=PLmBA9ODM1xHNkz4xGSkiyAC--PDWFlTP_&index=153&pp=iAQB8AUBsAgC,bananasutra 🎶,V-153
“Dressed in Wonder”—a song about the fact social interpretations are often #fool of #bias 🎸🐇💨,2:43,https://www.youtube.com/watch?v=_RDvKHmERaU&list=PLmBA9ODM1xHNkz4xGSkiyAC--PDWFlTP_&index=154&pp=iAQB8AUB0gcJCdkKAYcqIYzvsAgC,bananasutra 🎶,V-154
"I’m biased, bc I was raised under the French #constitution … but(t) #fraternity does matter ✌️🥸🏳️",2:54,https://www.youtube.com/watch?v=wDmTrKm7seI&list=PLmBA9ODM1xHNkz4xGSkiyAC--PDWFlTP_&index=155&t=49s&pp=iAQB8AUBsAgC,bananasutra 🎶,V-155
"Bye #education 😭🌈 Hi, increased #poverty & #crimerate 🇺🇸🍏 SAD #surrealism #makeamericasafeagain",2:50,https://www.youtube.com/watch?v=zV2Ix28etPQ&list=PLmBA9ODM1xHNkz4xGSkiyAC--PDWFlTP_&index=156&pp=iAQB8AUBsAgC,bananasutra 🎶,V-156
Doin’ nothing but(t) dream FOTUS CIRCUS’ just a #jazzy nightmare 🛸 #sensitivecontent #publicdomain,1:01,https://www.youtube.com/watch?v=PHxqUWTe3As&list=PLmBA9ODM1xHNkz4xGSkiyAC--PDWFlTP_&index=157&pp=iAQB8AUBsAgC,bananasutra 🎶,V-157
Social media corporations forcing FelonDon & ElonTwat down my feed throat must STOP #metoomovement,1:50,https://www.youtube.com/watch?v=gYp79BPp97o&list=PLmBA9ODM1xHNkz4xGSkiyAC--PDWFlTP_&index=158&pp=iAQB8AUBsAgC,bananasutra 🎶,V-158
"That #duck wobbled in like a con meme… Oh Murica, can pride feel shame❓Or y’all just sheeple twats⁉️",2:57,https://www.youtube.com/watch?v=0HBAn2v01v4&list=PLmBA9ODM1xHNkz4xGSkiyAC--PDWFlTP_&index=159&t=32s&pp=iAQB8AUBsAgC,bananasutra 🎶,V-159
What the Twat #revolution #wanted #aivoice #aimusicrevolution 📺🚨 #grock ETHICAL ALERT ‼️,1:01,https://www.youtube.com/watch?v=OHEZocOoNOk&list=PLmBA9ODM1xHNkz4xGSkiyAC--PDWFlTP_&index=160&pp=iAQB8AUBsAgC,bananasutra 🎶,V-160
"The worst #aichatbot gonna mock, and that is #grock aka jock-a-lot oh boy what-a-shock 🚨🤥",2:27,https://www.youtube.com/watch?v=90kW7zbyamI&list=PLmBA9ODM1xHNkz4xGSkiyAC--PDWFlTP_&index=161&t=4s&pp=iAQB8AUB0gcJCdkKAYcqIYzvsAgC,bananasutra 🎶,V-161
"PSA🤥 #grockai is not objective, not scientific, and not critical at all of its daddy’s ties to EFD!",2:49,https://www.youtube.com/watch?v=7CdL_1RBpI4&list=PLmBA9ODM1xHNkz4xGSkiyAC--PDWFlTP_&index=162&t=28s&pp=iAQB8AUBsAgC,bananasutra 🎶,V-162
Truth is the only path that leads to heaven and y’all MAGA felons aids are going to hell—obviously,2:48,https://www.youtube.com/watch?v=nMiRzxVuNP4&list=PLmBA9ODM1xHNkz4xGSkiyAC--PDWFlTP_&index=163&t=31s&pp=iAQB8AUBsAgC,bananasutra 🎶,V-163
"But is asking a Felon why he lies like playing dumb? Yeah… Oh boy, the wicked #irony in that story💔",2:49,https://www.youtube.com/watch?v=aDI_D3RGgQk&list=PLmBA9ODM1xHNkz4xGSkiyAC--PDWFlTP_&index=164&pp=iAQB8AUBsAgC,bananasutra 🎶,V-164
When #udiomusic understands the assignment (almost;) #whoop #shadyduck #makeamericathinkagain 🦆💨,2:12,https://www.youtube.com/watch?v=LEdfniWrp5E&list=PLmBA9ODM1xHNkz4xGSkiyAC--PDWFlTP_&index=165&pp=iAQB8AUB0gcJCdkKAYcqIYzvsAgC,bananasutra 🎶,V-165
MASA (Make America Smart Allright) MATA (Make Americans Think… Amen)—the gloom of doom matters 😵🪦,1:31,https://www.youtube.com/watch?v=bMvAlyU86SY&list=PLmBA9ODM1xHNkz4xGSkiyAC--PDWFlTP_&index=166&pp=iAQB8AUBsAgC,bananasutra 🎶,V-166
"In a world of bleak bias babbles à la Dolon Trusk Shining Twins Egos Gone Quack, blessed be #poetry",1:08,https://www.youtube.com/watch?v=GHTEXNqKWpw&list=PLmBA9ODM1xHNkz4xGSkiyAC--PDWFlTP_&index=167&pp=iAQB8AUBsAgC,bananasutra 🎶,V-167
Ambient levels of cognitive dissonance (about bullies’ glory) are so ducking toxic 😵 #deadinside,2:12,https://www.youtube.com/watch?v=qY9iR8MGdHU&list=PLmBA9ODM1xHNkz4xGSkiyAC--PDWFlTP_&index=168&t=6s&pp=iAQB8AUB0gcJCdkKAYcqIYzvsAgC,bananasutra 🎶,V-168
Escaping my #FOTUS anxiety with the wonder of a banana rainbow & my imaginary puppy 🌈✨ #banjosutra,3:00,https://www.youtube.com/watch?v=EschSbMNSuY&list=PLmBA9ODM1xHNkz4xGSkiyAC--PDWFlTP_&index=169&pp=iAQB8AUBsAgC,bananasutra 🎶,V-169
🎈👀🏴‍☠️ #aimusicrevolution,2:32,https://www.youtube.com/watch?v=nkDx0g8UGhg&list=PLmBA9ODM1xHNkz4xGSkiyAC--PDWFlTP_&index=170&pp=iAQB8AUBsAgC,bananasutra 🎶,V-170
❤️‍🔥🏴‍☠️ #aimusicrevolution,2:12,https://www.youtube.com/watch?v=JWxeijMS1kc&list=PLmBA9ODM1xHNkz4xGSkiyAC--PDWFlTP_&index=171&pp=iAQB8AUBsAgC,bananasutra 🎶,V-171
"Yo Felon Nation, what’s the deal with #doublestandards — the world is asking 🇺🇸 @banasutra lyrics",2:51,https://www.youtube.com/watch?v=7koPoWFkqHs&list=PLmBA9ODM1xHNkz4xGSkiyAC--PDWFlTP_&index=172&pp=iAQB8AUBsAgC,bananasutra 🎶,V-172
"Too hard, darling, too hard—said #aldoushuxley 😘",2:44,https://www.youtube.com/watch?v=stV7qCd71ec&list=PLmBA9ODM1xHNkz4xGSkiyAC--PDWFlTP_&index=173&pp=iAQB8AUBsAgC,bananasutra 🎶,V-173
How to help Bible sheeples #GROWup … my prayer for dogma bananas to rest in peace 🕊️ #secularnews,1:36,https://www.youtube.com/watch?v=k8jN-GWM-zA&list=PLmBA9ODM1xHNkz4xGSkiyAC--PDWFlTP_&index=174&pp=iAQB8AUBsAgC,bananasutra 🎶,V-174
"Fascist Tango, Down We Go (with Waldo)",2:54,https://www.youtube.com/watch?v=yWx-wMjkHeM&list=PLmBA9ODM1xHNkz4xGSkiyAC--PDWFlTP_&index=175&pp=iAQB8AUBsAgC,bananasutra 🎶,V-175
"Please be kind, like Apple customer service phone line said… #duhok #aimusic #blues #kindness",2:03,https://www.youtube.com/watch?v=nQqf0zi0Brs&list=PLmBA9ODM1xHNkz4xGSkiyAC--PDWFlTP_&index=176&pp=iAQB8AUBsAgC,bananasutra 🎶,V-176
Kindness Matters (more than ever...),2:53,https://www.youtube.com/watch?v=54ENl2L8UOo&list=PLmBA9ODM1xHNkz4xGSkiyAC--PDWFlTP_&index=177&t=7s&pp=iAQB8AUBsAgC,bananasutra 🎶,V-177
How do you stay #sane in a world led by Machiavellian bullies—beside singing worries away⁉️ #maha,2:59,https://www.youtube.com/watch?v=3RIFjbfYG1Y&list=PLmBA9ODM1xHNkz4xGSkiyAC--PDWFlTP_&index=178&pp=iAQBsAQB8AUBsAgC,bananasutra 🎶,V-178
"“Lightly, my darling” ~ @bananasutra lyrics inspired by #aldoushuxley ‘s wisdom #psychedelicjourney",2:44,https://www.youtube.com/watch?v=kzcpKogZiD4&list=PLmBA9ODM1xHNkz4xGSkiyAC--PDWFlTP_&index=179&pp=iAQB8AUB0gcJCdkKAYcqIYzvsAgC,bananasutra 🎶,V-179
“Freedom To Lie Is The New Human Right”—what happens when #narcissists are allowed to lead 🍌🙈🇺🇸,2:59,https://www.youtube.com/watch?v=es44CmSdVGk&list=PLmBA9ODM1xHNkz4xGSkiyAC--PDWFlTP_&index=180&pp=iAQB8AUBsAgC,bananasutra 🎶,V-180
"“Hey, You”, or The Art of Watching Without Witnessing on Creepers Lane 🐑 BLOWsutra Indie JAZZ Music",2:10,https://www.youtube.com/watch?v=PlfqgS8myMQ&list=PLmBA9ODM1xHNkz4xGSkiyAC--PDWFlTP_&index=181&pp=iAQB8AUBsAgC,bananasutra 🎶,V-181
"Aren’t U Ashamed We Ain’t Ashamed? SHAMELESS, DEFY EP is an American song inspired by @defiance13 🔥",2:58,https://www.youtube.com/watch?v=kqZ5M5JveDk&list=PLmBA9ODM1xHNkz4xGSkiyAC--PDWFlTP_&index=182&pp=iAQB8AUBsAgC,bananasutra 🎶,V-182
"Good Lord, thank you for answering my prayers with a #southpark reality TV show that matters 📺🍌🤏",0:09,https://www.youtube.com/watch?v=lQ4uCrDkA8g&list=PLmBA9ODM1xHNkz4xGSkiyAC--PDWFlTP_&index=183&pp=iAQB8AUBsAgC,bananasutra 🎶,V-183
“BANANA ALLELUIA” is a KNOWsutra Folk Burlesque audiovisual poetry song for the dystopian age 👠🍌📺,2:57,https://www.youtube.com/watch?v=511TDCDL0j0&list=PLmBA9ODM1xHNkz4xGSkiyAC--PDWFlTP_&index=184&pp=iAQB8AUBsAgC,bananasutra 🎶,V-184
"Early last century, Franco executed Garcia Lorca for being a free spirit... Now Trump hunts Obama❔❔❔",3:00,https://www.youtube.com/watch?v=ZYxxzAiPjyQ&list=PLmBA9ODM1xHNkz4xGSkiyAC--PDWFlTP_&index=185&pp=iAQB8AUBsAgC,bananasutra 🎶,V-185
Yazi Chuck Musk is out of the old pedo D!ck office but(t) I found old funny songs 🎬 #bewoke #lol,2:35,https://www.youtube.com/watch?v=THWS5PnCVRQ&list=PLmBA9ODM1xHNkz4xGSkiyAC--PDWFlTP_&index=186&pp=iAQB8AUBsAgC,bananasutra 🎶,V-186
"I believe it’s fair to say American complacency is at the core of its demise, and return to slavery",0:12,https://www.youtube.com/watch?v=YirURMHmKUs&list=PLmBA9ODM1xHNkz4xGSkiyAC--PDWFlTP_&index=187&pp=iAQB8AUBsAgC,bananasutra 🎶,V-187
"New universe, new everything 🇺🇸 pls note: trust no number & the new rule no1 is #dopanic #now 🦅",2:59,https://www.youtube.com/watch?v=0nJpJXEw9-o&list=PLmBA9ODM1xHNkz4xGSkiyAC--PDWFlTP_&index=188&pp=iAQB8AUBsAgC,bananasutra 🎶,V-188
Have you seen & heard #peterthiel recently? Is he sick or was he always like a… pro-slavery junky?,1:01,https://www.youtube.com/watch?v=cChXfjRKAG8&list=PLmBA9ODM1xHNkz4xGSkiyAC--PDWFlTP_&index=189&pp=iAQB8AUBsAgC,bananasutra 🎶,V-189
"New UH-OH moment, new bananasutra song... Turns out, M@G@ stands for ""Make Amurica GULAG Again"" 🇺🇸🪆",2:41,https://www.youtube.com/watch?v=uFm8z3L7ob0&list=PLmBA9ODM1xHNkz4xGSkiyAC--PDWFlTP_&index=190&pp=iAQB8AUBsAgC,bananasutra 🎶,V-190
"The only logical reason that could explain Murica's current ab0rtion laws: ""SS means Sacred Sperm""",2:40,https://www.youtube.com/watch?v=vz2mxvPk-Z8&list=PLmBA9ODM1xHNkz4xGSkiyAC--PDWFlTP_&index=191&pp=iAQB8AUBsAgC,bananasutra 🎶,V-191
“RUN now (if you can)” #notadrill 🇺🇸 unless the American GULAG era is your cup of diet coke⁉️,2:55,https://www.youtube.com/watch?v=ltJLiCkw2eM&list=PLmBA9ODM1xHNkz4xGSkiyAC--PDWFlTP_&index=192&pp=iAQB8AUBsAgC,bananasutra 🎶,V-192
Clarity. That’ll do 🐷 🇺🇸 ps: people want to know WHO said Sp3rm is Sacred now... #prolife my 🍑,0:06,https://www.youtube.com/watch?v=SN7_gzCZE64&list=PLmBA9ODM1xHNkz4xGSkiyAC--PDWFlTP_&index=193&pp=iAQB8AUBsAgC,bananasutra 🎶,V-193
"I was so relieved to confirm the new American pope Leo is so not a m@g@ show, I cried 😇🤌 #bewoke",2:34,https://www.youtube.com/watch?v=slVc-q8GHM8&list=PLmBA9ODM1xHNkz4xGSkiyAC--PDWFlTP_&index=194&t=12s&pp=iAQB8AUBsAgC,bananasutra 🎶,V-194
"If you or your teen haven’t read “Steppenwolf”, by Herman Hesse, I’d like to recommend you do ❤️‍🔥",3:00,https://www.youtube.com/watch?v=6h67QM1fbGQ&list=PLmBA9ODM1xHNkz4xGSkiyAC--PDWFlTP_&index=195&t=40s&pp=iAQB8AUBsAgC,bananasutra 🎶,V-195
Who trusts a pedo-rap!st?! And w/ mass#incarceration #maga will soon mean Make America Gulag Alright,2:30,https://www.youtube.com/watch?v=Ei4myikvbMc&list=PLmBA9ODM1xHNkz4xGSkiyAC--PDWFlTP_&index=196&t=20s&pp=iAQB8AUBsAgC,bananasutra 🎶,V-196
"Once upon a time, in the lost souls galaxy 💔🇺🇸🦆💨",0:31,https://www.youtube.com/watch?v=K0vzpyoWqtA&list=PLmBA9ODM1xHNkz4xGSkiyAC--PDWFlTP_&index=197&pp=iAQB8AUBsAgC,bananasutra 🎶,V-197
"“Making songs like others meditate, flex, or pray…” 🍐 #pear dreams #lyrics matter #lostmusic #suno",2:44,https://www.youtube.com/watch?v=-YjAGCUr7J4&list=PLmBA9ODM1xHNkz4xGSkiyAC--PDWFlTP_&index=198&pp=iAQB8AUBsAgC,bananasutra 🎶,V-198
Banjo banger tale of a pedoking “Tweeting from the Throne” 🚽🇺🇸 #unreleased #truestory #aivoice,2:35,https://www.youtube.com/watch?v=Kkim5ueKcnM&list=PLmBA9ODM1xHNkz4xGSkiyAC--PDWFlTP_&index=199&pp=iAQB8AUBsAgC,bananasutra 🎶,V-199
“Men accountable to no one are not to be trusted.”—Thomas Paine,1:01,https://www.youtube.com/watch?v=G4HHl5UOS2w&list=PLmBA9ODM1xHNkz4xGSkiyAC--PDWFlTP_&index=200&pp=iAQB8AUBsAgC,bananasutra 🎶,V-200
🌕📺🦆🤬💨,2:53,https://www.youtube.com/watch?v=rInKDMgcsR8&list=PLmBA9ODM1xHNkz4xGSkiyAC--PDWFlTP_&index=201&pp=iAQB8AUBsAgC,bananasutra 🎶,V-201
"SIDÉRATION is calling, the White House is burning, Murica is drowing, & the people do nothing 🤯🇺🇸",3:00,https://www.youtube.com/watch?v=NNgJnR5-vUg&list=PLmBA9ODM1xHNkz4xGSkiyAC--PDWFlTP_&index=202&t=25s&pp=iAQB8AUBsAgC,bananasutra 🎶,V-202
"Felon Nation just stared, on silent. No one dared rise—a new kind of sidération, no dissent… yet?!",3:00,https://www.youtube.com/watch?v=I9_Ij3X_JqI&list=PLmBA9ODM1xHNkz4xGSkiyAC--PDWFlTP_&index=203&pp=iAQB8AUBsAgC,bananasutra 🎶,V-203
Season 1 = #MassDeportations Season 2 = #MassIncarcerations #run — if you can 🤞🥺 🇺🇸,2:57,https://www.youtube.com/watch?v=VIFOTj_W4qs&list=PLmBA9ODM1xHNkz4xGSkiyAC--PDWFlTP_&index=204&t=15s&pp=iAQB8AUBsAgC,bananasutra 🎶,V-204
Please don’t ever dare say the rise of fauXism in Murica was insidious… the entire world sees it 🌍,2:29,https://www.youtube.com/watch?v=LGpPdHz2kl0&list=PLmBA9ODM1xHNkz4xGSkiyAC--PDWFlTP_&index=205&pp=iAQB8AUBsAgC,bananasutra 🎶,V-205
Oh MAMA… Make America Mine Achtung—said the new white king of jingoistic greed 🦆💔🇺🇸,2:40,https://www.youtube.com/watch?v=xq0iHjcKRTY&list=PLmBA9ODM1xHNkz4xGSkiyAC--PDWFlTP_&index=206&pp=iAQB8AUBsAgC,bananasutra 🎶,V-206
"Turns out the G in MAGA was for GOTCHA… the N in MANA, for yazi & the opposite of Woke is White ☣️",0:43,https://www.youtube.com/watch?v=qpM1QDH1QsE&list=PLmBA9ODM1xHNkz4xGSkiyAC--PDWFlTP_&index=207&pp=iAQB8AUBsAgC,bananasutra 🎶,V-207
"I wrote “Ducktator Lament” the night of the presidential debate, pre-election… how on point 🏴‍☠️💭",2:52,https://www.youtube.com/watch?v=aw-LmHCscgw&list=PLmBA9ODM1xHNkz4xGSkiyAC--PDWFlTP_&index=208&pp=iAQB8AUBsAgC,bananasutra 🎶,V-208
Why do the grown-ups fight so loud? And where do kites fly now? #🕊️ #ceasefire #aivoice #sunomusic,2:59,https://www.youtube.com/watch?v=vaRUXTONyhA&list=PLmBA9ODM1xHNkz4xGSkiyAC--PDWFlTP_&index=209&t=2s&pp=iAQB8AUBsAgC,bananasutra 🎶,V-209
"Jingoism is scary… and 74% of the world’s nations, many of them “democracies”, are now “autocratic”",2:45,https://www.youtube.com/watch?v=vZIEqgQmu4k&list=PLmBA9ODM1xHNkz4xGSkiyAC--PDWFlTP_&index=210&pp=iAQB8AUBsAgC,bananasutra 🎶,V-210
"While seeing 3 of the 4 top #freeapps in #appstore are #Bible apps is suspicious, Leo seems kind 🙏",2:55,https://www.youtube.com/watch?v=m5KTEE1fPCY&list=PLmBA9ODM1xHNkz4xGSkiyAC--PDWFlTP_&index=211&pp=iAQB8AUBsAgC,bananasutra 🎶,V-211
"Bc puppy therapy matters, and “War Woes” beg the question “Why, Bro?”—unless u’re evil, or dumb⁉️💣",2:54,https://www.youtube.com/watch?v=kyp8P25k6w0&list=PLmBA9ODM1xHNkz4xGSkiyAC--PDWFlTP_&index=212&t=48s&pp=iAQB8AUBsAgC,bananasutra 🎶,V-212
"... gone with the dogs in the #sky, where hope may no longer cry #folksong #leonardcohen #neverdies",2:36,https://www.youtube.com/watch?v=CQarJpCZiik&list=PLmBA9ODM1xHNkz4xGSkiyAC--PDWFlTP_&index=213&pp=iAQB8AUBsAgC,bananasutra 🎶,V-213
"Meanwhile, at the bananasutra #artgallery 🍌💨",0:08,https://www.youtube.com/watch?v=whCo0-Rcdeg&list=PLmBA9ODM1xHNkz4xGSkiyAC--PDWFlTP_&index=214&pp=iAQB8AUBsAgC,bananasutra 🎶,V-214
“Rainbows in my Cloud” 🌈 is a @bananasutra #gratitude #folk song inspired by #mayaangelouquotes,1:00,https://www.youtube.com/watch?v=mAARh3bxxjs&list=PLmBA9ODM1xHNkz4xGSkiyAC--PDWFlTP_&index=215&pp=iAQB8AUBsAgC,bananasutra 🎶,V-215
"“Can you play win-win or no?” she asked to the pesky orange pest, aka FOTUS… answer is no, fosho 💔",2:00,https://www.youtube.com/watch?v=m8SlUkRJIWA&list=PLmBA9ODM1xHNkz4xGSkiyAC--PDWFlTP_&index=216&pp=iAQB8AUBsAgC,bananasutra 🎶,V-216
"Blessed be #georgecarlin fair and empathetic observations, on 1960s #supremecourt “profanity” issue",2:26,https://www.youtube.com/watch?v=dSjDGEVpHUM&list=PLmBA9ODM1xHNkz4xGSkiyAC--PDWFlTP_&index=217&pp=iAQB8AUBsAgC,bananasutra 🎶,V-217
"Fun fact: fauXism kills libidos, and to “Make America Humane Again” h-o-r-n-y would def help! #maha",2:59,https://www.youtube.com/watch?v=NDL2esW1cSA&list=PLmBA9ODM1xHNkz4xGSkiyAC--PDWFlTP_&index=218&pp=iAQB8AUBsAgC,bananasutra 🎶,V-218
“Too hard” is a song inspired by a #darling quote from #aldoushuxley #sunomusic #aivoice #authentic,2:43,https://www.youtube.com/watch?v=oP6HFWnSHAE&list=PLmBA9ODM1xHNkz4xGSkiyAC--PDWFlTP_&index=219&pp=iAQB8AUBsAgC,bananasutra 🎶,V-219
Meta Metaphors Matter… like silly frogs and bunny #poetry 🦗🐸 #authenticbranding #revolution,0:15,https://www.youtube.com/watch?v=aZY5WzUvt3Y&list=PLmBA9ODM1xHNkz4xGSkiyAC--PDWFlTP_&index=220&pp=iAQB8AUBsAgC,bananasutra 🎶,V-220
"I gotta confess, it’s true a duck can make life feel #hopelessly #notgreat 🦆🇺🇸💔📺🌫️ #bekind",2:41,https://www.youtube.com/watch?v=xA3pa3tE2aA&list=PLmBA9ODM1xHNkz4xGSkiyAC--PDWFlTP_&index=221&pp=iAQB8AUBsAgC,bananasutra 🎶,V-221
"God almighty, (please) tell me #why #queer is so wrong, scary, or dangerous? 🪕👼 #banjomusic",1:00,https://www.youtube.com/watch?v=EOMOe2xDriA&list=PLmBA9ODM1xHNkz4xGSkiyAC--PDWFlTP_&index=222&pp=iAQB8AUBsAgC,bananasutra 🎶,V-222
U didn’t read #project2025 yet bc u 1) don’t like #spoilers or are 2) an ostrich 3) dodo inside 🦤⁉️,2:59,https://www.youtube.com/watch?v=fqpjZhM0kps&list=PLmBA9ODM1xHNkz4xGSkiyAC--PDWFlTP_&index=223&t=54s&pp=iAQB8AUBsAgC,bananasutra 🎶,V-223
"This is #boburnham “What’s funny?” song, but(t) updated for #project2025 (ha) #questionsallowed",2:46,https://www.youtube.com/watch?v=zGPQT8Oqc7E&list=PLmBA9ODM1xHNkz4xGSkiyAC--PDWFlTP_&index=224&pp=iAQB8AUBsAgC,bananasutra 🎶,V-224
"Mourning the death of Federal Workers Bargaining #rights MAKA MAKA, please Make America Kind Amen 🙏",3:00,https://www.youtube.com/watch?v=MRQpN-qfjaQ&list=PLmBA9ODM1xHNkz4xGSkiyAC--PDWFlTP_&index=225&pp=iAQB8AUBsAgC,bananasutra 🎶,V-225
"Please, God, Make America #kind Alright? Knowledgeable helps too—oops, too late #educationmatters",2:20,https://www.youtube.com/watch?v=nkYXDADwZGI&list=PLmBA9ODM1xHNkz4xGSkiyAC--PDWFlTP_&index=226&t=9s&pp=iAQB8AUBsAgC,bananasutra 🎶,V-226
EGO’s Maquerade 🤓🍿🎶 BLOWsutra Cabaret Music,4:55,https://www.youtube.com/watch?v=S5B_T0rH3gU&list=PLmBA9ODM1xHNkz4xGSkiyAC--PDWFlTP_&index=227&pp=iAQB8AUBsAgC,bananasutra 🎶,V-227
Making Songs (Like Others Flex or Pray) • FLOWsutra DUB Yum 🍿🎶,3:27,https://www.youtube.com/watch?v=0EmqnHAN2BI&list=PLmBA9ODM1xHNkz4xGSkiyAC--PDWFlTP_&index=228&pp=iAQB8AUBsAgC,bananasutra 🎶,V-228
Seminal Boll👀cks • EPx2 • KNOWsutra Psychedelic Punk Rock Burlesque Cabaret Music,6:09,https://www.youtube.com/watch?v=meFN5RgHAVQ&list=PLmBA9ODM1xHNkz4xGSkiyAC--PDWFlTP_&index=229&pp=iAQB8AUBsAgC,bananasutra 🎶,V-229
Blessed Be The Dogs 📢🤘🐶🎶 SHOWsutra Psychedelic Post-Punk Rock Banana Cabaret Delight,4:26,https://www.youtube.com/watch?v=LSPY7jumdjw&list=PLmBA9ODM1xHNkz4xGSkiyAC--PDWFlTP_&index=230&pp=iAQB8AUBsAgC,bananasutra 🎶,V-230
Who Knows Where How Happiness Truly Grows? GROWsutra FOLK Yum Music,3:51,https://www.youtube.com/watch?v=wUgEGd2SQ84&list=PLmBA9ODM1xHNkz4xGSkiyAC--PDWFlTP_&index=231&pp=iAQB8AUBsAgC,bananasutra 🎶,V-231
How Do Kids Learn Now? 📺 When Did Seduction Become So Untrue? KNOWsutra Flamenco Techno Fusion Music,4:54,https://www.youtube.com/watch?v=02rdL6T_ucA&list=PLmBA9ODM1xHNkz4xGSkiyAC--PDWFlTP_&index=232&pp=iAQB8AUBsAgC,bananasutra 🎶,V-232
"“Hey, You”, or The Art of Watching Without Witnessing on Creepers Lane 🐑 BLOWsutra Indie JAZZ Music",2:10,https://www.youtube.com/watch?v=PlfqgS8myMQ&list=PLmBA9ODM1xHNkz4xGSkiyAC--PDWFlTP_&index=233&pp=iAQB8AUBsAgC,bananasutra 🎶,V-233
"The 7-Course Fascist Feast of the Week | Satirical Spoken Word + Song: “No, I’m Not Being Political”",12:01,https://www.youtube.com/watch?v=pSBv8kq6NnA&list=PLmBA9ODM1xHNkz4xGSkiyAC--PDWFlTP_&index=234&pp=iAQB8AUBsAgC,bananasutra 🎶,V-234
“Lyrics Matter” aka the SutraFOO song • SHOWsutra Burlesque Banana Banger Babe 🥊,2:29,https://www.youtube.com/watch?v=qnqL1PztSF0&list=PLmBA9ODM1xHNkz4xGSkiyAC--PDWFlTP_&index=235&pp=iAQB8AUBsAgC,bananasutra 🎶,V-235
"FOTUS CIRCUS Reality TV Show ⭐️ South Park Season 27 Episode 1 Edition, AMEN BLOWsutra Rock 🤘🇺🇸",2:12,https://www.youtube.com/watch?v=P7fAKkOJNCo&list=PLmBA9ODM1xHNkz4xGSkiyAC--PDWFlTP_&index=236&pp=iAQB8AUBsAgC,bananasutra 🎶,V-236
(Children Are the) “Universal Currency” – BLOWsutra FOLK Music - DEFY EP Song #3 Lyrics Video,3:13,https://www.youtube.com/watch?v=KHKWCkhd6cs&list=PLmBA9ODM1xHNkz4xGSkiyAC--PDWFlTP_&index=237&pp=iAQB8AUBsAgC,bananasutra 🎶,V-237
Seminal Bollocks • Original Pop Punk Rock Bible Story • Bananasutra(Blow) Accelerated Ideation Music,2:39,https://www.youtube.com/watch?v=EZNn-HE2Kg8&list=PLmBA9ODM1xHNkz4xGSkiyAC--PDWFlTP_&index=238&pp=iAQB8AUBsAgC,bananasutra 🎶,V-238
FOTUS “Profane Obscenities” • Easter Day 2025 BS Speech • BLOWsutra Indie Music 🎹🎶,3:23,https://www.youtube.com/watch?v=EFV-ZGZhwjo&list=PLmBA9ODM1xHNkz4xGSkiyAC--PDWFlTP_&index=239&pp=iAQB8AUBsAgC,bananasutra 🎶,V-239
Some Truths Are Harder to Swallow 📺🐙 A Jazz-Laced GROWsutra Song Shared With Love,3:09,https://www.youtube.com/watch?v=uCFAuXTCeH8&list=PLmBA9ODM1xHNkz4xGSkiyAC--PDWFlTP_&index=240&pp=iAQB8AUBsAgC,bananasutra 🎶,V-240
"“Make Amurica Gulag Again”, a true BLOWsutra Trip(py) Hop Music Story 🍌📺 🏴‍☠️",2:41,https://www.youtube.com/watch?v=-ju1LXw-1Ks&list=PLmBA9ODM1xHNkz4xGSkiyAC--PDWFlTP_&index=241&t=8s&pp=iAQB8AUBsAgC,bananasutra 🎶,V-241
"“Shades of Fools” (It’s The Why…) • KNOWsutra INDIE Music (inspired by one of my fav man, Socrates)",3:24,https://www.youtube.com/watch?v=Gi8UfqiByYA&list=PLmBA9ODM1xHNkz4xGSkiyAC--PDWFlTP_&index=242&pp=iAQB8AUBsAgC,bananasutra 🎶,V-242
"“Freedom to Lie is the New Human Right”, a true BLOWsutra tale of crime bananas gone beyond wild 🇺🇸",5:00,https://www.youtube.com/watch?v=izDgpoGewE4&list=PLmBA9ODM1xHNkz4xGSkiyAC--PDWFlTP_&index=243&pp=iAQB8AUBsAgC,bananasutra 🎶,V-243
"""A la Guerre Comme A la Guerre"" ⚒ Goold Old BLOWsutra Music",3:10,https://www.youtube.com/watch?v=8FBNLoBFd0Y&list=PLmBA9ODM1xHNkz4xGSkiyAC--PDWFlTP_&index=244&pp=iAQB8AUBsAgC,bananasutra 🎶,V-244
"New UH-OH moment, new bananasutra song... Turns out, M@G@ stands for ""Make Amurica GULAG Again"" 🇺🇸🪆",2:41,https://www.youtube.com/watch?v=uFm8z3L7ob0&list=PLmBA9ODM1xHNkz4xGSkiyAC--PDWFlTP_&index=245&pp=iAQB8AUB0gcJCdkKAYcqIYzvsAgC,bananasutra 🎶,V-245
"A redux of ""Felon Nation"" : ""PED0 NATION"" is an overwhelmingly likely truth YT censors",3:35,https://www.youtube.com/watch?v=pSRnVyMMqDo&list=PLmBA9ODM1xHNkz4xGSkiyAC--PDWFlTP_&index=246&pp=iAQB8AUBsAgC,bananasutra 🎶,V-246
"The only logical reason that could explain Murica's current ab0rtion laws: ""SS means Sacred Sperm""",2:40,https://www.youtube.com/watch?v=vz2mxvPk-Z8&list=PLmBA9ODM1xHNkz4xGSkiyAC--PDWFlTP_&index=247&pp=iAQB8AUBsAgC,bananasutra 🎶,V-247
I guess “Tyranny of Ignorance” sounds more appropriate than Duck shoves Bananas in your A$$ (sic) 🍌,3:31,https://www.youtube.com/watch?v=7TkMnqTTMAA&list=PLmBA9ODM1xHNkz4xGSkiyAC--PDWFlTP_&index=248&t=9s&pp=iAQB8AUBsAgC,bananasutra 🎶,V-248
Never mind me documenting underrated American #historyfacts over here 🤢,3:49,https://www.youtube.com/watch?v=f2QV6g1r6uU&list=PLmBA9ODM1xHNkz4xGSkiyAC--PDWFlTP_&index=249&pp=iAQB8AUB0gcJCdkKAYcqIYzvsAgC,bananasutra 🎶,V-249
“Men accountable to no one are not to be trusted.”—Thomas Paine,1:01,https://www.youtube.com/watch?v=G4HHl5UOS2w&list=PLmBA9ODM1xHNkz4xGSkiyAC--PDWFlTP_&index=250&pp=iAQB8AUBsAgC,bananasutra 🎶,V-250
"Once upon a time, in the lost souls galaxy 💔🇺🇸🦆💨",0:31,https://www.youtube.com/watch?v=K0vzpyoWqtA&list=PLmBA9ODM1xHNkz4xGSkiyAC--PDWFlTP_&index=251&pp=iAQB8AUBsAgC,bananasutra 🎶,V-251
“Sidération” Is The Word You Need 🤯🇺🇸 When A Rap!st King Legislates “Freedom to Lie” As #humanrights,3:20,https://www.youtube.com/watch?v=xOhD5Qb6GeU&list=PLmBA9ODM1xHNkz4xGSkiyAC--PDWFlTP_&index=252&pp=iAQB8AUBsAgC,bananasutra 🎶,V-252
“RUN now (if you can)” #notadrill 🇺🇸 unless the American GULAG era is your cup of diet coke⁉️,2:55,https://www.youtube.com/watch?v=ltJLiCkw2eM&list=PLmBA9ODM1xHNkz4xGSkiyAC--PDWFlTP_&index=253&pp=iAQB8AUBsAgC,bananasutra 🎶,V-253
"Because “Rebel Romance” matters, dears! Any questions? I’ll be here cooling out my humanist fire 🔥",3:36,https://www.youtube.com/watch?v=drX7kVnobm8&list=PLmBA9ODM1xHNkz4xGSkiyAC--PDWFlTP_&index=254&pp=iAQB8AUBsAgC,bananasutra 🎶,V-254
"“Tune in the Tender”, a song howling from my heart—inspired by “Steppenwolf”, a tale by Herman Hesse",4:07,https://www.youtube.com/watch?v=2dS7nbT48IY&list=PLmBA9ODM1xHNkz4xGSkiyAC--PDWFlTP_&index=255&pp=iAQB8AUB0gcJCdkKAYcqIYzvsAgC,bananasutra 🎶,V-255
“What It’s About” Murica 🇺🇸 • A Blues song from the bottom of my heart (escaping the Brandolini law),4:27,https://www.youtube.com/watch?v=wX7kpqxLAXM&list=PLmBA9ODM1xHNkz4xGSkiyAC--PDWFlTP_&index=256&pp=iAQB8AUBsAgC,bananasutra 🎶,V-256
FOTUS CIRCUS Revolution… Com’on in wretched fools 🎪 🤡,4:05,https://www.youtube.com/watch?v=XnSnhWzrb6U&list=PLmBA9ODM1xHNkz4xGSkiyAC--PDWFlTP_&index=257&pp=iAQB8AUBsAgC,bananasutra 🎶,V-257
New “SIDÉRATION” Burlesque Song—No Word for This in English… When Reality Freezes & Truth Glitches 😎,3:29,https://www.youtube.com/watch?v=zsJ9YEIT9uw&list=PLmBA9ODM1xHNkz4xGSkiyAC--PDWFlTP_&index=258&pp=iAQB8AUBsAgC,bananasutra 🎶,V-258
"Kindness is rooted in compassion, it is clear, brave, wise, it is mighty—the very opposite of weak 💕",3:05,https://www.youtube.com/watch?v=8yRt0xH3fnc&list=PLmBA9ODM1xHNkz4xGSkiyAC--PDWFlTP_&index=259&pp=iAQB8AUBsAgC,bananasutra 🎶,V-259
"#yoda said Murica is so #insane, there’s no word—only the (French) word “sidération” comes close🩸",3:01,https://www.youtube.com/watch?v=wlxLBPVx-Uc&list=PLmBA9ODM1xHNkz4xGSkiyAC--PDWFlTP_&index=260&t=1s&pp=iAQB8AUB0gcJCdkKAYcqIYzvsAgC,bananasutra 🎶,V-260
"Jingoism is scary… and 74% of the world’s nations, many of them “democracies”, are now “autocratic”",2:45,https://www.youtube.com/watch?v=vZIEqgQmu4k&list=PLmBA9ODM1xHNkz4xGSkiyAC--PDWFlTP_&index=261&pp=iAQB8AUBsAgC,bananasutra 🎶,V-261
Why do the grown-ups fight so loud? And where do kites fly now? #🕊️ #ceasefire #aivoice #sunomusic,2:59,https://www.youtube.com/watch?v=vaRUXTONyhA&list=PLmBA9ODM1xHNkz4xGSkiyAC--PDWFlTP_&index=262&t=2s&pp=iAQB8AUB0gcJCdkKAYcqIYzvsAgC,bananasutra 🎶,V-262
"While seeing 3 of the 4 top #freeapps in #appstore are #Bible apps is suspicious, Leo seems kind 🙏",2:55,https://www.youtube.com/watch?v=m5KTEE1fPCY&list=PLmBA9ODM1xHNkz4xGSkiyAC--PDWFlTP_&index=263&pp=iAQB8AUBsAgC,bananasutra 🎶,V-263
"“A stroll down history lane”—#jingoism ain’t new, just getting worse by the hour (deep breath…)",4:00,https://www.youtube.com/watch?v=0zBwpwSG_WI&list=PLmBA9ODM1xHNkz4xGSkiyAC--PDWFlTP_&index=264&pp=iAQB8AUBsAgC,bananasutra 🎶,V-264
Why do the grown-ups fight so loud? And where do kites fly now? #🕊️ #ceasefire #aivoice #sunomusic,3:25,https://www.youtube.com/watch?v=Q0Bl_6Y6ozs&list=PLmBA9ODM1xHNkz4xGSkiyAC--PDWFlTP_&index=265&pp=iAQB8AUBsAgC,bananasutra 🎶,V-265
"I wrote “Ducktator Lament” the night of the presidential debate, pre-election… how on point 🏴‍☠️💭",2:52,https://www.youtube.com/watch?v=aw-LmHCscgw&list=PLmBA9ODM1xHNkz4xGSkiyAC--PDWFlTP_&index=266&pp=iAQB8AUBsAgC,bananasutra 🎶,V-266
Oh MAMA… Make America Mine Achtung—said the new white king of jingoistic greed 🦆💔🇺🇸,2:40,https://www.youtube.com/watch?v=xq0iHjcKRTY&list=PLmBA9ODM1xHNkz4xGSkiyAC--PDWFlTP_&index=267&pp=iAQB8AUBsAgC,bananasutra 🎶,V-267
"“Oh My, Oh Why”, asked Socrates, and then, they silenced him… Men learned nothing in 2000 years!",3:33,https://www.youtube.com/watch?v=JB_CWO24uUo&list=PLmBA9ODM1xHNkz4xGSkiyAC--PDWFlTP_&index=268&pp=iAQB8AUBsAgC,bananasutra 🎶,V-268
"“On Est Tous Frères” & la Terre, c’est notre Mère—a #jazz #peace song inspired by “We Are the World”",3:24,https://www.youtube.com/watch?v=MmFGNH1vCes&list=PLmBA9ODM1xHNkz4xGSkiyAC--PDWFlTP_&index=269&pp=iAQB8AUBsAgC,bananasutra 🎶,V-269
"“Blessed Are the Cracked” (another bananasutra song inspired by Bertrand Russel, and Leonard Cohen)",3:20,https://www.youtube.com/watch?v=EAosjkHURqU&list=PLmBA9ODM1xHNkz4xGSkiyAC--PDWFlTP_&index=270&pp=iAQB8AUBsAgC,bananasutra 🎶,V-270
A cheeky humble French frog question in a song: “Who needs a big D?” 🐸 or “botched coQ implant” LOL,3:24,https://www.youtube.com/watch?v=YGwFpza0CvI&list=PLmBA9ODM1xHNkz4xGSkiyAC--PDWFlTP_&index=271&pp=iAQB8AUBsAgC,bananasutra 🎶,V-271
Kafka’s Ghost QOTD: When does dumb become dangerous? 🦆💨,3:14,https://www.youtube.com/watch?v=djgAf4j_zcc&list=PLmBA9ODM1xHNkz4xGSkiyAC--PDWFlTP_&index=272&t=30s&pp=iAQB8AUBsAgC,bananasutra 🎶,V-272
"Consensus on the meaning of words matter, kids… and today, we’re asking “what’s fascist?”",3:05,https://www.youtube.com/watch?v=pP5wyGzjsPA&list=PLmBA9ODM1xHNkz4xGSkiyAC--PDWFlTP_&index=273&pp=iAQB8AUBsAgC,bananasutra 🎶,V-273
"Why Trust an Old, Mean Felon, or Religion? Brave and Constructive Debate Welcome 🙏#criticalthinking",3:05,https://www.youtube.com/watch?v=RD0aen1vOFA&list=PLmBA9ODM1xHNkz4xGSkiyAC--PDWFlTP_&index=274&pp=iAQB8AUBsAgC,bananasutra 🎶,V-274
"“Mass Media Freakshow”, a bananasutra song inspired by Terrence McKenna & weird corporate pretenses",3:31,https://www.youtube.com/watch?v=tbl3_l8puFY&list=PLmBA9ODM1xHNkz4xGSkiyAC--PDWFlTP_&index=275&pp=iAQB8AUB0gcJCdkKAYcqIYzvsAgC,bananasutra 🎶,V-275
“Blowers Don’t Care” 🤷🏻‍♀️ 🦅 A #BLOWsutra DUB Song For Those Who Care,3:16,https://www.youtube.com/watch?v=pT_7MwO7OoI&list=PLmBA9ODM1xHNkz4xGSkiyAC--PDWFlTP_&index=276&pp=iAQBsAQB8AUBsAgC,bananasutra 🎶,V-276
"“Can you play win-win or no?” she asked to the pesky orange pest, aka FOTUS… answer is no, fosho 💔",2:00,https://www.youtube.com/watch?v=m8SlUkRJIWA&list=PLmBA9ODM1xHNkz4xGSkiyAC--PDWFlTP_&index=277&pp=iAQB8AUBsAgC,bananasutra 🎶,V-277
“Mass Media Freakshow” (track #2 / 13) is a song inspired by delusional nuts and critical reasoning,3:31,https://www.youtube.com/watch?v=kG5YGvAkAMk&list=PLmBA9ODM1xHNkz4xGSkiyAC--PDWFlTP_&index=278&pp=iAQB8AUBsAgC,bananasutra 🎶,V-278
"Hi, my name is huh, duck… please pardon my French, but(t) when shall #thePeople #riseup ⁉️🦆📺🍌🏴‍☠️",3:16,https://www.youtube.com/watch?v=WKx3_MeuJA0&list=PLmBA9ODM1xHNkz4xGSkiyAC--PDWFlTP_&index=279&pp=iAQB8AUB0gcJCdkKAYcqIYzvsAgC,bananasutra 🎶,V-279
“Rainbows in my Cloud” 🌈 is a @bananasutra #gratitude #folk song inspired by #mayaangelouquotes,1:00,https://www.youtube.com/watch?v=mAARh3bxxjs&list=PLmBA9ODM1xHNkz4xGSkiyAC--PDWFlTP_&index=280&pp=iAQB8AUBsAgC,bananasutra 🎶,V-280
"“Make your Own Bible” : a bananasutra Gospel song for State Employees, inspired by Ralph W. Emerson",3:00,https://www.youtube.com/watch?v=-1B3lFfieo4&list=PLmBA9ODM1xHNkz4xGSkiyAC--PDWFlTP_&index=281&pp=iAQB8AUBsAgC,bananasutra 🎶,V-281
"Fun fact: fauXism kills libidos, and to “Make America Humane Again” h-o-r-n-y would def help! #maha",2:59,https://www.youtube.com/watch?v=NDL2esW1cSA&list=PLmBA9ODM1xHNkz4xGSkiyAC--PDWFlTP_&index=282&pp=iAQB8AUBsAgC,bananasutra 🎶,V-282
“Mind the Felon” x5 is now on bananasutraSoundCloud 🖤 #existentialphilosophy #truecrimestory #aiart,1:01,https://www.youtube.com/watch?v=mqR8O5Prn3c&list=PLmBA9ODM1xHNkz4xGSkiyAC--PDWFlTP_&index=283&pp=iAQB8AUBsAgC,bananasutra 🎶,V-283
"But is asking a Felon why he lies like playing dumb? Yeah… Oh boy, the wicked #irony in that story💔",2:49,https://www.youtube.com/watch?v=aDI_D3RGgQk&list=PLmBA9ODM1xHNkz4xGSkiyAC--PDWFlTP_&index=284&pp=iAQB8AUBsAgC,bananasutra 🎶,V-284
📺🚩 V is for vérité—which #malefantasy is your commercial aka social feed selling you today? 🛁🫧,1:01,https://www.youtube.com/watch?v=pYju-slXtuk&list=PLmBA9ODM1xHNkz4xGSkiyAC--PDWFlTP_&index=285&pp=iAQB8AUBsAgC,bananasutra 🎶,V-285
Escaping my #FOTUS anxiety with the wonder of a banana rainbow & my imaginary puppy 🌈✨ #banjosutra,3:00,https://www.youtube.com/watch?v=EschSbMNSuY&list=PLmBA9ODM1xHNkz4xGSkiyAC--PDWFlTP_&index=286&pp=iAQB8AUBsAgC,bananasutra 🎶,V-286
MASA (Make America Smart Allright) MATA (Make Americans Think… Amen)—the gloom of doom matters 😵🪦,1:31,https://www.youtube.com/watch?v=bMvAlyU86SY&list=PLmBA9ODM1xHNkz4xGSkiyAC--PDWFlTP_&index=287&pp=iAQB8AUBsAgC,bananasutra 🎶,V-287
"No matter what the poossy grabber says, liars can’t #woke & dogs shall pee free rainbows #notagain",1:00,https://www.youtube.com/watch?v=uQyNDaSARM0&list=PLmBA9ODM1xHNkz4xGSkiyAC--PDWFlTP_&index=288&pp=iAQB8AUBsAgC,bananasutra 🎶,V-288
When #udiomusic understands the assignment (almost;) #whoop #shadyduck #makeamericathinkagain 🦆💨,2:12,https://www.youtube.com/watch?v=LEdfniWrp5E&list=PLmBA9ODM1xHNkz4xGSkiyAC--PDWFlTP_&index=289&pp=iAQB8AUBsAgC,bananasutra 🎶,V-289
Truth is the only path that leads to heaven and y’all MAGA felons aids are going to hell—obviously,2:48,https://www.youtube.com/watch?v=nMiRzxVuNP4&list=PLmBA9ODM1xHNkz4xGSkiyAC--PDWFlTP_&index=290&t=31s&pp=iAQB8AUBsAgC,bananasutra 🎶,V-290
"And dck #corruption goes on—like history, justice, and truth never ever mattered in #murica 🦆💨",1:01,https://www.youtube.com/watch?v=M7mwRxuOSeA&list=PLmBA9ODM1xHNkz4xGSkiyAC--PDWFlTP_&index=291&pp=iAQB8AUBsAgC,bananasutra 🎶,V-291
"The worst #aichatbot gonna mock, and that is #grock aka jock-a-lot oh boy what-a-shock 🚨🤥",2:27,https://www.youtube.com/watch?v=90kW7zbyamI&list=PLmBA9ODM1xHNkz4xGSkiyAC--PDWFlTP_&index=292&t=4s&pp=iAQB8AUBsAgC,bananasutra 🎶,V-292
What the Twat #revolution #wanted #aivoice #aimusicrevolution 📺🚨 #grock ETHICAL ALERT ‼️,1:01,https://www.youtube.com/watch?v=OHEZocOoNOk&list=PLmBA9ODM1xHNkz4xGSkiyAC--PDWFlTP_&index=293&pp=iAQB8AUBsAgC,bananasutra 🎶,V-293
How do you stay #sane in a world led by Machiavellian bullies—beside singing worries away⁉️ #maha,2:59,https://www.youtube.com/watch?v=3RIFjbfYG1Y&list=PLmBA9ODM1xHNkz4xGSkiyAC--PDWFlTP_&index=294&pp=iAQBsAQB8AUBsAgC,bananasutra 🎶,V-294
Doin’ nothing but(t) dream FOTUS CIRCUS’ just a #jazzy nightmare 🛸 #sensitivecontent #publicdomain,1:01,https://www.youtube.com/watch?v=PHxqUWTe3As&list=PLmBA9ODM1xHNkz4xGSkiyAC--PDWFlTP_&index=295&pp=iAQB8AUBsAgC,bananasutra 🎶,V-295
"I’m biased, bc I was raised under the French #constitution … but(t) #fraternity does matter ✌️🥸🏳️",2:54,https://www.youtube.com/watch?v=wDmTrKm7seI&list=PLmBA9ODM1xHNkz4xGSkiyAC--PDWFlTP_&index=296&t=49s&pp=iAQB8AUBsAgC,bananasutra 🎶,V-296
"God almighty, (please) tell me #why #queer is so wrong, scary, or dangerous? 🪕👼 #banjomusic",1:00,https://www.youtube.com/watch?v=EOMOe2xDriA&list=PLmBA9ODM1xHNkz4xGSkiyAC--PDWFlTP_&index=297&pp=iAQB8AUBsAgC,bananasutra 🎶,V-297
"This is #boburnham “What’s funny?” song, but(t) updated for #project2025 (ha) #questionsallowed",2:46,https://www.youtube.com/watch?v=zGPQT8Oqc7E&list=PLmBA9ODM1xHNkz4xGSkiyAC--PDWFlTP_&index=298&pp=iAQB8AUBsAgC,bananasutra 🎶,V-298
U didn’t read #project2025 yet bc u 1) don’t like #spoilers or are 2) an ostrich 3) dodo inside 🦤⁉️,2:59,https://www.youtube.com/watch?v=fqpjZhM0kps&list=PLmBA9ODM1xHNkz4xGSkiyAC--PDWFlTP_&index=299&t=54s&pp=iAQB8AUB0gcJCdkKAYcqIYzvsAgC,bananasutra 🎶,V-299
"I gotta confess, it’s true a duck can make life feel #hopelessly #notgreat 🦆🇺🇸💔📺🌫️ #bekind",2:41,https://www.youtube.com/watch?v=xA3pa3tE2aA&list=PLmBA9ODM1xHNkz4xGSkiyAC--PDWFlTP_&index=300&pp=iAQB8AUBsAgC,bananasutra 🎶,V-300
"“Serial Blowers” are human killers of faith, truth, trust, hope, i.e. our life #soul 🧢📺 #injustice",3:22,https://www.youtube.com/watch?v=pDrkiCyh7i4&list=PLmBA9ODM1xHNkz4xGSkiyAC--PDWFlTP_&index=301&pp=iAQB8AUBsAgC,bananasutra 🎶,V-301
"Baby, I’m a Fairy Tale (Dressed to Fly) 🧚‍♀️ FOLKsutra",3:27,https://www.youtube.com/watch?v=Az_vSujHEYg&list=PLmBA9ODM1xHNkz4xGSkiyAC--PDWFlTP_&index=302&pp=iAQB8AUBsAgC,bananasutra 🎶,V-302
“Too hard” is a song inspired by a #darling quote from #aldoushuxley #sunomusic #aivoice #authentic,2:43,https://www.youtube.com/watch?v=oP6HFWnSHAE&list=PLmBA9ODM1xHNkz4xGSkiyAC--PDWFlTP_&index=303&pp=iAQB8AUBsAgC,bananasutra 🎶,V-303
“Mass Media Freakshow” • Burlesque song lyrics inspired by a quote from Terrence #mckenna,3:31,https://www.youtube.com/watch?v=kjnTKE7cJ0Q&list=PLmBA9ODM1xHNkz4xGSkiyAC--PDWFlTP_&index=304&pp=iAQB8AUB0gcJCdkKAYcqIYzvsAgC,bananasutra 🎶,V-304
"In France, “Le Système” is also all about lying to #thepeople … why is that not a crime? 😈 #macron",2:12,https://www.youtube.com/watch?v=ODxdj80Km4Y&list=PLmBA9ODM1xHNkz4xGSkiyAC--PDWFlTP_&index=305&pp=iAQB8AUB0gcJCdkKAYcqIYzvsAgC,bananasutra 🎶,V-305
“Peace Unseen”—authentic ideals served with a jazzy FLOWsutra Banjo #Blues #Revolution song 🕊️💨,3:29,https://www.youtube.com/watch?v=JVkTjFgSHvM&list=PLmBA9ODM1xHNkz4xGSkiyAC--PDWFlTP_&index=306&pp=iAQB8AUBsAgC,bananasutra 🎶,V-306
"""Can you play win-win games, or no?"" - BANJOsutra bluesy FOLK song",2:01,https://www.youtube.com/watch?v=qqM34AryPgo&list=PLmBA9ODM1xHNkz4xGSkiyAC--PDWFlTP_&index=307&pp=iAQB8AUBsAgC,bananasutra 🎶,V-307
MAKA song encore (now served with a plastic straw;)🥤🧢 🛋️ Make America Kind Alright?!,3:33,https://www.youtube.com/watch?v=9ahLmxS2MfI&list=PLmBA9ODM1xHNkz4xGSkiyAC--PDWFlTP_&index=308&pp=iAQB8AUB0gcJCdkKAYcqIYzvsAgC,bananasutra 🎶,V-308
MAKA MAKA 📺🇺🇸 Meowrica,3:02,https://www.youtube.com/watch?v=SlFnql_KDfI&list=PLmBA9ODM1xHNkz4xGSkiyAC--PDWFlTP_&index=309&pp=iAQB8AUBsAgC,bananasutra 🎶,V-309
"Mourning the death of Federal Workers Bargaining #rights MAKA MAKA, please Make America Kind Amen 🙏",3:00,https://www.youtube.com/watch?v=MRQpN-qfjaQ&list=PLmBA9ODM1xHNkz4xGSkiyAC--PDWFlTP_&index=310&pp=iAQB8AUB0gcJCdkKAYcqIYzvsAgC,bananasutra 🎶,V-310
"Please, God, Make America #kind Alright? Knowledgeable helps too—oops, too late #educationmatters",2:20,https://www.youtube.com/watch?v=nkYXDADwZGI&list=PLmBA9ODM1xHNkz4xGSkiyAC--PDWFlTP_&index=311&t=9s&pp=iAQB8AUBsAgC,bananasutra 🎶,V-311
What’s (not) funny?… 📺🍌 Time to #GROWsutra Murica,3:14,https://www.youtube.com/watch?v=DNIyYI5WwHk&list=PLmBA9ODM1xHNkz4xGSkiyAC--PDWFlTP_&index=312&pp=iAQB8AUBsAgC,bananasutra 🎶,V-312
Education and 🌈 Blessing is the best I got about this fascist predicament we fell into 🏴‍☠️,3:12,https://www.youtube.com/watch?v=QFFvq0cPVUg&list=PLmBA9ODM1xHNkz4xGSkiyAC--PDWFlTP_&index=313&t=41s&pp=iAQB8AUBsAgC,bananasutra 🎶,V-313
Because FOTUS’s low opinion of Education means the people (that’s u & me) must contribute knowledge,3:31,https://www.youtube.com/watch?v=Qr4MkZpCfM0&list=PLmBA9ODM1xHNkz4xGSkiyAC--PDWFlTP_&index=314&pp=iAQB8AUBsAgC,bananasutra 🎶,V-314
"QOTD (ain’t funny, even it’s inspired from Bo Burnham’ song asking that question): what’s fascist?",3:05,https://www.youtube.com/watch?v=IsZAptrmbEg&list=PLmBA9ODM1xHNkz4xGSkiyAC--PDWFlTP_&index=315&pp=iAQB8AUBsAgC,bananasutra 🎶,V-315
“Okey dokey (no it's not)” 🥕📺,3:33,https://www.youtube.com/watch?v=bDgpd-RFbx8&list=PLmBA9ODM1xHNkz4xGSkiyAC--PDWFlTP_&index=316&pp=iAQB8AUBsAgC,bananasutra 🎶,V-316
"Make America #kind Alright⁉️ And #smart #safe and humane too, aka #woke already, oui oui #MAKA 🔫💦",1:58,https://www.youtube.com/watch?v=sNLtD806yCc&list=PLmBA9ODM1xHNkz4xGSkiyAC--PDWFlTP_&index=317&pp=iAQB8AUBsAgC,bananasutra 🎶,V-317
“Where Wonder Lies” • Philosophical Meditation on God • Bass Lullabies JAZZsutra,3:13,https://www.youtube.com/watch?v=eGcnXVXg1YQ&list=PLmBA9ODM1xHNkz4xGSkiyAC--PDWFlTP_&index=318&pp=iAQB8AUBsAgC,bananasutra 🎶,V-318
“Where Wonder Lies” • Folk Song inspired by Bertrand Russel on #religion • KNOWsutra Music Lounge 🤓,3:19,https://www.youtube.com/watch?v=6cF-BXqARSA&list=PLmBA9ODM1xHNkz4xGSkiyAC--PDWFlTP_&index=319&pp=iAQB8AUBsAgC,bananasutra 🎶,V-319
"“For Freee”, a Fabulous French Fable • Accordion 🪗 BURLESQUEsutra Tune",3:24,https://www.youtube.com/watch?v=T0vUcLHhqiQ&list=PLmBA9ODM1xHNkz4xGSkiyAC--PDWFlTP_&index=320&pp=iAQB8AUBsAgC,bananasutra 🎶,V-320
This is #notadrill 🫡 🚨 FOTUS always lied… but the #project2025 lies are proving to be #theworst,3:59,https://www.youtube.com/watch?v=csEWczB6A7E&list=PLmBA9ODM1xHNkz4xGSkiyAC--PDWFlTP_&index=321&pp=iAQB8AUBsAgC,bananasutra 🎶,V-321
"That #duck wobbled in like a con meme… Oh Murica, can pride feel shame❓Or y’all just sheeple twats⁉️",2:57,https://www.youtube.com/watch?v=0HBAn2v01v4&list=PLmBA9ODM1xHNkz4xGSkiyAC--PDWFlTP_&index=322&t=32s&pp=iAQB8AUBsAgC,bananasutra 🎶,V-322
Social media corporations forcing FelonDon & ElonTwat down my feed throat must STOP #metoomovement,1:50,https://www.youtube.com/watch?v=gYp79BPp97o&list=PLmBA9ODM1xHNkz4xGSkiyAC--PDWFlTP_&index=323&pp=iAQB8AUBsAgC,bananasutra 🎶,V-323
Rainbows in my clouds • Original Banjo Grace & Gratitude Lullaby • Bananasutra(GLOW) aiMusic 🕊️☁️🫧🌈,2:22,https://www.youtube.com/watch?v=eJw8l_THhsE&list=PLmBA9ODM1xHNkz4xGSkiyAC--PDWFlTP_&index=324&pp=iAQB8AUBsAgC,bananasutra 🎶,V-324
"Hey, You (Creepers) • Honest and Brave Folk Tale • Bananasutra(Blow) Authentic Imagination Music",2:10,https://www.youtube.com/watch?v=a83ETdzWBRg&list=PLmBA9ODM1xHNkz4xGSkiyAC--PDWFlTP_&index=325&pp=iAQB8AUBsAgC,bananasutra 🎶,V-325
Criminels • A Universal sutraFRENCH (his)Story Original Song,2:40,https://www.youtube.com/watch?v=n7vvX9tUBmE&list=PLmBA9ODM1xHNkz4xGSkiyAC--PDWFlTP_&index=326&pp=iAQB8AUBsAgC,bananasutra 🎶,V-326
Oooh so this 3min minimum YouTube vid update only applies to vertical videos 🪕🦋 #tellmeyourstory,2:47,https://www.youtube.com/watch?v=nhefbkj7xck&list=PLmBA9ODM1xHNkz4xGSkiyAC--PDWFlTP_&index=327&pp=iAQB8AUBsAgC,bananasutra 🎶,V-327
#QOTD: why did someone (lame) at #youtube decide NOT to allow users to preview videos upon upload?,1:01,https://www.youtube.com/watch?v=0rEKLPqBQjs&list=PLmBA9ODM1xHNkz4xGSkiyAC--PDWFlTP_&index=328&pp=iAQB8AUBsAgC,bananasutra 🎶,V-328
How to help a Bible bro grow up 🇺🇸 ️ @bananasutra Bible song lyrics #GROWsutra #aimusicrevolution,1:36,https://www.youtube.com/watch?v=KG5mA5C8PaY&list=PLmBA9ODM1xHNkz4xGSkiyAC--PDWFlTP_&index=329&pp=iAQB8AUBsAgC,bananasutra 🎶,V-329
Kindness Matters (more than ever...),2:53,https://www.youtube.com/watch?v=54ENl2L8UOo&list=PLmBA9ODM1xHNkz4xGSkiyAC--PDWFlTP_&index=330&t=7s&pp=iAQB8AUBsAgC,bananasutra 🎶,V-330
"Please be kind, like Apple customer service phone line said… #duhok #aimusic #blues #kindness",2:03,https://www.youtube.com/watch?v=nQqf0zi0Brs&list=PLmBA9ODM1xHNkz4xGSkiyAC--PDWFlTP_&index=331&pp=iAQB8AUB0gcJCdkKAYcqIYzvsAgC,bananasutra 🎶,V-331
"Fascist Tango, Down We Go (with Waldo)",2:54,https://www.youtube.com/watch?v=yWx-wMjkHeM&list=PLmBA9ODM1xHNkz4xGSkiyAC--PDWFlTP_&index=332&pp=iAQB8AUB0gcJCdkKAYcqIYzvsAgC,bananasutra 🎶,V-332
How to help Bible sheeples #GROWup … my prayer for dogma bananas to rest in peace 🕊️ #secularnews,1:36,https://www.youtube.com/watch?v=k8jN-GWM-zA&list=PLmBA9ODM1xHNkz4xGSkiyAC--PDWFlTP_&index=333&pp=iAQB8AUBsAgC,bananasutra 🎶,V-333
"Too hard, darling, too hard—said #aldoushuxley 😘",2:44,https://www.youtube.com/watch?v=stV7qCd71ec&list=PLmBA9ODM1xHNkz4xGSkiyAC--PDWFlTP_&index=334&pp=iAQB8AUBsAgC,bananasutra 🎶,V-334
❤️‍🔥🏴‍☠️ #aimusicrevolution,2:12,https://www.youtube.com/watch?v=JWxeijMS1kc&list=PLmBA9ODM1xHNkz4xGSkiyAC--PDWFlTP_&index=335&pp=iAQB8AUBsAgC,bananasutra 🎶,V-335
🎈👀🏴‍☠️ #aimusicrevolution,2:32,https://www.youtube.com/watch?v=nkDx0g8UGhg&list=PLmBA9ODM1xHNkz4xGSkiyAC--PDWFlTP_&index=336&pp=iAQB8AUBsAgC,bananasutra 🎶,V-336
"Oh cha cha cha, cette musique, c’est magnifique 🌙🎻 #unbranded #poetrylover #blessedbe dreamers",3:25,https://www.youtube.com/watch?v=aX912qVQ4AU&list=PLmBA9ODM1xHNkz4xGSkiyAC--PDWFlTP_&index=337&pp=iAQB8AUBsAgC,bananasutra 🎶,V-337
“Ain’t doing bad doing nothing” is one of the wonders found in the holy realm of #publicdomainmusic,2:42,https://www.youtube.com/watch?v=Ob2IvECibAI&list=PLmBA9ODM1xHNkz4xGSkiyAC--PDWFlTP_&index=338&pp=iAQB8AUBsAgC,bananasutra 🎶,V-338
“Dressed in Wonder”—a song about the fact social interpretations are often #fool of #bias 🎸🐇💨,2:43,https://www.youtube.com/watch?v=_RDvKHmERaU&list=PLmBA9ODM1xHNkz4xGSkiyAC--PDWFlTP_&index=339&pp=iAQB8AUBsAgC,bananasutra 🎶,V-339
"In my BananaSutra Bible, knowledge & kindness are sacred—zero tolerance for violence and #wars logic",4:00,https://www.youtube.com/watch?v=yFGs35gS38s&list=PLmBA9ODM1xHNkz4xGSkiyAC--PDWFlTP_&index=340&pp=iAQB8AUBsAgC,bananasutra 🎶,V-340
I wish FOTUS CIRCUS 🎪 was just a fictitious fantasy parody—but(t) this freaking nightmare is REAL 💔,2:03,https://www.youtube.com/watch?v=uxAVso_JJNY&list=PLmBA9ODM1xHNkz4xGSkiyAC--PDWFlTP_&index=341&pp=iAQB8AUB0gcJCdkKAYcqIYzvsAgC,bananasutra 🎶,V-341
"“Queer Almighty” is one of the first songs I ever wrote, and so very dear to my heart… pls #bekind",3:19,https://www.youtube.com/watch?v=VTtkDJfkMBg&list=PLmBA9ODM1xHNkz4xGSkiyAC--PDWFlTP_&index=342&pp=iAQB8AUBsAgC,bananasutra 🎶,V-342
"Bye #education 😭🌈 Hi, increased #poverty & #crimerate 🇺🇸🍏 SAD #surrealism #makeamericasafeagain",2:50,https://www.youtube.com/watch?v=zV2Ix28etPQ&list=PLmBA9ODM1xHNkz4xGSkiyAC--PDWFlTP_&index=343&pp=iAQB8AUB0gcJCdkKAYcqIYzvsAgC,bananasutra 🎶,V-343
FOTUS CIRCUS 🎪 Make America Humane Again #maha • #unbranded Accordion BURLESQUEsutra,3:20,https://www.youtube.com/watch?v=T3B5fkrnEaI&list=PLmBA9ODM1xHNkz4xGSkiyAC--PDWFlTP_&index=344&pp=iAQB8AUBsAgC,bananasutra 🎶,V-344
FIX SOUND !!! Reason over Reverence (wip title) • Lyrics inspired by Bertrand Russel 1929 essay on,2:05,https://www.youtube.com/watch?v=_ns7iu474nw&list=PLmBA9ODM1xHNkz4xGSkiyAC--PDWFlTP_&index=345&pp=iAQBsAQB8AUBsAgC,bananasutra 🎶,V-345
"FOTUS CIRCUS: Angel Eyes, Devil’s lies… inspired by Allen Ginsberg, George Orwell, and Emma Goldman*",3:22,https://www.youtube.com/watch?v=qGH9i8ugQDc&list=PLmBA9ODM1xHNkz4xGSkiyAC--PDWFlTP_&index=346&pp=iAQB8AUBsAgC,bananasutra 🎶,V-346
"Making songs like others meditate, flex, or pray • DUBsutra Music",3:27,https://www.youtube.com/watch?v=pmuGJtMOLns&list=PLmBA9ODM1xHNkz4xGSkiyAC--PDWFlTP_&index=347&pp=iAQB8AUB0gcJCdkKAYcqIYzvsAgC,bananasutra 🎶,V-347
What is the root of all evil? Liars aka Narcissistic Control Addicts with No Empathy nor Integrity,4:01,https://www.youtube.com/watch?v=F-4WhgPM1Ko&list=PLmBA9ODM1xHNkz4xGSkiyAC--PDWFlTP_&index=348&pp=iAQB8AUBsAgC,bananasutra 🎶,V-348
PSA: GROCK AI is a tool of Narcissistic Authoritarian Zealotry Indoctrination 🚨,3:06,https://www.youtube.com/watch?v=ZWMGC4_ujGo&list=PLmBA9ODM1xHNkz4xGSkiyAC--PDWFlTP_&index=349&pp=iAQB8AUBsAgC,bananasutra 🎶,V-349
GROCK ALERT 🚨 Pls beware (IMHO) Musk’s AI Bot is an Unethical Weapon of Rethorical Mind Manipulation,2:27,https://www.youtube.com/watch?v=psJpwQBR-tI&list=PLmBA9ODM1xHNkz4xGSkiyAC--PDWFlTP_&index=350&pp=iAQB8AUBsAgC,bananasutra 🎶,V-350
Whack-A-Schmuck-Woke • Not Recommended for Moronic Homophob!c Egotistic Catholic Hacks • BLUESsutra,3:15,https://www.youtube.com/watch?v=Q3bdOgV1aF0&list=PLmBA9ODM1xHNkz4xGSkiyAC--PDWFlTP_&index=351&pp=iAQB8AUBsAgC,bananasutra 🎶,V-351
Invisible Man in the Sky ⭐︎ George Carlin's Blessing ⭐︎ Holy Gospel BLUESutra,3:25,https://www.youtube.com/watch?v=sZu4mtuOwgQ&list=PLmBA9ODM1xHNkz4xGSkiyAC--PDWFlTP_&index=352&pp=iAQB8AUBsAgC,bananasutra 🎶,V-352
"On the “Origins of Totalitarianism”, and that time Hannah Arendt sung on Dunes—the rest is #history",3:16,https://www.youtube.com/watch?v=EdXp7jLfe6M&list=PLmBA9ODM1xHNkz4xGSkiyAC--PDWFlTP_&index=353&pp=iAQB8AUB0gcJCdkKAYcqIYzvsAgC,bananasutra 🎶,V-353
Project 2025 Vol. 2: Why You Lie (to the People’s Face)? • FOTUS CIRCUS • FOLKsutra,3:00,https://www.youtube.com/watch?v=6DSspHQO32k&list=PLmBA9ODM1xHNkz4xGSkiyAC--PDWFlTP_&index=354&pp=iAQB8AUBsAgC,bananasutra 🎶,V-354
"America, when will you be angelic (once poetically asked Allen Ginsberg)? #FOTUScircus 📺🔥🦆🇺🇸💨",2:45,https://www.youtube.com/watch?v=SyD1wJTmgos&list=PLmBA9ODM1xHNkz4xGSkiyAC--PDWFlTP_&index=355&pp=iAQB8AUBsAgC,bananasutra 🎶,V-355
(Very) UN-ethical AI BOT ALERT • GROCK DGAF • BURLESQUEsutra 🍏🍌📺🚨👽💨,3:14,https://www.youtube.com/watch?v=kfo421HX5sg&list=PLmBA9ODM1xHNkz4xGSkiyAC--PDWFlTP_&index=356&t=31s&pp=iAQB8AUBsAgC,bananasutra 🎶,V-356
WHACK-A-DUCK • FOTUS CIRCUS • QUACKsutra,2:38,https://www.youtube.com/watch?v=6oR-anwKzEA&list=PLmBA9ODM1xHNkz4xGSkiyAC--PDWFlTP_&index=357&pp=iAQB8AUBsAgC,bananasutra 🎶,V-357
CHUCK-A-D!CK (I mean a MUSK) 📺🙈 PLEASE HELP 🚫⁉️,3:05,https://www.youtube.com/watch?v=_xRJPg9FlFM&list=PLmBA9ODM1xHNkz4xGSkiyAC--PDWFlTP_&index=358&pp=iAQB8AUBsAgC,bananasutra 🎶,V-358
FOTUS CIRCUS ™ Lament 📺 🛋️ BURLESQUEsutra Surreal Living Room Edition,3:25,https://www.youtube.com/watch?v=F8GrhuWNWrk&list=PLmBA9ODM1xHNkz4xGSkiyAC--PDWFlTP_&index=359&pp=iAQB8AUBsAgC,bananasutra 🎶,V-359
"Why, Bro? War Woes FAQ • BURLESQUEsutra Moscow Rooftop Cabaret 🎻🔥",3:00,https://www.youtube.com/watch?v=sIITiAoF0E8&list=PLmBA9ODM1xHNkz4xGSkiyAC--PDWFlTP_&index=360&pp=iAQB8AUBsAgC,bananasutra 🎶,V-360
Word of the year(s) 🚽🙃📺 En•shit•ifi•cation PsyHop LoFiSUTRA,4:01,https://www.youtube.com/watch?v=3t3Mq-QICzw&list=PLmBA9ODM1xHNkz4xGSkiyAC--PDWFlTP_&index=361&pp=iAQB8AUBsAgC,bananasutra 🎶,V-361
"Alors, comment on dit “seggsting” en Français? Anonymous DUBstep LO-Fi 😽🤳",3:11,https://www.youtube.com/watch?v=jMp1OAy8drM&list=PLmBA9ODM1xHNkz4xGSkiyAC--PDWFlTP_&index=362&pp=iAQB8AUBsAgC,bananasutra 🎶,V-362
Sunday Seggsting Tango Dream (en Français),3:11,https://www.youtube.com/watch?v=BO1mHGeFjJA&list=PLmBA9ODM1xHNkz4xGSkiyAC--PDWFlTP_&index=363&pp=iAQB8AUBsAgC,bananasutra 🎶,V-363
Peace Unseen • Banjo Blues FLOWsutra,3:29,https://www.youtube.com/watch?v=Mz4wS5lEAO8&list=PLmBA9ODM1xHNkz4xGSkiyAC--PDWFlTP_&index=364&pp=iAQB8AUBsAgC,bananasutra 🎶,V-364
Feel di Riddim • Lyrics inspired by #bertrandrussell 1929 essay on religion (amen),3:06,https://www.youtube.com/watch?v=wxDjXn2LVdo&list=PLmBA9ODM1xHNkz4xGSkiyAC--PDWFlTP_&index=365&pp=iAQB8AUB0gcJCdkKAYcqIYzvsAgC,bananasutra 🎶,V-365
As FOTUS Circus Dogelon Trusk TWATs teams continue to plow (and salute) and the people just watch 📺🚨,3:59,https://www.youtube.com/watch?v=bDeJjayZsoM&list=PLmBA9ODM1xHNkz4xGSkiyAC--PDWFlTP_&index=366&pp=iAQB8AUBsAgC,bananasutra 🎶,V-366
PSA: False Positive Music Copyright Claims are Trending and the burden to prove ‘em wrong is on us!,2:00,https://www.youtube.com/watch?v=6V_gcc6W33E&list=PLmBA9ODM1xHNkz4xGSkiyAC--PDWFlTP_&index=367&pp=iAQB8AUBsAgC,bananasutra 🎶,V-367
Linguistic Weaponry à la Romani • Yeah Dropping 💣 lyrics inspired by George Carlin’s 7 Dirty Words,3:05,https://www.youtube.com/watch?v=bytpSK2dQUY&list=PLmBA9ODM1xHNkz4xGSkiyAC--PDWFlTP_&index=368&pp=iAQB8AUBsAgC,bananasutra 🎶,V-368
FOTUS CIRCUS ™ Laughing Louder than the Laws • BURLESQUEsutra,3:59,https://www.youtube.com/watch?v=5XbBddhYHBo&list=PLmBA9ODM1xHNkz4xGSkiyAC--PDWFlTP_&index=369&t=23s&pp=iAQB8AUBsAgC,bananasutra 🎶,V-369
FOTUS CIRCUS ™ Plastic Straw Sh!tshow • BURLESQUEsutra,3:09,https://www.youtube.com/watch?v=I5n6QEPBDCI&list=PLmBA9ODM1xHNkz4xGSkiyAC--PDWFlTP_&index=370&pp=iAQB8AUBsAgC,bananasutra 🎶,V-370
Hey can we talk (why wars) • JAZZsutra,3:01,https://www.youtube.com/watch?v=9lxf862x5cU&list=PLmBA9ODM1xHNkz4xGSkiyAC--PDWFlTP_&index=371&pp=iAQB8AUBsAgC,bananasutra 🎶,V-371
Serial Blowers—it’s like serial k!llers but(t) from an ethical POV,3:26,https://www.youtube.com/watch?v=DyN09cr7G8A&list=PLmBA9ODM1xHNkz4xGSkiyAC--PDWFlTP_&index=372&pp=iAQB8AUBsAgC,bananasutra 🎶,V-372
Nothing like a wet peaches blues 🍌📺,2:45,https://www.youtube.com/watch?v=1_0YnMCmPqo&list=PLmBA9ODM1xHNkz4xGSkiyAC--PDWFlTP_&index=373&pp=iAQB8AUBsAgC,bananasutra 🎶,V-373
Find the differences 🪕🤖 BLUESsutra,2:42,https://www.youtube.com/watch?v=KwDWmhVKgeg&list=PLmBA9ODM1xHNkz4xGSkiyAC--PDWFlTP_&index=374&pp=iAQB8AUBsAgC,bananasutra 🎶,V-374
Public Domain Duckin’ Banjo Head • BLUESsutra 🦆💨,3:33,https://www.youtube.com/watch?v=_QkjuMCFO4o&list=PLmBA9ODM1xHNkz4xGSkiyAC--PDWFlTP_&index=375&pp=iAQB8AUBsAgC,bananasutra 🎶,V-375
"Just so we’re all clear on the official #wordoftheyear 2024, you know? 🍌",2:00,https://www.youtube.com/watch?v=56tBW1P8gW4&list=PLmBA9ODM1xHNkz4xGSkiyAC--PDWFlTP_&index=376&pp=iAQB8AUBsAgC,bananasutra 🎶,V-376
I did the math and everything is stupid spirit 💫,4:00,https://www.youtube.com/watch?v=eSVsHkccwwE&list=PLmBA9ODM1xHNkz4xGSkiyAC--PDWFlTP_&index=377&t=58s&pp=iAQB8AUBsAgC,bananasutra 🎶,V-377
Dream a Dog : FOLKsutra,3:30,https://www.youtube.com/watch?v=MGkTpm5R3uM&list=PLmBA9ODM1xHNkz4xGSkiyAC--PDWFlTP_&index=378&pp=iAQB8AUBsAgC,bananasutra 🎶,V-378
Sundays are for musette reflection 🐦‍⬛📺🍂,3:29,https://www.youtube.com/watch?v=zLMdIFeKnf4&list=PLmBA9ODM1xHNkz4xGSkiyAC--PDWFlTP_&index=379&pp=iAQB8AUBsAgC,bananasutra 🎶,V-379
QOTD: Do bombs have logos or flags on ‘em (before they k!ll) 📺🦔💣❔,2:37,https://www.youtube.com/watch?v=omdPPeVeuag&list=PLmBA9ODM1xHNkz4xGSkiyAC--PDWFlTP_&index=380&pp=iAQB8AUBsAgC,bananasutra 🎶,V-380
Why War Woes psyLOFIsutra (it kicks in after 1:30 oh why) #waitforit,3:01,https://www.youtube.com/watch?v=-umN6Iv1oPc&list=PLmBA9ODM1xHNkz4xGSkiyAC--PDWFlTP_&index=381&pp=iAQB8AUBsAgC,bananasutra 🎶,V-381
Augmented Banksy Wisdom Fantasy #thepsychos (for voice over),0:06,https://www.youtube.com/watch?v=JWwgO5YWtoM&list=PLmBA9ODM1xHNkz4xGSkiyAC--PDWFlTP_&index=382&pp=iAQB8AUB0gcJCdkKAYcqIYzvsAgC,Celine Nadeau,V-382
2024-06-13 0:00:00,3:21,https://www.youtube.com/watch?v=fEaxHB4euXQ&list=PLmBA9ODM1xHNkz4xGSkiyAC--PDWFlTP_&index=383&pp=iAQB8AUBsAgC,Mona Lala,V-383
QOTD: How do kids learn about respect and fraternity now? 🤠🪗💨 #felonnation,2:54,https://www.youtube.com/watch?v=0OY4VSdl60Q&list=PLmBA9ODM1xHNkz4xGSkiyAC--PDWFlTP_&index=384&pp=iAQB8AUBsAgC,bananasutra 🎶,V-384
Why we (all) be #fools • FOLKsutra,3:30,https://www.youtube.com/watch?v=t1oDsBWYlAU&list=PLmBA9ODM1xHNkz4xGSkiyAC--PDWFlTP_&index=385&pp=iAQB8AUBsAgC,bananasutra 🎶,V-385
Bertrand Russel asked “Has Religion Contributed Anything Useful to Civilization?” 💌 🎧 🕊️,2:21,https://www.youtube.com/watch?v=sDrjmXoZxio&list=PLmBA9ODM1xHNkz4xGSkiyAC--PDWFlTP_&index=386&pp=iAQB8AUBsAgC,bananasutra 🎶,V-386
Do I need to talk to the Suno Public Domain manager for ‘em to stop incorrect copyright claims ⁉️🙄,3:32,https://www.youtube.com/watch?v=gwWOCf3yuN8&list=PLmBA9ODM1xHNkz4xGSkiyAC--PDWFlTP_&index=387&pp=iAQB8AUBsAgC,bananasutra 🎶,V-387
"Meanwhile, imagine that : now all rêveurs, râleurs, storytellers, and whatchamacalit can sing 🙌",3:17,https://www.youtube.com/watch?v=2nEpIkxCiJw&list=PLmBA9ODM1xHNkz4xGSkiyAC--PDWFlTP_&index=388&pp=iAQB8AUBsAgC,bananasutra 🎶,V-388
Sometimes it feels like no one dares to care for what’s unknown (the best part obviously:),3:30,https://www.youtube.com/watch?v=Cvy7dGLcZiA&list=PLmBA9ODM1xHNkz4xGSkiyAC--PDWFlTP_&index=389&pp=iAQB8AUB0gcJCdkKAYcqIYzvsAgC,bananasutra 🎶,V-389
Can we talk about FOTUS hardcore lying to the people’s face about his “Project 2025” plans?? ⁉️🤥,3:17,https://www.youtube.com/watch?v=MxMktpwWYik&list=PLmBA9ODM1xHNkz4xGSkiyAC--PDWFlTP_&index=390&pp=iAQB8AUBsAgC,bananasutra 🎶,V-390
Project 2025 Matters: “Why You Lie (to the People’s face)?” 🇺🇸👺,2:49,https://www.youtube.com/watch?v=1qRne9-DHmU&list=PLmBA9ODM1xHNkz4xGSkiyAC--PDWFlTP_&index=391&pp=iAQB8AUBsAgC,bananasutra 🎶,V-391
“Strolling Down History Lane” • Piano INDIEsutra,4:00,https://www.youtube.com/watch?v=iPGftrx2FUY&list=PLmBA9ODM1xHNkz4xGSkiyAC--PDWFlTP_&index=392&pp=iAQB8AUBsAgC,bananasutra 🎶,V-392
GROCK AI (Bleak Biased BS) Awareness Initiative: Accountable Innovation requires Authentic Integrity,3:47,https://www.youtube.com/watch?v=vVR6h0ZbZxQ&list=PLmBA9ODM1xHNkz4xGSkiyAC--PDWFlTP_&index=393&t=33s&pp=iAQB8AUBsAgC,bananasutra 🎶,V-393
“Liars” • Authentic Illogisms of a World Gone Bananas • PianoSUTRA,4:01,https://www.youtube.com/watch?v=nzsc1mzVCfM&list=PLmBA9ODM1xHNkz4xGSkiyAC--PDWFlTP_&index=394&pp=iAQB8AUBsAgC,bananasutra 🎶,V-394
“For Freee” 🔞🍟 une vieille histoire universelle de sale Oh part qui se repète partout dans le monde,3:24,https://www.youtube.com/watch?v=I-e6rr2gRoU&list=PLmBA9ODM1xHNkz4xGSkiyAC--PDWFlTP_&index=395&pp=iAQB8AUBsAgC,bananasutra 🎶,V-395
Gratefool this (pre-election) Disney Jungle Book Don-Be-Gone prayer song still cracks me up 🍌🦧,2:12,https://www.youtube.com/watch?v=UKbImTXNh6g&list=PLmBA9ODM1xHNkz4xGSkiyAC--PDWFlTP_&index=396&pp=iAQB8AUBsAgC,bananasutra 🎶,V-396
PS: All “Shades of Fools” matter—because it’s the only #truecolors 🍏📺😶‍🌫️🧠,3:24,https://www.youtube.com/watch?v=J6EdR1-VNkw&list=PLmBA9ODM1xHNkz4xGSkiyAC--PDWFlTP_&index=397&pp=iAQB8AUBsAgC,bananasutra 🎶,V-397
“The Invisible Man in the Sky” is inspired by and dedicated to George Carlin’s brave twinkles 🏴‍☠️,2:25,https://www.youtube.com/watch?v=sNUeoAefB6o&list=PLmBA9ODM1xHNkz4xGSkiyAC--PDWFlTP_&index=398&pp=iAQB8AUBsAgC,bananasutra 🎶,V-398
Praying for ducks—an innocent species defamed as the symbolic mascot of humpty dumpty ego-fascism 😳🚨,3:33,https://www.youtube.com/watch?v=Ejdix0jIk3s&list=PLmBA9ODM1xHNkz4xGSkiyAC--PDWFlTP_&index=399&pp=iAQB8AUBsAgC,bananasutra 🎶,V-399
"Murica dunno the meaning of a rule of law, double-standards, or even right vs. wrong 🎪🦆💨 #truestory",3:14,https://www.youtube.com/watch?v=nC5u32rNUHI&list=PLmBA9ODM1xHNkz4xGSkiyAC--PDWFlTP_&index=400&pp=iAQB8AUBsAgC,bananasutra 🎶,V-400
Watch MAWA MAWA BANJOsutra Ma prove ageism is just like sexism and racism—i.e. made of bias 🪕 #WOKE,3:37,https://www.youtube.com/watch?v=55Rxmw4804k&list=PLmBA9ODM1xHNkz4xGSkiyAC--PDWFlTP_&index=401&pp=iAQB8AUBsAgC,bananasutra 🎶,V-401
"Hello, Oh No (please beware of fake Prometheus) • DIY music • DUBsutra 👽🍌",3:40,https://www.youtube.com/watch?v=16ncERFAqcM&list=PLmBA9ODM1xHNkz4xGSkiyAC--PDWFlTP_&index=402&pp=iAQB8AUBsAgC,bananasutra 🎶,V-402
"Serial Blowers Matter, a prayer in a song that goes beyond the twilight twats zone • DUBsutra music",3:27,https://www.youtube.com/watch?v=KDcTskBAjPM&list=PLmBA9ODM1xHNkz4xGSkiyAC--PDWFlTP_&index=403&pp=iAQB8AUBsAgC,bananasutra 🎶,V-403
"Felon Nation is such blasphemy, my humanist conscience just won’t STFU about double duck standards.",3:14,https://www.youtube.com/watch?v=9YJGGP7OCyM&list=PLmBA9ODM1xHNkz4xGSkiyAC--PDWFlTP_&index=404&pp=iAQB8AUBsAgC,bananasutra 🎶,V-404
"Okey Ducky, No It’s Not—in Felon Nation, Fascism ain’t fake news Sir 🐇 it is #truecrime #BLOWsutra",2:28,https://www.youtube.com/watch?v=VSKoG32jrTc&list=PLmBA9ODM1xHNkz4xGSkiyAC--PDWFlTP_&index=405&pp=iAQB8AUBsAgC,bananasutra 🎶,V-405
… #allIwish ain’t cocksure fairy Valentine fantasy but(t) remember the glory of #peaceful humility?,1:01,https://www.youtube.com/watch?v=i3PpqMWsCAU&list=PLmBA9ODM1xHNkz4xGSkiyAC--PDWFlTP_&index=406&pp=iAQB8AUBsAgC,bananasutra 🎶,V-406
"FOTUS Circus : lyrics inspired by the revolutionary poetry of Twain, Wilde, Orwell, & Ginsberg 🎪",2:12,https://www.youtube.com/watch?v=LLXP778Gt0s&list=PLmBA9ODM1xHNkz4xGSkiyAC--PDWFlTP_&index=407&pp=iAQB8AUBsAgC,bananasutra 🎶,V-407
Dog Gone (blue balls) Wicked,3:01,https://www.youtube.com/watch?v=5WOBXVQRhAQ&list=PLmBA9ODM1xHNkz4xGSkiyAC--PDWFlTP_&index=408&pp=iAQB8AUBsAgC,bananasutra 🎶,V-408
"Jolly Wicked Dawg, an old #BLOWsutra story",3:19,https://www.youtube.com/watch?v=xeqtMTAofKQ&list=PLmBA9ODM1xHNkz4xGSkiyAC--PDWFlTP_&index=409&pp=iAQB8AUBsAgC,bananasutra 🎶,V-409
"Can you play win-win games, or no? (The most important question, in a world gone bananas 🍌)",3:07,https://www.youtube.com/watch?v=re1D3-hWzts&list=PLmBA9ODM1xHNkz4xGSkiyAC--PDWFlTP_&index=410&pp=iAQB8AUBsAgC,bananasutra 🎶,V-410
"Hush dreams or shush nightmares, the choice depends on our ability to respect each others…",3:33,https://www.youtube.com/watch?v=QMaxq0XhyRk&list=PLmBA9ODM1xHNkz4xGSkiyAC--PDWFlTP_&index=411&pp=iAQB8AUB0gcJCdkKAYcqIYzvsAgC,bananasutra 🎶,V-411
How to help a righteous god-fearing so-called pro-life bro hear how women feel about Bible bullies 🔥,3:26,https://www.youtube.com/watch?v=Tl1KbppJVls&list=PLmBA9ODM1xHNkz4xGSkiyAC--PDWFlTP_&index=412&t=37s&pp=iAQB8AUB0gcJCdkKAYcqIYzvsAgC,bananasutra 🎶,V-412
"Tell your Truth, Kids, before you can’t—and please be kind, for peace sake ☮️ #bananasutra #blues",3:32,https://www.youtube.com/watch?v=-CeGRjsuUsc&list=PLmBA9ODM1xHNkz4xGSkiyAC--PDWFlTP_&index=413&pp=iAQB8AUBsAgC,bananasutra 🎶,V-413
"Nothing like a cool crisp day, here in the dear SF Bay 🍏🐇🍌👀",3:08,https://www.youtube.com/watch?v=-NAlhhfFoiw&list=PLmBA9ODM1xHNkz4xGSkiyAC--PDWFlTP_&index=414&pp=iAQB8AUBsAgC,bananasutra 🎶,V-414
"This is Planet Earth to Higher Grounds, What have we done now? Oh no…",3:45,https://www.youtube.com/watch?v=gBx9xXoczdY&list=PLmBA9ODM1xHNkz4xGSkiyAC--PDWFlTP_&index=415&pp=iAQB8AUBsAgC,bananasutra 🎶,V-415
"Real gods are humble, curious, and kind—not pompous, envious, or righteous… all agnostics know THAT!",4:01,https://www.youtube.com/watch?v=CHCDS1cfVv4&list=PLmBA9ODM1xHNkz4xGSkiyAC--PDWFlTP_&index=416&pp=iAQB8AUBsAgC,bananasutra 🎶,V-416
"PSA: happiness is kind… Kindness lyrics ©️ BananaSutra, a song inspired by Naomi Shihab Nye’s poem.",3:09,https://www.youtube.com/watch?v=eaq2msyomYo&list=PLmBA9ODM1xHNkz4xGSkiyAC--PDWFlTP_&index=417&pp=iAQB8AUBsAgC,bananasutra 🎶,V-417
"Somewhere in the Wild United Dreams Universe, Banjo matters…",3:33,https://www.youtube.com/watch?v=qmtI1FMCkIo&list=PLmBA9ODM1xHNkz4xGSkiyAC--PDWFlTP_&index=418&pp=iAQB8AUBsAgC,bananasutra 🎶,V-418
“We Are The World” ☆ Remember that song? This is an existential French trip hop LO-FI version of it.,2:42,https://www.youtube.com/watch?v=xms6QfZQf2U&list=PLmBA9ODM1xHNkz4xGSkiyAC--PDWFlTP_&index=419&pp=iAQB8AUB0gcJCdkKAYcqIYzvsAgC,bananasutra 🎶,V-419
"Blessed Be Your Voice ☆ ROCKsutra (Let's Make America Blessed Again, please! Like ASAP, ok?;)",2:12,https://www.youtube.com/watch?v=cL8Id15leJY&list=PLmBA9ODM1xHNkz4xGSkiyAC--PDWFlTP_&index=420&pp=iAQB8AUBsAgC,bananasutra 🎶,V-420
"Male Fantasies ☆ LOFIsutra trip hop song inspired by Margaret Atwood, with love from San Francisco 🌁",3:29,https://www.youtube.com/watch?v=bQyvgpFWPVI&list=PLmBA9ODM1xHNkz4xGSkiyAC--PDWFlTP_&index=421&pp=iAQB8AUBsAgC,bananasutra 🎶,V-421
Fake News Dream Machine: imagine a cruel Felon King magically turned Kind (PSA: NEVER happenin’ ;),3:13,https://www.youtube.com/watch?v=R55sW_ND2xg&list=PLmBA9ODM1xHNkz4xGSkiyAC--PDWFlTP_&index=422&pp=iAQB8AUBsAgC,bananasutra 🎶,V-422
Male Fantasies DUB • Lyrics inspired by a Margaret Atwood quote • bananasutra production,3:29,https://www.youtube.com/watch?v=1W1K2xBfcNo&list=PLmBA9ODM1xHNkz4xGSkiyAC--PDWFlTP_&index=423&pp=iAQB8AUB0gcJCdkKAYcqIYzvsAgC,bananasutra 🎶,V-423
Project 2025 on my mind • #unbranded KNOWsutra bible cabaret • GOSPEL,3:28,https://www.youtube.com/watch?v=GxMcjM_CllA&list=PLmBA9ODM1xHNkz4xGSkiyAC--PDWFlTP_&index=424&pp=iAQB8AUBsAgC,bananasutra 🎶,V-424
Self-remembering • Meditation inspired by Dr. Charles Tart • DRUMsutra,3:54,https://www.youtube.com/watch?v=CotL8_owNEs&list=PLmBA9ODM1xHNkz4xGSkiyAC--PDWFlTP_&index=425&pp=iAQB8AUBsAgC,bananasutra 🎶,V-425
Make songs not bongs 🪕📺🐸💡,3:39,https://www.youtube.com/watch?v=XKHiK-rMl-Y&list=PLmBA9ODM1xHNkz4xGSkiyAC--PDWFlTP_&index=426&pp=iAQB8AUBsAgC,bananasutra 🎶,V-426
Self-Remembering • A True Meditation Story inspired by Dr Charles Tart • JAZZsutra,3:33,https://www.youtube.com/watch?v=oRn6ewm9vfA&list=PLmBA9ODM1xHNkz4xGSkiyAC--PDWFlTP_&index=427&pp=iAQB8AUBsAgC,bananasutra 🎶,V-427
You name it…,3:34,https://www.youtube.com/watch?v=e1jQbFiNJEU&list=PLmBA9ODM1xHNkz4xGSkiyAC--PDWFlTP_&index=428&pp=iAQB8AUBsAgC,bananasutra 🎶,V-428
Kindness ABC (winners are kind) • KIDsutra,2:51,https://www.youtube.com/watch?v=mCUsefIT94A&list=PLmBA9ODM1xHNkz4xGSkiyAC--PDWFlTP_&index=429&pp=iAQB8AUB0gcJCdkKAYcqIYzvsAgC,bananasutra 🎶,V-429
Queer Almighty • DUB prayer • KNOWsutra (questions matter),3:19,https://www.youtube.com/watch?v=dXtpP8PSL8w&list=PLmBA9ODM1xHNkz4xGSkiyAC--PDWFlTP_&index=430&pp=iAQB8AUBsAgC,bananasutra 🎶,V-430
The world we knew • Sinatra Public Domain Lyrics • bananasutra production (heaven),1:53,https://www.youtube.com/watch?v=rHFK9gBeeEY&list=PLmBA9ODM1xHNkz4xGSkiyAC--PDWFlTP_&index=431&pp=iAQB8AUBsAgC,bananasutra 🎶,V-431
The Weary Blues • Public Domain Lyrics • BLUESsutra,3:20,https://www.youtube.com/watch?v=b8JeousZ2Ow&list=PLmBA9ODM1xHNkz4xGSkiyAC--PDWFlTP_&index=432&pp=iAQB8AUBsAgC,bananasutra 🎶,V-432
Why Wars? Predators—a highly common personality type fostered by a total lack of ethical standards 💨,3:05,https://www.youtube.com/watch?v=4qCNg79Vfgw&list=PLmBA9ODM1xHNkz4xGSkiyAC--PDWFlTP_&index=433&pp=iAQB8AUBsAgC,bananasutra 🎶,V-433
"F.O.T.U.S. CIRCUS : Angel Eyes, Devil’s Lies",3:31,https://www.youtube.com/watch?v=OY22mMHWTOE&list=PLmBA9ODM1xHNkz4xGSkiyAC--PDWFlTP_&index=434&pp=iAQB8AUB0gcJCdkKAYcqIYzvsAgC,bananasutra 🎶,V-434
Meet Dolon Trusk 🎪 ROCKsutra,2:12,https://www.youtube.com/watch?v=gMxZcn2ZLEY&list=PLmBA9ODM1xHNkz4xGSkiyAC--PDWFlTP_&index=435&pp=iAQB8AUBsAgC,bananasutra 🎶,V-435
🎪🎶☁️,3:31,https://www.youtube.com/watch?v=d9OvzBZ-cs4&list=PLmBA9ODM1xHNkz4xGSkiyAC--PDWFlTP_&index=436&pp=iAQB8AUBsAgC,bananasutra 🎶,V-436
"FOTUS Circus 🎪 aka the Tyranny of Ignorance that unalived me, and so many… #asseenontv",3:25,https://www.youtube.com/watch?v=gudenIaBT3U&list=PLmBA9ODM1xHNkz4xGSkiyAC--PDWFlTP_&index=437&t=21s&pp=iAQB8AUB0gcJCdkKAYcqIYzvsAgC,bananasutra 🎶,V-437
📺 🕊️❤️ #madewithlove,3:03,https://www.youtube.com/watch?v=QZ-GbSna-lM&list=PLmBA9ODM1xHNkz4xGSkiyAC--PDWFlTP_&index=438&pp=iAQB8AUBsAgC,bananasutra 🎶,V-438
"I like this song, too… you?",3:20,https://www.youtube.com/watch?v=HQQHubV5PC4&list=PLmBA9ODM1xHNkz4xGSkiyAC--PDWFlTP_&index=439&pp=iAQB8AUBsAgC,bananasutra 🎶,V-439
"Do you make songs your head too?… I’ll share one, you share one :)",3:25,https://www.youtube.com/watch?v=FuY91j9FUVc&list=PLmBA9ODM1xHNkz4xGSkiyAC--PDWFlTP_&index=440&pp=iAQB8AUBsAgC,bananasutra 🎶,V-440
Hard Core 🦆💨,3:26,https://www.youtube.com/watch?v=92P_ius2eLs&list=PLmBA9ODM1xHNkz4xGSkiyAC--PDWFlTP_&index=441&pp=iAQB8AUBsAgC,bananasutra 🎶,V-441
In Zappa’s World (we all can move) • Bananasutra JAZZ Burlesque Cabaret • Sunday sutraSHOW prayer,1:33,https://www.youtube.com/watch?v=6SUGKyfOF1M&list=PLmBA9ODM1xHNkz4xGSkiyAC--PDWFlTP_&index=442&pp=iAQB8AUB0gcJCdkKAYcqIYzvsAgC,bananasutra 🎶,V-442
Do you ever wonder? • Jazzy BananaBible Story • SutraKNOW Cabaret,2:35,https://www.youtube.com/watch?v=UAQ9Pg59IfM&list=PLmBA9ODM1xHNkz4xGSkiyAC--PDWFlTP_&index=443&pp=iAQB8AUBsAgC,bananasutra 🎶,V-443
"Hi, my name is (not Céline Dion) • BananasutraSHOW Name Tag Jazz (true funny story:)",2:25,https://www.youtube.com/watch?v=gLCUUrgGsm8&list=PLmBA9ODM1xHNkz4xGSkiyAC--PDWFlTP_&index=444&t=6s&pp=iAQB8AUBsAgC,bananasutra 🎶,V-444
Nietzsche’s Gift V2 • Hypnotic Jazz LOFI • Bananasutra(KNOW) Philosophy Songwriting is like heaven,3:04,https://www.youtube.com/watch?v=lVdss6i77Es&list=PLmBA9ODM1xHNkz4xGSkiyAC--PDWFlTP_&index=445&pp=iAQB8AUBsAgC,bananasutra 🎶,V-445
Flow like water • sutraFLOW reggae • inspired by and dedicated to Bruce Lee (my friend:),2:12,https://www.youtube.com/watch?v=UQ3Z92hgBMY&list=PLmBA9ODM1xHNkz4xGSkiyAC--PDWFlTP_&index=446&pp=iAQB8AUBsAgC,bananasutra 🎶,V-446
Nietzsche’s Gift V3 • Hypnotic Jazz LOFI • Bananasutra(KNOW) Philosophy Songwriting is like heaven,3:04,https://www.youtube.com/watch?v=wHyBsMpALNg&list=PLmBA9ODM1xHNkz4xGSkiyAC--PDWFlTP_&index=447&pp=iAQB8AUBsAgC,bananasutra 🎶,V-447
Nietzsche’s Gift V1 • Hypnotic Jazz LOFI • Bananasutra(KNOW) Philosophy Songwriting is like heaven,4:01,https://www.youtube.com/watch?v=eKcrE5aDKzE&list=PLmBA9ODM1xHNkz4xGSkiyAC--PDWFlTP_&index=448&pp=iAQB8AUBsAgC,bananasutra 🎶,V-448
Queer Almighty • Sunday World Prayers Matter • Bananasutra(KNOW) A Capella,4:01,https://www.youtube.com/watch?v=x1xhpb-EPOc&list=PLmBA9ODM1xHNkz4xGSkiyAC--PDWFlTP_&index=449&pp=iAQB8AUB0gcJCdkKAYcqIYzvsAgC,bananasutra 🎶,V-449
Seminal Bollocks • Alternative Personal Jesus Punk Pop Rock Song • Bananasutra(BLOW),2:39,https://www.youtube.com/watch?v=gSq11L0tvu0&list=PLmBA9ODM1xHNkz4xGSkiyAC--PDWFlTP_&index=450&pp=iAQBsAQB8AUBsAgC,bananasutra 🎶,V-450