yt_title,video_id,yt_url,current_lyrics_id,canonical_title,SONGS_title_at_current_id,correct_lyrics_id,issue_type
"Good Lord, thank you for answering my prayers with a #southpark reality TV show ",lQ4uCrDkA8g,https://www.youtube.com/watch?v=lQ4uCrDkA8g,,,,,NO LYRICS_ID
Serial Blowers is a #song about killers of dreams glorified as the winners of a ,pMyIKVA8jfE,https://www.youtube.com/watch?v=pMyIKVA8jfE,L-215,Serial BLOWerrr,MISSING,,ORPHAN ID
"And now, for a brief #dystopianart interlude, in a world gone bananas… Do you kn",fqqLZnseg1E,https://www.youtube.com/watch?v=fqqLZnseg1E,,,,,NO LYRICS_ID
Can the #cacophony of cocksure bollocks ever “trickle out” of this Felon’s kingd,wkQYa8mr9zU,https://www.youtube.com/watch?v=wkQYa8mr9zU,,,,,NO LYRICS_ID
"“Have fun, enjoy the partey” #murica #rip #education #dystopian #truestory #imsa",FMQvYQhd9TU,https://www.youtube.com/watch?v=FMQvYQhd9TU,,,,,NO LYRICS_ID
“Radio Static” clip 📖🎶 chez @bananasutra (gone wild again;),89McsHGdYdg,https://www.youtube.com/watch?v=89McsHGdYdg,L-321,Radio Static,Radio Static (The Dystopian Cabaret),,WRONG ID - TITLE NOT IN SONGS
Because fairies #magicmatters and sincere wishes count 🧚🍀 note: #happiness ain’t,yBe9f_ZLf5E,https://www.youtube.com/watch?v=yBe9f_ZLf5E,,,,,NO LYRICS_ID
Can we Make Ducks not dicks Again? Blessed be Authentic Idiots wannabe President,8XcttwKuROU,https://www.youtube.com/watch?v=8XcttwKuROU,,,,,NO LYRICS_ID
Fake News Dream Machine: imagine a cruel Felon King magically turned Kind (PSA: ,R55sW_ND2xg,https://www.youtube.com/watch?v=R55sW_ND2xg,,,,,NO LYRICS_ID
God Made a Mistake... 🎭📺🍏💨,zqdyfcM4CqQ,https://www.youtube.com/watch?v=zqdyfcM4CqQ,,,,,NO LYRICS_ID
Gratitude interlude: blessed be the sound of #banana jokes 🎤🍌🙊,SiSJbGm5idc,https://www.youtube.com/watch?v=SiSJbGm5idc,,,,,NO LYRICS_ID
How's ur #wonderland doin’? Blessed be #dreams of genuinely harmonious life on E,ujd2xt11xDY,https://www.youtube.com/watch?v=ujd2xt11xDY,,,,,NO LYRICS_ID
I remember when…,0JQyOxNXHX4,https://www.youtube.com/watch?v=0JQyOxNXHX4,,,,,NO LYRICS_ID
"Meanwhile, at the bananasutra #artgallery 🍌💨",whCo0-Rcdeg,https://www.youtube.com/watch?v=whCo0-Rcdeg,,,,,NO LYRICS_ID
QOTD: what is the difference between AI & the Internet⁉️@bananasutra #aivoiceove,BbTAYKRkwAs,https://www.youtube.com/watch?v=BbTAYKRkwAs,,,,,NO LYRICS_ID
The feel of the waltz of pages turning 📖🎶 #existentialphilosophy #acousticideas ,u2uupX43Rhg,https://www.youtube.com/watch?v=u2uupX43Rhg,,,,,NO LYRICS_ID
"When fake show kings know nothing butt blow, only bright brave birds may still g",PtsDcJw3wAo,https://www.youtube.com/watch?v=PtsDcJw3wAo,,,,,NO LYRICS_ID
What’s Behind Every Door • GROWsutra Core EPx2 • Vintage Psychedelic Indie Folk ,l0bvfdzqqRU,https://www.youtube.com/watch?v=l0bvfdzqqRU,,What's Behind Every Door?,,,NO LYRICS_ID
“Lyrics Matter” aka the SutraFOO song • SHOWsutra Burlesque Banana Banger Babe 🥊,qnqL1PztSF0,https://www.youtube.com/watch?v=qnqL1PztSF0,,Lyrics Matter (sutraFOO),,,NO LYRICS_ID
"Just so we’re all clear on the official #wordoftheyear 2024, you know? 🍌",56tBW1P8gW4,https://www.youtube.com/watch?v=56tBW1P8gW4,L-334,En-shitti-fi-cation,Enshittification (Word of the Year),,WRONG ID - TITLE NOT IN SONGS
"Serial Blowers Matter, a prayer in a song that goes beyond the twilight twats zo",KDcTskBAjPM,https://www.youtube.com/watch?v=KDcTskBAjPM,L-215,Serial BLOWerrr,MISSING,,ORPHAN ID
Serial Blowers—it’s like serial k!llers but(t) from an ethical POV,DyN09cr7G8A,https://www.youtube.com/watch?v=DyN09cr7G8A,L-215,Serial BLOWerrr,MISSING,,ORPHAN ID
WHACK-A-DUCK • FOTUS CIRCUS • QUACKsutra,6oR-anwKzEA,https://www.youtube.com/watch?v=6oR-anwKzEA,,,,,NO LYRICS_ID
"I gotta confess, it’s true a duck can make life feel #hopelessly #notgreat 🦆🇺🇸💔📺",xA3pa3tE2aA,https://www.youtube.com/watch?v=xA3pa3tE2aA,,Ordo Amoris (in Decay),,,NO LYRICS_ID
"“Serial Blowers” are human killers of faith, truth, trust, hope, i.e. our life #",pDrkiCyh7i4,https://www.youtube.com/watch?v=pDrkiCyh7i4,L-215,Serial BLOWerrr,MISSING,,ORPHAN ID
Ordo Amoris In Decay 🕊️🎻 BLOWsutra (Apes Gone Wrong) Psychedelic Indie Cello Wor,315UmHBAQGk,https://www.youtube.com/watch?v=315UmHBAQGk,,Ordo Amoris (in Decay),,,NO LYRICS_ID
Hey can we talk (why wars) • JAZZsutra,9lxf862x5cU,https://www.youtube.com/watch?v=9lxf862x5cU,L-355,Why War? (Why Are Kids Allowed To Die?),Why Are Kids Allowed To Die? (Why War?),,WRONG ID - TITLE NOT IN SONGS
Why War Woes psyLOFIsutra (it kicks in after 1:30 oh why) #waitforit,-umN6Iv1oPc,https://www.youtube.com/watch?v=-umN6Iv1oPc,L-355,Why War? (Why Are Kids Allowed To Die?),Why Are Kids Allowed To Die? (Why War?),,WRONG ID - TITLE NOT IN SONGS
"Jingoism is scary… and 74% of the world’s nations, many of them “democracies”, a",vZIEqgQmu4k,https://www.youtube.com/watch?v=vZIEqgQmu4k,,,,,NO LYRICS_ID
Word of the year(s) 🚽🙃📺 En•shit•ifi•cation PsyHop LoFiSUTRA,3t3Mq-QICzw,https://www.youtube.com/watch?v=3t3Mq-QICzw,L-334,En-shitti-fi-cation,Enshittification (Word of the Year),,WRONG ID - TITLE NOT IN SONGS
Truth is the only path that leads to heaven and y’all MAGA felons aids are going,nMiRzxVuNP4,https://www.youtube.com/watch?v=nMiRzxVuNP4,,,,,NO LYRICS_ID
What Justifies the Pain? KNOWsutra Peace FOLK 🕊️🎶,6xjTAUJz6G0,https://www.youtube.com/watch?v=6xjTAUJz6G0,L-289,What Justifies The Pain?,MISSING,,ORPHAN ID
Gratefool this (pre-election) Disney Jungle Book Don-Be-Gone prayer song still c,UKbImTXNh6g,https://www.youtube.com/watch?v=UKbImTXNh6g,L-336,Shame on You Boo (Don-Be-Gone Orchestra),"Shame on You Boo (Don-Be-Gone Orchestra, Duck of the Jungle)",,WRONG ID - TITLE NOT IN SONGS
Let’s see if #copyright vampires dare claim rights on my sweet sample #françoise,phAy4l8pExU,https://www.youtube.com/watch?v=phAy4l8pExU,,,,,NO LYRICS_ID
What the Twat #revolution #wanted #aivoice #aimusicrevolution 📺🚨 #grock ETHICAL ,OHEZocOoNOk,https://www.youtube.com/watch?v=OHEZocOoNOk,,,,,NO LYRICS_ID
