raw_yt_title,cleaned_name
BOWsutra : (upward) DOGS,BOWsutra : (upward) DOGS
GLOWsutra: Rainbows (in my clouds),GLOWsutra: Rainbows (in my clouds)
GLOWsutra : POET(ry),GLOWsutra : POET(ry)
FLOWsutra : WET (My Friend),FLOWsutra : WET (My Friend)
FLOWsutra : FLY (like water),FLOWsutra : FLY (like water)
"GROWsutra : GOD (Questions, Etc...)",GROWsutra : GOD (Questions Etc...)
GROWsutra: KIND(ness),GROWsutra: KIND(ness)
GROWsutra : DARE (to Care),GROWsutra : DARE (to Care)
SHOWsutra : Fanana Club,SHOWsutra : Fanana Club
SHOWsutra: B.J. is for Banana Joke,SHOWsutra: B.J. is for Banana Joke
KNOWsutra : Bertrand (He Knows),KNOWsutra : Bertrand (He Knows)
KNOWsutra : But(t) Whyyy,KNOWsutra : But(t) Whyyy
BLOWsutra : FOTUS Circus,BLOWsutra : FOTUS Circus
BLOWsutra : MA_A Saga,BLOWsutra : MA❔A Saga
BLOWsutra : DUCK (Shady),BLOWsutra : DUCK (Shady)
BLOWsutra : Ego (Gone Loco),BLOWsutra : Ego (Gone Loco)
BLOWsutra : REVOLT (Now),BLOWsutra : REVOLT (Now)
BLOWsutra : CENSOR(ed),BLOWsutra : CENSOR(ed)
BLOWsutra : Apes Gone Wrong,BLOWsutra : Apes Gone Wrong
KNOWsutra : (Naked) Truth,KNOWsutra : (Naked) Truth
KNOWsutra : PEACE (Not War),KNOWsutra : PEACE (Not War)
🎬🍌 Bananasutra Clips,🎬🍌 Bananasutra Clips
R E A L  N E W S,REALsutras
MA❔A songs—everything we can dream,BLOWsutra : MA❔A Saga
6 : GLOWsutra,GLOWsutra
“UNAVAILABLE” Content said YouTube Music… Who knew? Not me!,“UNAVAILABLE” Content said YouTube Music… Who knew? Not me!
ıllıllı ROCKsutra ıllıllı,ROCKsutra
ıllıllı BLABLAsutra ıllıllı,BLABLAsutra
PEACE 🕊️ CIRCUS,PEACE CIRCUS
4 : GᖇOᗯᔕᑌTᖇᗩ,GROWsutra
ıllıllı PIANOsutra ıllıllı,PIANOsutra
ıllıllı FOLKsutra ıllıllı,FOLKsutra
ıllıllı BLUESsutra ıllıllı,BLUESsutra
3 : ᔕᕼOᗯᔕᑌTᖇᗩ,SHOWsutra
5 : ᖴᒪOᗯᔕᑌTᖇᗩ,FLOWsutra
ıllıllı Parlez-Vous French? ıllıllı,FRENCHsutra
ıllıllı JAZZsutra ıllıllı,JAZZsutra
2 : ᗷᒪOᗯᔕᑌTᖇᗩ,BLOWsutra
1 : KᑎOᗯᔕᑌTᖇᗩ,KNOWsutra
ıllıllı DUBsutra ıllıllı,DUBsutra
ıllıllı LOFIsutra ıllıllı,LOFIsutra
ıllıllı BANJOsutra ıllıllı,BANJOsutra
FOTUS 🇺🇸 CIRCUS (Felon Of The United States),FOTUS CIRCUS (Felon Of The United States)
ıllıllı LULLABIESsutra ıllıllı,LULLABIESsutra
ıllıllı BURLESQUEsutra ıllıllı,BURLESQUEsutra
🧮 SHORTsutra Bananas Matter,SHORTsutra Bananas Matter
Bible Gone Bananas Cabaret Playlist 🎭🎶 #unbranded,Bible Gone Bananas
