ep_title,lyrics_title,lyrics_id,sutra,ep_songbook_title,ep_total_tracks,total_plays,total_likes,plays_per_track,likes_per_track,ep_engagement_rate
Time for Rebel Romance ☆ EPx6 ☆ BLOWsutra (Revolt Now) Cabaret,Time For Rebel Romance,L-265,BLOWsutra,Speak: REVOLT (now),6,10867,94,1811.2,15.67,0.865
It's an Ethical Paradox • Vol. 2 EPx15 • KNOWsutra (Bertrand Knows) Gipsy Burlesque Jazz,It's An Ethical Paradox,L-116,KNOWsutra,Ask: BERTRAND (knows),15,22670,276,1511.3,18.4,1.2175
MAHA (Make America Humane Again) ☆ VOL.2 EPx6 ☆ BLOWsutra (MAxA Series) Psychedelic Trip Hop,MAHA (Make America Humane Again),L-149,QUACKsutra,Quack: MAxxxA Saga,6,9011,59,1501.8,9.83,0.6548
Ego Ain't Your Amigo • Vol. 2 · EPx21 • BLOWsutra (Ego Gone Loco)  Dub LoFi Burlesque,Ego Ain't Your Amigo,L-68,BLOWsutra,Speak: EGO (gone loco),21,30504,320,1452.6,15.24,1.049
Win-Win After Midnight ⭐︎ FLOWsutra (Wet My Friend) Indie Folk EPx4,Win-Win After Midnight,L-345,FLOWsutra,Trust: WET (my friend),4,5635,76,1408.8,19.0,1.3487
No · I'm Not Being Political (circa 2026) ⚉ Vol. 2 EPx10 ⚉ BLOWsutra Quacks Gone Wrong,"No, I'm Not Being Political (CIRCA 2026)",L-169,GROWsutra,"Speak: APES (gone wrong),EP: Criminals · EP: Criminals,Ask: BERTRAND (knows) · Speak: APES (gone wrong),EP: Criminals,World: FRENCHsutra",10,13850,125,1385.0,12.5,0.9025
Okey Dokey · No It's Not Ξ EPx5 Ξ LOFIsutra,Okie Dokie (No It's Not),L-174,BLOWsutra,Speak: APES (gone wrong),5,6796,49,1359.2,9.8,0.721
This Is What Dissent Looks Like Now - BLOWsutra (Revolution Ring) Jazz Indie LoFi Dream,What Dissent Looks Like Now,L-286,BLOWsutra,Speak: REVOLT (now),14,18043,153,1288.8,10.93,0.848
Tell The Truth (encore) KNOWsutra EPx9 Vol. 04,Tell The Truth,L-239,KNOWsutra,Ask: (Naked) TRUTH,9,11566,190,1285.1,21.11,1.6427
Camus Dit Oui • French GROWsutra Indie Jazz LoFi Dub EPx13,Camus Dit Oui,L-369,GROWsutra,Dare: KIND(ness),13,16350,149,1257.7,11.46,0.9113
Peace Matters More (The Only Wish Worth Making) 🪽 GROWsutra Birthday Wish Song,Peace Matters More,L-182,KNOWsutra,Ask: PEACE (not war),7,8617,78,1231.0,11.14,0.9052
Question Di Kingdom EPx4 VOL.02,Question Di Kingdom,L-199,KNOWsutra,Ask: BERTRAND (knows),4,4820,47,1205.0,11.75,0.9751
The Atheist Tango • Vol. 2 EPx12  •  GROWsutra (God · Etc) Conscious Gipsy LoFi Burlesque Jazz,The Atheist Tango,L-243,GROWsutra,Dare: GOD (etc.),12,14425,153,1202.1,12.75,1.0607
Rainbows in the Clouds • GLOWsutra Dub LoFi Blues,Rainbows in the Clouds,L-202,GLOWsutra,Bless: RAINBOWS (in my clouds),14,16783,188,1198.8,13.43,1.1202
Drop Di Baggage • FLOWsutra (Fly Like Water) Psychedelick Ragga Mama Ambient DUB EPx7,Drop Di Baggage,L-397,FLOWsutra,Trust: FLY (like water),7,8336,86,1190.9,12.29,1.0317
Zero Sum (Zero Sean) • GROWsutra (Dare to Care) EPx22,Zero Sum (Zero Sean),L-312,GROWsutra,Dare: DARE (to care),23,26290,270,1143.0,11.74,1.027
DEFY (Vol 2) - 3 Songs EPx6 - BLOWsutra Revolution Ring LoFi Jazz Fusion,,"L-219,L-275,L-177",BLOWsutra,"Speak: REVOLT (now),EP: DEFY",7,7833,52,1119.0,7.43,0.6639
Kiss A Pulse • GLOWsutra (Lucille Clifton Poetry) EPx16,Kiss A Pulse,L-129,GLOWsutra,Trust: WET (my friend),16,17290,189,1080.6,11.81,1.0931
Please Pardon My French • SHOWsutra (Be The Fool) Vaudeville EPx12,Please Pardon My French,L-187,SHOWsutra,Play: (Be) The Fool,12,12702,100,1058.5,8.33,0.7873
The Sound Of Logic • KNOWsutra Psychedelick LoFi DUB EPx27,The Sound Of Logic,L-380,KNOWsutra,Ask: But(t) WHY,27,28543,263,1057.1,9.74,0.9214
This Is My Quest • GROWsutra (Dare to Care) Dream EPx19,This Is My Quest,L-263,GLOWsutra,Bless: RAINBOWS (in my clouds),19,19220,144,1011.6,7.58,0.7492
So · What Is Racism? KNOWsutra Gone Banana EPx17,"So, What Is Racism?",L-228,KNOWsutra,Ask: (Naked) TRUTH,17,16883,174,993.1,10.24,1.0306
Broken Whole (Vol. 02) • EPx16 • GROWsutra Psychedelick Banjo BLUES + FOLK + DUB,Broken Whole,L-346,GROWsutra,Dare: DARE (to care),16,15682,137,980.1,8.56,0.8736
Le Bal Des Salauds - French BLOWsutra Indie Gipsy Burlesque EPx9,Le Bal Des Salauds,L-134,BLOWsutra,"Speak: APES (gone wrong),World: FRENCHsutra",9,8795,90,977.2,10.0,1.0233
I Did the Math · and Everything is Stupid • SHOWsutra Snoopy Fanana Club EPx11,I Did The Math (Everything is Stupid),L-110,SHOWsutra,Play: FANANA (party),11,10735,109,975.9,9.91,1.0154
The Great Naked King • SHOWsutra Psychedelick Fools Cabaret EPx30,The Great Naked King,L-250,SHOWsutra,Play: (Be) The Fool,30,28897,333,963.2,11.1,1.1524
The Echo Song ☭ Russian EPx3 ☭ Gipsy BLOWsutra LoFi Blues (Vladimir Vysotsky Cover),The Echo Song (Russian Edition),L-392,BLOWsutra,"World: RUSSIANsutra,Speak: REVOLT (now)",3,2886,34,962.0,11.33,1.1781
Sing Your Own Gospel • Vol. 2 EPx7 • GROWsutra (God · Etc) Revolutionary Gipsy JAZZ,Sing Your Own Gospel,L-227,GROWsutra,Dare: GOD (etc.),7,6708,96,958.3,13.71,1.4311
Seminal Bollocks - Merry Psychedelic GROWsutra (God Etc.) EPx10,Seminal Bollocks,L-214,GROWsutra,Dare: GOD (etc.),10,9478,78,947.8,7.8,0.823
Hard Core (Questions that Matter) X5,Hard Core,L-93,KNOWsutra,Ask: (Naked) TRUTH,5,4733,45,946.6,9.0,0.9508
We Live Not By Lies ⚬ EPx12 ⚬ GROWsutra Revolution Ring,We Live Not By Lies,L-282,GROWsutra,Dare: DARE (to care),12,11207,106,933.9,8.83,0.9458
So · What Is Racism • EPx9 Vol. 2 • KNOWsutra Gipsy Jazz + LoFi,"So, What Is Racism?",L-228,KNOWsutra,Ask: (Naked) TRUTH,9,8403,78,933.7,8.67,0.9282
MAMA-B-C (Make America Mine Achtung) • BLOWsutra MAxA Series EPx8,MAMA (Make America Mine Achtung),L-156,QUACKsutra,Quack: MAxxxA Saga,8,7225,41,903.1,5.12,0.5675
We're Tiny Specks · Right • BOWsutra,"We’re Tiny Specks, Right?",L-359,BOWsutra,Bow: Cosmic Bananas,11,9545,116,867.7,10.55,1.2153
Trauma Begets Trauma - KNOWsutra Peace (not War) Piano Kitten Truth EPx5,Trauma Begets Trauma,L-268,KNOWsutra,Ask: PEACE (not war),5,4332,34,866.4,6.8,0.7849
Bloom Past Doom - Vol. 2 · 2 songs EPx7 - BLOWsutra (Revolution Ring Series) Fusion Jazz,Bloom Past Doom,L-36,BLOWsutra,Speak: REVOLT (now),7,5979,70,854.1,10.0,1.1708
Lightly · My Darling ✦ FLOWsutra (Fly Like Water) BANJO EPx5,"Lightly, My Darling",L-390,FLOWsutra,Trust: FLY (like water),5,4160,38,832.0,7.6,0.9135
What It's About • Vol. 02 EPx6 • BLOWsutra Revolution Ring,What It's About,L-288,KNOWsutra,Ask: PEACE (not war),6,4992,75,832.0,12.5,1.5024
Male Fantasies - bananasutra EPx2 Vol. 03,Male Fantasies,L-154,BLOWsutra,Speak: EGO (gone loco),2,1651,12,825.5,6.0,0.7268
Muddy Waters EP,Nietzsche's Gift (Muddy Waters),L-165,BLOWsutra,Speak: EGO (gone loco),3,2461,34,820.3,11.33,1.3816
Just Be EP X7 | Vocal Honey Audio Ideals,Just Be,L-121,FLOWsutra,Trust: FLY (like water),7,5736,46,819.4,6.57,0.802
Curious Like A Kiss • FLOWsutra Cheeky Duende EPx11,Curious Like A Kiss,L-54,FLOWsutra,Trust: WET (my friend),11,8991,71,817.4,6.45,0.7897
Poetry Slow Burns ☲ EPx5 Vol.01 ☲ DUBsutra,Poetry Slow Burns,L-191,GLOWsutra,Bless: POET(ry),5,4068,37,813.6,7.4,0.9095
Radio Static ⭐︎ QUACKsutra (FOTUS Circus) Piano Cabaret EPx4,Radio Static (The Dystopian Cabaret),L-321,QUACKsutra,Quack: DUCK (shady),4,3242,34,810.5,8.5,1.0487
Ordo Amoris in Decay ♡ GROWsutra EPx6,Ordo Amoris in Decay (All I Want Is To Believe),L-178,GROWsutra,Dare: GOD (etc.),6,4863,43,810.5,7.17,0.8842
La Force Douce EPx7 ✪ French GROWsutra World Peace Duende LoFi Indie Fusion,La Force Douce,L-132,GROWsutra,"Dare: KIND(ness),World: FRENCHsutra",7,5601,39,800.1,5.57,0.6963
Second Hand Smoke (of) Arrogant Hearts - BLOWsutra EGO Therapy EPx6,Arrogant Hearts (Second Hand Smoke),L-18,BLOWsutra,Speak: EGO (gone loco),6,4780,51,796.7,8.5,1.0669
No Fear · My Dear ❢ BLOWsutra Revolution Ring Jazz EPx19,"No Fear, My Dear",L-166,BLOWsutra,Speak: REVOLT (now),19,14827,143,780.4,7.53,0.9645
Why We Can't Be Brave? ☷ GROWsutra (Censored) Cello EPx8,Why We Can't Be Brave?,L-304,GROWsutra,Dare: DARE (to care),8,6220,63,777.5,7.88,1.0129
The Love of a Dove ☩ EPx18 ☩ GROWsutra Peace Fusion Prayer,The Love of A Dove,L-252,GROWsutra,Ask: PEACE (not war),18,13866,164,770.3,9.11,1.1827
Spit Back The Lies • BLOWsutra (Revolution Ring) EPx20,Spit Back the Lies,L-232,BLOWsutra,Speak: REVOLT (now),20,15355,152,767.8,7.6,0.9899
Poetry Matters ☲ EPx3 Vol.05 ☲ DUBsutra,Poetry Matters,L-189,GLOWsutra,Bless: POET(ry),3,2294,22,764.7,7.33,0.959
Two Things · Darling • EPx11 • KNOWsutra (Bertrand) Conscious Gipsy LoFi Blues INDIE,"Two Things, Darling",L-274,KNOWsutra,Ask: BERTRAND (knows),11,8407,74,764.3,6.73,0.8802
Hello · Oh No • EPx16 • GROWsutra Psychedelic Logic Harmonics,"Hello, Oh No",L-95,GROWsutra,Dare: DARE (to care),16,12218,125,763.6,7.81,1.0231
Peel Me Kindly 🍌 SHOWsutra Gone Banana à la Gipsy JAZZ EPx7,Peel Me Kindly,L-185,GROWsutra,Dare: KIND(ness),7,5221,60,745.9,8.57,1.1492
Hold the Mic · Babe  EP X7 | Soul Prayer Lullabies,"Hold The Mic, Babe",L-102,GROWsutra,Dare: DARE (to care),7,5203,23,743.3,3.29,0.4421
Seven Sutras Gone Bananas • SHOWsutra Psychedelick Gospel EPx13,Seven Sutras Gone Banana,L-383,SHOWsutra,Play: B.J. (is for banana jokes),13,9533,82,733.3,6.31,0.8602
Bloom Past Doom (Apes Gone Wrong Series) EPx5 - BLOWsutra (Revolt Now)  Grassroots Hope Song,Bloom Past Doom,L-36,BLOWsutra,Speak: REVOLT (now),5,3607,39,721.4,7.8,1.0812
To Dream EP X8 | Jacques Brel Chanson Reimagined : Psychedelic French Poetry JAZZsutra X5,To Dream,L-266,GLOWsutra,Bless: POET(ry),8,5704,61,713.0,7.62,1.0694
L'Embobinage (d'après Carl Sagan) • French GROWsutra EPx17,L’Embobinage,L-131,BLOWsutra,"Speak: CENSOR(ed),World: FRENCHsutra",17,12067,114,709.8,6.71,0.9447
Freee · La Fille • French SHOWsutra Psychedelic EPx10,"Freee, La Fille",L-84,FLOWsutra,"Trust: FLY (like water),World: FRENCHsutra",10,6817,53,681.7,5.3,0.7775
There's No Prayer Like Desire • KNOWsutra But(t) Why EPx4,There's No Prayer Like Desire,L-259,KNOWsutra,Ask: But(t) WHY,3,2043,20,681.0,6.67,0.979
Everybody Knows ✔ Vol. 03 - EPx7 ✔ KNOWsutra Gipsy Trip Hop Truth Prayer Dream,Everybody Knows,L-72,KNOWsutra,Ask: PEACE (not war),7,4573,57,653.3,8.14,1.2464
A Letter to My Friend (Never Again) EPx44 ☮ GROWsutra World Peace Mantra,A Letter To My Friend (Never Again),L-3,KNOWsutra,Ask: PEACE (not war),44,28511,224,648.0,5.09,0.7857
Mind the Felon EP X5 | JAZZ LOFI : Psychedelic Paradox Soul Chanson,Mind the Felon,L-161,QUACKsutra,Quack: DUCK (shady),5,3215,29,643.0,5.8,0.902
If We Had But(t) The Truth • Vol. 2 EPx22 • BLOWsutra (Censored) Epstein Etcetera Soundtrack,If We Had But(t) The Truth,L-114,BLOWsutra,Speak: CENSOR(ed),22,13978,96,635.4,4.36,0.6868
Grateful For The Weird ☺︎ GLOWsutra (Rainbows In The Clouds) EPx9,Grateful For The Weird,L-344,GLOWsutra,Bless: RAINBOWS (in my clouds),9,5580,66,620.0,7.33,1.1828
El Papito Leo Es No MAGA Show ☰ KNOWsutra EPx6,El Papito (Es No MAGA Show),L-70,GROWsutra,Dare: GOD (etc.),6,3684,24,614.0,4.0,0.6515
They Call It Freedom (Oh Hi · Sweet Honey Bun) ✯ BLOWsutra (Revolt Now) EPx11,"They Call It Freedom (Oh Hi, Sweet Honey Bun)",L-262,BLOWsutra,Speak: REVOLT (now),11,6740,79,612.7,7.18,1.1721
An American in Paris (Public Domain Lyrics) 🎙️ SHOWsutra Classic Retro Musical REMAKE,An American in Paris (Public Domain),L-17,SHOWsutra,Play: FANANA (party),6,3633,35,605.5,5.83,0.9634
Foolish Goldfish (Forever) ❃ Vol. 02 EPx15 ❃ KNOWsutra Peace (Not War),Foolish Goldfish (Forever),L-80,KNOWsutra,Ask: PEACE (not war),15,9014,63,600.9,4.2,0.6989
The Echo Song Song ☭ Vladimir Vysotsky - EPx6  English Cover ☭ BLOWsutra Gipsy Trip Hop Trip,The Echo Song,L-247,BLOWsutra,Speak: REVOLT (now),6,3568,29,594.7,4.83,0.8128
Queer Almighty (Holy Questions Matter) - EPx16 VOL. 02,Queer Almighty,L-198,GROWsutra,Dare: GOD (etc.),16,9374,66,585.9,4.12,0.7041
Poetry Nah Lie ☲ EPx6 Vol.01 ☲ DUBsutra,Poetry Nah Lie,L-190,GLOWsutra,Bless: POET(ry),6,3454,39,575.7,6.5,1.1291
Hey · Creeps • EPx20 • BLOWsutra Ego Gone Loco,"Hey, Creeps",L-97,BLOWsutra,Speak: APES (gone wrong),20,11267,88,563.4,4.4,0.781
Donkeys Years - SHOWsutra Fanana Club Gratitude EPx20,Donkeys Years,L-63,GLOWsutra,Bless: RAINBOWS (in my clouds),20,11144,101,557.2,5.05,0.9063
Gladys in Sonderland EPx14 • SHOWsutra Psychedelic Gipsy Dream,Gladys in Sonderland,L-88,SHOWsutra,Play: FANANA (party),14,7783,69,555.9,4.93,0.8865
Secret de Polichinelle 🎪 French EPx10 🎪 KNOWsutra Psychedelic Gipsy Circus,Secret De Polichinelle,L-212,BLOWsutra,"Speak: CENSOR(ed),World: FRENCHsutra",10,5547,55,554.7,5.5,0.9915
Because the Light ☉ EPx4 VOL.01,Because The Light,L-27,KNOWsutra,Dare: DARE (to care),4,2198,20,549.5,5.0,0.9099
Read Me Harder (BB is for Banned Books) ☆ SHOWsutra Side A+B EPx19,Read Me Harder (BB is for Banned Books),L-203,SHOWsutra,Speak: CENSOR(ed),19,9760,68,513.7,3.58,0.6967
Glitter on a Turd ❯ GROWsutra Banana Cabaret EPx5,Glitter On A Turd,L-89,GROWsutra,Dare: KIND(ness),5,2527,28,505.4,5.6,1.108
My Quest • EPx6 Vol. 2 • GLOWsutra Jacques Brel Dream,My Quest,L-163,GLOWsutra,Bless: RAINBOWS (in my clouds),6,3009,16,501.5,2.67,0.5317
Creo (La Poesia) ☘ EPx10 VOL.01 ☘ Bananasutra En Español,Creo (La Poesia),L-51,GLOWsutra,Bless: POET(ry),10,4993,49,499.3,4.9,0.9814
Blessed Be Your Voice ⭐︎ GROWsutra Vol. 02 EPx19,Blessed Be Your Voice,L-34,GROWsutra,Dare: DARE (to care),19,9444,120,497.1,6.32,1.2706
Sidération Blues - A Song of Wrong - EPx7 Vol 3 of 4,Sidération Blues,L-225,BLOWsutra,"Speak: REVOLT (now),EP: Sidération",7,3395,31,485.0,4.43,0.9131
The Conquest of Happiness (according to Bertrand Russel) ☰ 2 Songs EPx10 ☰ KNOWsutra,,"L-393,L-244",KNOWsutra,Ask: BERTRAND (knows),10,4746,50,474.6,5.0,1.0535
MASA (Make America Safe Again) ✮ EPX12 ✮ QUACKsutra Psychedelic BANJO,MASA (Make America Safe Again),L-326,QUACKsutra,Quack: MAxxxA Saga,12,5479,37,456.6,3.08,0.6753
FOTUS CIRCUS ★ VOL.4 EPx9 ★ BURLESQUEsutra,FOTUS Circus: Angels Eyes,L-81,QUACKsutra,Quack: FOTUS Circus,9,4088,21,454.2,2.33,0.5137
But(t) How Can You? GROWsutra (Dare to Care) EPx10,But(t) How Can You?,L-40,GROWsutra,Ask: But(t) WHY,10,4516,18,451.6,1.8,0.3986
RUN (now · if you can),RUN (Now If You Can),L-210,QUACKsutra,Quack: DUCK (shady),22,9711,84,441.4,3.82,0.865
Bo Burnham Gone Bananas 🍌 COVERsutra Vaudeville Indie JAZZ EPx11,Bo Burnham Covers,L-37,SHOWsutra,Play: FANANA (party),11,4839,52,439.9,4.73,1.0746
Grifters • BLOWsutra (Apes Gone Wrong) EPx14,Grifters,L-90,BLOWsutra,Speak: APES (gone wrong),14,6045,60,431.8,4.29,0.9926
Seminal Bollocks EP,Seminal Bollocks,L-214,GROWsutra,Dare: GOD (etc.),2,834,18,417.0,9.0,2.1583
Question the Nation • EPx10 • BLOWsutra Psychedelic Dub Revolution,Question The Nation,L-200,BLOWsutra,Ask: BERTRAND (knows),10,4139,45,413.9,4.5,1.0872
All I Know • Shades of Fools (It's the Why) • KNOWsutra EPx5 Vol. 02,Shades of Fools (All I Know),L-217,KNOWsutra,Ask: (Naked) TRUTH,5,2064,15,412.8,3.0,0.7267
Fluye (como el mar) FLOWsutra,Fluye (como el mar),L-77,FLOWsutra,"Trust: FLY (like water),World: SPANISHsutra",11,4502,40,409.3,3.64,0.8885
Oh · Martine ❃ French GLOW+BOWsutra ❃ Side A+B EPx28,"Oh, Martine",L-173,BOWsutra,"Bow: Death (is nothing),World: FRENCHsutra",28,11453,104,409.0,3.71,0.9081
Oy · We Care 🦆 QUACKsutra Psychedelic Punk Rock Mantra EPx4,"Oy, We Care",L-180,BLOWsutra,Speak: REVOLT (now),4,1619,9,404.8,2.25,0.5559
Ain't Doing Bad Doing Nothing ⭐︎ Public Domain Vol. 02 EPx10 ⭐︎ FLOWsutra Wet JAZZ,Ain't Doing Bad Doing Nothing,L-14,FLOWsutra,Trust: FLY (like water),10,3960,38,396.0,3.8,0.9596
Darling EP,Darling,L-57,BOWsutra,Bow: Death (is nothing),4,1565,22,391.2,5.5,1.4058
Jacques Brel : French EPx9 : GLOWsutra Burlesque Indie Blues Gratitude POET(ry),Jacques Brel,L-118,GLOWsutra,"Bless: RAINBOWS (in my clouds),World: FRENCHsutra",9,3295,30,366.1,3.33,0.9105
La Poesia Importa ♕ EPx7 VOL.01 ♕ Bananasutra En Español,La Poesia Importa,L-133,GLOWsutra,"Bless: POET(ry),World: SPANISHsutra",7,2533,26,361.9,3.71,1.0265
Kids Are Asking ✪ KNOWsutra But(t) Why EPx3,Kids Are Asking,L-124,KNOWsutra,Ask: But(t) WHY,3,1083,2,361.0,0.67,0.1847
Awe Is Mighty (Maybe Even Holy) - GLOWsutra Conscious Indie LoFi Lullaby EPx2,Awe Is Mighty,L-21,GLOWsutra,Bless: POET(ry),2,713,12,356.5,6.0,1.683
Le Système EP MIX X16 | Bluesy French Jazz,,"L-137,L-136",BLOWsutra,"Speak: APES (gone wrong),World: FRENCHsutra",17,6045,81,355.6,4.76,1.34
SynthemaSutra ♆ SHOWsutra Banana EPx8,SynthemaSutra,L-237,SHOWsutra,Play: FANANA (party),8,2833,27,354.1,3.38,0.9531
Who's Your Vladdy? EPx2 VOL.02 ☿ BLOWsutra World Peace LOFI + ROCK,Who's Your Vladdy?,L-302,QUACKsutra,Quack: DUCK (shady),2,698,9,349.0,4.5,1.2894
Sidération - The Sky Stood Still - EPx6 VOL. 2 of 4,Sidération (The Sky Stood Still),L-224,BLOWsutra,"Speak: REVOLT (now),EP: Sidération",6,2047,20,341.2,3.33,0.977
Make Amurica Gulag Again ☭ BLOWsutra DUB EPx25,Make Amurica Gulag Again (MAGA),L-151,BLOWsutra,Quack: MAxxxA Saga,25,8436,87,337.4,3.48,1.0313
If We Had But(t) The Truth ☲ Easterican Profanities EPx5 ☲ QUACKsutra,If We Had But(t) The Truth,L-114,QUACKsutra,Speak: CENSOR(ed),5,1617,17,323.4,3.4,1.0513
Tune in the Tender ☲ #GROWsutra EPx9,Tune In The Tender,L-273,GROWsutra,Dare: KIND(ness),9,2896,31,321.8,3.44,1.0704
Men-Oh-Pause 🩸 KNOWsutra EPx14,Men-Oh-Pause,L-159,BLOWsutra,Speak: APES (gone wrong),14,4479,44,319.9,3.14,0.9824
Hereby · I Cry ☠ BLOWsutra EPx5,"Hereby, I Cry",L-96,GROWsutra,Dare: DARE (to care),5,1575,23,315.0,4.6,1.4603
Trust No One EP x3 VOL.1 ☆ BLOWsutra Alternative Indie ROCK,Trust No One,L-270,BLOWsutra,Speak: APES (gone wrong),3,945,12,315.0,4.0,1.2698
Creepy Con Meme EPX2 • Dicky Ducky DUBsutra,Creepy Con Meme,L-48,QUACKsutra,Quack: DUCK (shady),2,623,5,311.5,2.5,0.8026
It's Enshittification · Darling • BLOWsutra (Apes Gone Wrong) True Crime Story EPx12,"It's Enshittification, Darling",L-391,BLOWsutra,Speak: APES (gone wrong),12,3735,39,311.2,3.25,1.0442
A Man's a Man and A' That (à la bananasutra) EPx3 - VOL. 02 - Revolution Forever,A Man's a Man and A' That,L-5,BLOWsutra,Speak: REVOLT (now),3,933,9,311.0,3.0,0.9646
Sidération's Calling - White House's Burning - EPx13 Vol 4 of 4,Sidération's Calling,L-226,BLOWsutra,"Speak: REVOLT (now),EP: Sidération",13,4011,23,308.5,1.77,0.5734
The Courage To Care • GROWsutra (Kindness) EPx7,The Courage To Care,L-318,GROWsutra,Dare: KIND(ness),7,2123,23,303.3,3.29,1.0834
MAKA MAKA EPx7 ⭐︎ MAxA Series · Vol. 4,MAKA (Make America Kind Again),L-150,QUACKsutra,Quack: MAxxxA Saga,7,2114,14,302.0,2.0,0.6623
Jolly Poo - EPx15 VOL. 01 - Banjo Blues BLOWsutra,Jolly Poo,L-120,BLOWsutra,Speak: EGO (gone loco),15,4437,24,295.8,1.6,0.5409
Reason over Reverence (No need for God) ☷ KNOWsutra EPx6,Reason Over Reverence,L-205,KNOWsutra,Dare: GOD (etc.),6,1769,16,294.8,2.67,0.9045
I Wanna Know • KNOWsutra (Peace Not War)  Mantra EPx17,I Wanna Know,L-424,KNOWsutra,Ask: PEACE (not war),17,4993,73,293.7,4.29,1.462
Kindness Matters - Human Life Soundtrack EP,Kindness,L-126,GROWsutra,Dare: KIND(ness),5,1467,10,293.4,2.0,0.6817
Question di Kingdom ✰ Ragga DUBsutra EPx10,Question Di Kingdom,L-199,KNOWsutra,Ask: BERTRAND (knows),10,2908,24,290.8,2.4,0.8253
Thank you · Mister Paine - American Accountability Revolution Blues EPx3,"Thank you, Mister Paine",L-240,BLOWsutra,Speak: REVOLT (now),3,869,14,289.7,4.67,1.611
Rise Up · You Naked Peoples (Freedom Rings) ☆ BLOWsutra Victor Hugo Revolution Song,"Rise Up, You Naked Peoples (Freedom Rings)",L-209,BLOWsutra,Speak: REVOLT (now),2,573,5,286.5,2.5,0.8726
Woke 'em Whacks EPx4 : BLUES & DUBsutra (Music Therapy),Woke 'em Whacks,L-309,QUACKsutra,Quack: DUCK (shady),4,1143,19,285.8,4.75,1.6623
We Remember What (We Remember What) We Feel☉EPx5 INDIE GROWsutra,We Remember What (We Remember What) We Feel☉,L-283,GROWsutra,Dare: DARE (to care),5,1388,36,277.6,7.2,2.5937
Let’s Do It (Let's Fall in Love) EP • Public Domain Lyrics • JAZZsutra,Let's Do It,L-140,FLOWsutra,Trust: WET (my friend),4,1105,16,276.2,4.0,1.448
When We Duende (All Night) EPx9 ☯ DUB + BURLESQUEsutra,When We Duende (All Night),L-294,SHOWsutra,Trust: WET (my friend),9,2446,21,271.8,2.33,0.8585
Foolish EPx5,Foolish,L-79,FLOWsutra,Ask: PEACE (not war),5,1355,26,271.0,5.2,1.9188
En Vrai · On Est Tous Frères ䷁ FRENCH BLUESsutra EPx5,"En Vrai, On Est Tous Frères",L-71,KNOWsutra,"Ask: PEACE (not war),World: FRENCHsutra",5,1351,24,270.2,4.8,1.7765
FOTUS CIRCUS ★ VOL.3 EPx9 ★ BURLESQUEsutra,FOTUS Circus: Ginsberg Hollow (Horror) Show,L-82,QUACKsutra,Quack: FOTUS Circus,9,2426,16,269.6,1.78,0.6595
Stymy Stymy Yuck : A Story of Old Bastards - EPx5 VOL.1 - DUBsutra,Stymy Stymy Yuck,L-234,QUACKsutra,Quack: DUCK (shady),5,1347,18,269.4,3.6,1.3363
New Normalcy (Planet Earth to Higher Grounds) EP x7,New Normalcy (Planet Earth to Higher Grounds),L-164,KNOWsutra,Ask: (Naked) TRUTH,7,1883,19,269.0,2.71,1.009
HashtagWHY (to be ctd...),HashtagWHY (Sorry Not Sorry),L-94,KNOWsutra,Ask: But(t) WHY,2,536,5,268.0,2.5,0.9328
How to Help a Bible Bro Grow Up · In the name of Religious Freedom,Shush (How To Help A Bible Bro Grow Up),L-222,GROWsutra,Dare: GOD (etc.),7,1865,19,266.4,2.71,1.0188
Prickly Peaches DUBsutra EPx3,Wet (Prickly) Peaches vol.2,L-285,FLOWsutra,"Trust: WET (my friend),EP: Peachy",3,792,8,264.0,2.67,1.0101
CREEPYPASTA (what the hella) ♅ SHOWsutra ♅ EPx23 Side A+B,Creepy Pasta (What The Hella),L-49,SHOWsutra,Play: FANANA (party),27,7104,44,263.1,1.63,0.6194
Tell the Truth EP x4 BLUESsutra,Tell The Truth,L-239,KNOWsutra,Ask: (Naked) TRUTH,5,1315,21,263.0,4.2,1.597
WIN-WIN DUB EPx3 ⚭ French-English GROWsutra Fusion Soul,WIN-WIN (Franglish Dub),L-307,GROWsutra,"Dare: KIND(ness),World: FRENCHsutra",3,779,9,259.7,3.0,1.1553
RHINOCEROSS ♦ EPx7 ♦ BLOWsutra Surreal Real Poetry,Rhinoceross,L-208,BLOWsutra,Speak: APES (gone wrong),7,1814,20,259.1,2.86,1.1025
Courage · Care · and Coconuts © GROWsutra EPx4,"Courage, care, and coconuts",L-46,GROWsutra,Dare: DARE (to care),4,1031,6,257.8,1.5,0.582
Mass Media Freakshow EPx13 VOL.02 ⭐︎ Terrence MCKenna KNOWs ⭐︎ Burlesque or Snooze?,Mass Media Freakshow,L-157,BLOWsutra,Speak: CENSOR(ed),13,3308,19,254.5,1.46,0.5744
Jealousy (not for me) ♡ GROWsutra EPx22,Jealousy (Not For Me),L-119,GROWsutra,Dare: KIND(ness),22,5498,44,249.9,2.0,0.8003
Blessed Be the Dogs ☰ SHOWsutra EPx9 ☰ Post-Punk Burlesque ROCK,Blessed Be The Dogs (SHOWsutra Edition),L-146,BOWsutra,"Bow: (Thank) Dogs,EP: Best Teacher Award",9,2216,32,246.2,3.56,1.444
L'Accordéon de l'Ignorance EP X9,L'Accordéon De l'Ignorance,L-130,QUACKsutra,"Quack: DUCK (shady),World: FRENCHsutra",9,2203,15,244.8,1.67,0.6809
MAxA Alphabet Series Compilation - Make America Humane · Kind · Safe · Smart · etcetera Alright?!,,"L-149,L-150,L-326,L-158",QUACKsutra,Quack: MAxxxA Saga,20,4879,49,243.9,2.45,1.0043
Who's Your Vladdy? EPx10 ☿ BLOWsutra World Peace Fusion Indie,Who's Your Vladdy?,L-302,QUACKsutra,Quack: DUCK (shady),10,2433,25,243.3,2.5,1.0275
Cassandra’s Lullaby • KNOWsutra EPx11 World,Cassandra's Lullaby,L-42,KNOWsutra,Ask: PEACE (not war),11,2636,35,239.6,3.18,1.3278
Too Hard · My Friend • FLOWsutra (Fly Like Water) Lullabies EPx2,"Too Hard, My Friend",L-267,FLOWsutra,Trust: FLY (like water),2,479,0,239.5,0.0,0.0
Who Needs a Big D? EP x8 VOL. 1 - JAZZ 'n DUB,Who Needs A Big D?,L-301,SHOWsutra,Play: B.J. (is for banana jokes),8,1911,16,238.9,2.0,0.8373
Serial BLOWers ⭐︎ LoFi Burlesque Blues Vol. 02 EPx7,Serial Blowers,L-216,QUACKsutra,Speak: APES (gone wrong),7,1669,31,238.4,4.43,1.8574
some songs are more fun than others EP x8 ∞,Some Songs Are More Fun Than Others,L-229,SHOWsutra,Play: (Be) The Fool,8,1903,31,237.9,3.88,1.629
All the -Isms | BLOWsutra EPx7,All the -Isms,L-16,BLOWsutra,Speak: EGO (gone loco),7,1638,14,234.0,2.0,0.8547
Wet (Prickly) Peaches vol.2,Wet (Prickly) Peaches vol.2,L-285,FLOWsutra,"Trust: WET (my friend),EP: Peachy",9,2102,33,233.6,3.67,1.5699
Easy (Death Is Nothing At All) ❣ BOWsutra EPx9,Easy (Death Is Nothing At All),L-67,BOWsutra,Bow: Death (is nothing),9,2092,24,232.4,2.67,1.1472
Waldo's Fascist Tango EPx3 VOL. 1 • Burlesque JAZZ,Waldo's Fascist Tango (Down We Go),L-281,GROWsutra,Dare: GOD (etc.),3,695,7,231.7,2.33,1.0072
Pedo Nation ★ Felon Nation Redux ★ BLOWsutra EPx14,Pedo Nation,L-184,QUACKsutra,Quack: DUCK (shady),14,3235,24,231.1,1.71,0.7419
Genius EP,"Genius, You See",L-87,KNOWsutra,Ask: (Naked) TRUTH,3,693,9,231.0,3.0,1.2987
MAWA MAWA EPx2 (if Soundcloud allows) ⭐︎ MAxA Series · Vol. 2,MAWA (Make America Woke Again),L-158,QUACKsutra,Quack: MAxxxA Saga,2,457,3,228.5,1.5,0.6565
One Percent Rising • GROWsutra (Dare to Care) Psychedelic Indie EPx6,One Percent Rising,L-175,GROWsutra,Dare: DARE (to care),6,1368,15,228.0,2.5,1.0965
BANANA ALLELUIA ♾ EPx5 ♾ KNOWsutra BURLESQUE,Banana Alleluia,L-22,KNOWsutra,Ask: (Naked) TRUTH,6,1366,24,227.7,4.0,1.757
DEFY ✰ 3 Songs EPx7 ✰ BLOWsutra Jazzy Folk Lo-Fi BLUES,,"L-219,L-275,L-177",BLOWsutra,"Speak: REVOLT (now),EP: DEFY",7,1592,12,227.4,1.71,0.7538
When We Duende · Encore ★ Arabesk Fado Soul EPx2 VOL.2,When We Duende (Encore),L-295,FLOWsutra,Trust: WET (my friend),2,449,4,224.5,2.0,0.8909
Best Teacher Award · in Love & Death : Indie Bliss EPx3 VOL. 1 : BOWsutra,,"L-58,L-145,L-33",BOWsutra,"Bow: (Thank) Dogs,EP: Best Teacher Award",3,671,3,223.7,1.0,0.4471
Where Hope Expires ℧ EPx8 VOL.02,Where Hope Expires (Hole of Fire),L-296,GROWsutra,Dare: DARE (to care),8,1768,21,221.0,2.62,1.1878
Serial BLOWerrr ✰ RAGGA DUBsutra,Serial Blowers,L-216,BLOWsutra,Speak: APES (gone wrong),7,1542,15,220.3,2.14,0.9728
Nous Sommes Le Feu EPx4 ☲ GROWsutra French Peace Indie,Nous Sommes Le Feu,L-170,GROWsutra,"Dare: KIND(ness),World: FRENCHsutra",4,879,10,219.8,2.5,1.1377
They Muddy the Waters (aka Nietzsche's Gift) EPx5 VOL. 04,Nietzsche's Gift (Muddy Waters),L-165,BLOWsutra,Speak: EGO (gone loco),5,1097,6,219.4,1.2,0.5469
So Woken ❣️ GROWsutra (Kindness) Fusion EPx26,So Woken,L-426,GROWsutra,Dare: KIND(ness),26,5680,62,218.5,2.38,1.0915
But(t) How you Kids Learn Now? EPx9 VOL. 01,How Do Kids Learn Now?,L-106,KNOWsutra,Ask: (Naked) TRUTH,9,1962,29,218.0,3.22,1.4781
It's War · My Friend ☳ QUACKsutra EPx15,"It's War, My Friend",L-117,QUACKsutra,Quack: DUCK (shady),15,3262,41,217.5,2.73,1.2569
Hi · My Name Is (Not Celine Dion) - Vol03 EPx11 - SHOWsutra Gipsy Trip Hop World LoFi Edition,"Hi, My Name Is (Not Celine Dion)",L-99,SHOWsutra,Play: FANANA (party),11,2391,30,217.4,2.73,1.2547
EGO's Masquerade • EPx4 • BLOWsutra Tzigane Trip Hop Lo-Fi INDIE,EGO's Masquerade,L-69,BLOWsutra,Speak: EGO (gone loco),4,861,14,215.2,3.5,1.626
What It's About - Blues Dub Murica Mantra EPx7,What It's About,L-288,BLOWsutra,Ask: PEACE (not war),7,1500,21,214.3,3.0,1.4
Stymied Felon goes Stymy Stymy Yuck Encore - Freee Bonus EPx2 VOL.02,Stymy Stymy Yuck,L-234,QUACKsutra,Quack: DUCK (shady),2,428,4,214.0,2.0,0.9346
When Did Seduction Become so Untrue? EPx16 Vol. 02 ䷶ KNOWsutra Flamenco Techno,When Did Seduction Become so Untrue?,L-293,KNOWsutra,Ask: (Naked) TRUTH,16,3418,21,213.6,1.31,0.6144
SS Means Sacred Sp3rm ☠ BLOWsutra EPx19,SS Means Sacred Sp3rm,L-233,QUACKsutra,Quack: DUCK (shady),19,4046,38,212.9,2.0,0.9392
Why You Lie (to the People's Face) EP x7 ☠ QUACKsutra,Why You Lie (To The People's Face)?,L-305,QUACKsutra,Quack: DUCK (shady),7,1483,15,211.9,2.14,1.0115
But(t) Where Do Pigeons Go To Die ✧ BOWsutra (Death is Nothing) Dub Folk EPx5,But(t) Where Do Pigeons Go To Die?,L-38,BOWsutra,Bow: Death (is nothing),5,1054,16,210.8,3.2,1.518
MAMA-B-C (Make America Mine Achtung Encore) • BLOWsutra MAxA Series EPx3,MAMA (Make America Mine Achtung),L-156,BLOWsutra,Quack: MAxxxA Saga,3,632,7,210.7,2.33,1.1076
Hey · You ✖ EPx8 ✖ BLOWsutra Indie Punk ROCK,"Hey, You (Creepers)",L-98,BLOWsutra,Speak: EGO (gone loco),7,1470,8,210.0,1.14,0.5442
Ironic Moronic Eugenics ☤ What Happens When KNOWsutra & BLOWsutra Make a Baby,Ironic Moronic Eugenics,L-115,BLOWsutra,Speak: APES (gone wrong),8,1676,15,209.5,1.88,0.895
Segggsting • SHOWsutra EPx6 • French Burlesque Jazz Cabaret,Segggsting,L-213,SHOWsutra,"Trust: WET (my friend),World: FRENCHsutra",6,1257,6,209.5,1.0,0.4773
Double Standards EPx3 VOL. 1 • BURLESQUEsutra,Double Standards,L-64,GROWsutra,Dare: DARE (to care),3,625,10,208.3,3.33,1.6
Bee the Fool EP x2 : BANJOsutra,Bee the Fool (Not A Lie),L-29,SHOWsutra,Play: (Be) The Fool,2,415,5,207.5,2.5,1.2048
Ethical Paradox (Bertrand Undone),It's An Ethical Paradox,L-116,KNOWsutra,Ask: BERTRAND (knows),4,825,8,206.2,2.0,0.9697
Shady Fools (Oh Can’t You See?) • Vol. 2 EPx9 • BLOWsutra Ego Gone Loco LoFi Burlesque,Shady Fools,L-218,BLOWsutra,Ask: But(t) WHY,9,1849,21,205.4,2.33,1.1357
Linguistic Weaponry EPx7 Burlesque DUBsutra,Linguistic Weaponry,L-147,SHOWsutra,Play: FANANA (party),3,615,5,205.0,1.67,0.813
Pro-life means what · honey?,"Pro-life Means What, Honey?",L-196,GROWsutra,Dare: GOD (etc.),6,1228,18,204.7,3.0,1.4658
Nietzsche's Gift (They Muddy the Water to Make it Look Deep) - KNOWsutra EPx13 Vol. 5,Nietzsche's Gift (Muddy Waters),L-165,KNOWsutra,Speak: EGO (gone loco),13,2658,26,204.5,2.0,0.9782
Dressed in (nothing butt) Wonder ★ Exxxplore and Play (EP) x16 Bananas,Dressed In (Nothing Butt) Wonder,L-65,SHOWsutra,Play: FANANA (party),16,3266,35,204.1,2.19,1.0716
Make your Own Bible EP x6 VOL. 1 ℧ A Jazzy Burlesque Folk Trip Hop LOFI Venture (oui oui),Make your Own Bible,L-152,GROWsutra,Dare: GOD (etc.),6,1222,4,203.7,0.67,0.3273
Hammy On Clyde ✪ SHOWsutra EPx8,Hammy On Clyde,L-92,SHOWsutra,Play: (Be) The Fool,8,1624,13,203.0,1.62,0.8005
Blessed Are the Cracked EP X3,Blessed Are The Cracked,L-32,SHOWsutra,Bless: RAINBOWS (in my clouds),3,608,4,202.7,1.33,0.6579
ABCs of Kindness - KNOWsutra,ABC Of Kindness,L-9,KNOWsutra,Dare: KIND(ness),10,1997,13,199.7,1.3,0.651
Trump Derangement Syndrome ™ EPx7,Trump Derangement Syndrome ™,L-269,QUACKsutra,Quack: DUCK (shady),7,1397,16,199.6,2.29,1.1453
Project 2-0-2-5 (Explicit Fascism Advisory) • Pray for Murica SOULsutra EPx7,Project 2025 (Honky tonk dreams in the land of the free),L-197,QUACKsutra,Quack: DUCK (shady),7,1395,16,199.3,2.29,1.147
The Dystopian Quiz Song ★ EPx15 ★ Acoustic SOULsutra,The Dystopian Quiz Song,L-246,BLOWsutra,Speak: CENSOR(ed),15,2973,14,198.2,0.93,0.4709
Shades of Fools EPx9,Shady Fools,L-218,KNOWsutra,Ask: But(t) WHY,9,1783,17,198.1,1.89,0.9534
No · I'm Not Being Political 🇺🇸 KNOWsutra Indie Dub EPx15,"No, I'm Not Being Political (CIRCA 2025)",L-168,GROWsutra,Dare: DARE (to care),15,2967,25,197.8,1.67,0.8426
Do Panic Now ✝ GROWsutra EPx13,Do Panic Now,L-61,GROWsutra,Speak: REVOLT (now),13,2563,18,197.2,1.38,0.7023
Why Trust an Old · Mean Religion? EPx9 VOL. 01,"Why trust an old, mean religion?",L-303,GROWsutra,Dare: GOD (etc.),9,1775,13,197.2,1.44,0.7324
Daddy's a Creep ⚞  P3d0 T-Shirts ON SALE ⚟ BLOWsutra EPx4,Daddy's a Creep,L-56,BLOWsutra,Quack: DUCK (shady),4,787,5,196.8,1.25,0.6353
Predators (why war) EP x11 vol.2,Predators (Why War),L-194,KNOWsutra,Ask: PEACE (not war),11,2159,23,196.3,2.09,1.0653
Blaise's Tale ⭐︎ EPx3 ⭐︎ KNOWsutra Folk Cabaret,Blaise's Tale,L-31,KNOWsutra,Ask: PEACE (not war),3,587,5,195.7,1.67,0.8518
AI Fair Use Manifesto EPx3 VOL.1 : LOFI BURLESQUE BLUES,AI Fair Use Manifesto,L-12,KNOWsutra,Ask: (Naked) TRUTH,3,587,5,195.7,1.67,0.8518
What's F-A-S-C-I-S-T? EPx8 VOL. 1 ☆ BLOWsutra JAZZ FOLK Fusion,What's F-A-S-C-I-S-T?,L-292,BLOWsutra,Ask: (Naked) TRUTH,8,1561,11,195.1,1.38,0.7047
Where We Begin (Preakly Peaches) EPx4,Where We Begin (Preakly Peaches),L-297,FLOWsutra,"Trust: WET (my friend),EP: Peachy",4,780,9,195.0,2.25,1.1538
CREEPYPASTA (what the hella) ♲ LoFi DUB Edition ♲ SoundCloud is broken REDUX,Creepy Pasta (What The Hella),L-49,SHOWsutra,Play: FANANA (party),4,777,5,194.2,1.25,0.6435
Ego Ain't Your Amigo ⭐︎ EPx14 VOL. 01 ⭐︎ True Tales of BLUESsutra,Ego Ain't Your Amigo,L-68,BLOWsutra,Speak: EGO (gone loco),14,2715,22,193.9,1.57,0.8103
A Man's A Man for A' That - VOL. 01 - Revolution Forever,A Man's a Man and A' That,L-5,BLOWsutra,Speak: REVOLT (now),3,579,6,193.0,2.0,1.0363
Sutra of Immanence - FLOWsutra Dog Poetry - Jazz & Dub EPx3,Sutra of Immanence,L-236,FLOWsutra,Trust: FLY (like water),3,577,10,192.3,3.33,1.7331
Double Standards EPx4 VOL. 2 ★ BLOWsutra LOFI,Double Standards,L-64,BLOWsutra,Dare: DARE (to care),4,765,4,191.2,1.0,0.5229
Hi · My Name Is (Not Celine Dion) - Vol02 EPx11 - SHOWsutra Dubby Grass Burlesque Edition,"Hi, My Name Is (Not Celine Dion)",L-99,SHOWsutra,Play: FANANA (party),11,2091,12,190.1,1.09,0.5739
Who Knows Where How Happiness Truly Grows ☰ GROWsutra EPx29,Who Knows Where How Happiness Truly Grows,L-300,GROWsutra,Dare: KIND(ness),29,5511,45,190.0,1.55,0.8165
Poetry Matters EP vol.3,Poetry Matters,L-189,GLOWsutra,Bless: POET(ry),3,569,8,189.7,2.67,1.406
Joseph Campbell's Truth Metaphors ☷ KNOWsutra EPx12,Metaphors' Edge (Joseph Campbell's song),L-160,KNOWsutra,Ask: (Naked) TRUTH,12,2268,22,189.0,1.83,0.97
Truth Don't Care ✗ EPx2 ✗ KNOWsutra Psychedelic Muse Cabaret,Truth Don't Care,L-271,KNOWsutra,Ask: (Naked) TRUTH,2,378,3,189.0,1.5,0.7937
Carnival FOTUS (ctd) EP X3,Carnival FOTUS (ctd),L-41,QUACKsutra,Quack: FOTUS Circus,3,567,6,189.0,2.0,1.0582
Crimina/els EP,,"L-52,L-394,L-53",BLOWsutra,"Speak: APES (gone wrong),EP: Criminals · EP: Criminals,Ask: BERTRAND (knows) · Speak: APES (gone wrong),EP: Criminals,World: FRENCHsutra",3,567,6,189.0,2.0,1.0582
A stroll down history’s lane ☆ KNOWsutra ☆ EPx6 Vol. 1,A Stroll Down History’s Lane,L-7,KNOWsutra,Ask: PEACE (not war),6,1133,10,188.8,1.67,0.8826
Up a San Francisco Hill EP(x4) VOL.2,Up a San Francisco Hill,L-277,GLOWsutra,Bless: RAINBOWS (in my clouds),4,753,9,188.2,2.25,1.1952
Oh · Freedom EP x10 ♛ BLUESsutra (Public Domain Lyrics),"Oh, Freedom",L-172,BLOWsutra,Speak: REVOLT (now),10,1877,24,187.7,2.4,1.2786
Atheist Tango EP x9 VOL. 1 ☰ Waldo's Burlesque Tales of Truth,The Atheist Tango,L-243,GROWsutra,Dare: GOD (etc.),9,1668,23,185.3,2.56,1.3789
I Ain't No Christian (No Holy Fool) ♥ EPx4 VOL. 01,I Ain't No Christian,L-109,KNOWsutra,Ask: BERTRAND (knows),4,737,8,184.2,2.0,1.0855
Relative Steve - KNOWsutra Hip de la HoP EPx2 Bass Interlude,Relative Steve,L-206,BLOWsutra,Speak: EGO (gone loco),2,365,7,182.5,3.5,1.9178
Can You Play Win Win Games Or No? GROWsutra (Kindness Matters) Dubby Dub Dub EPx6,Can You Play Win-Win Games Or No?,L-338,GROWsutra,Dare: KIND(ness),6,1093,6,182.2,1.0,0.5489
The Invisible Man in the Sky (a song inspired by George Carlin) EPx8 VOL.01,The Invisible Man In The Sky,L-251,GROWsutra,Dare: GOD (etc.),8,1457,13,182.1,1.62,0.8922
Dump Trump EPx4 🪦 BLOWsutra Burlesque ROCK,Dump Trump,L-66,BLOWsutra,Quack: DUCK (shady),4,723,5,180.8,1.25,0.6916
Oh My · Oh Why (Socrates Song) - GROWsutra EPx7,"Oh My, Oh Why (Socrates Song)",L-171,GROWsutra,Ask: But(t) WHY,7,1255,12,179.3,1.71,0.9562
Idiocracy Now ✪ QUACKsutra EPx10,Planet Idiocracy,L-113,QUACKsutra,Speak: APES (gone wrong),10,1785,16,178.5,1.6,0.8964
I Think I Need a Good Spank!ng (in Madrid) ⚯ SHOWsutra EPx9,I Think I Need a Good Spank!ng (in Madrid),L-112,SHOWsutra,Trust: WET (my friend),9,1603,13,178.1,1.44,0.811
Untamed EP X3,Untamed,L-276,GROWsutra,Dare: GOD (etc.),3,530,2,176.7,0.67,0.3774
The Accordion of Ignorance EP X4,The Accordion of Ignorance,L-242,QUACKsutra,Quack: FOTUS Circus,4,704,7,176.0,1.75,0.9943
Some Truths (Are Harder to Swallow) EPx7,Some Truths Are Harder to Swallow,L-230,KNOWsutra,Ask: (Naked) TRUTH,7,1231,7,175.9,1.0,0.5686
FOTUS CIRCUS ★ VOL.2 EPx10 ★ BURLESQUEsutra,FOTUS Circus: Ginsberg Hollow (Horror) Show,L-82,QUACKsutra,Quack: FOTUS Circus,10,1740,11,174.0,1.1,0.6322
Poem (I wanted to be · basically) ℘ EPx14 VOL.01,The Poem,L-254,GLOWsutra,Bless: POET(ry),14,2419,20,172.8,1.43,0.8268
Sidération - Spoken Words Intro - EPx3 VOL. 1 of 4,Sidération,L-223,BLOWsutra,"Speak: REVOLT (now),EP: Sidération",3,515,2,171.7,0.67,0.3883
F-BOMB ⚝ SHOWsutra DUB EPx7,F-BOMB,L-75,SHOWsutra,Play: (Be) The Fool,7,1186,5,169.4,0.71,0.4216
Male Fantasies • CheekySUTRA EPx6 VOL. 02,Male Fantasies,L-154,BLOWsutra,Speak: EGO (gone loco),6,1000,6,166.7,1.0,0.6
Linguistic Weaponry EPx4 (Vol 2) DUBsutra,Linguistic Weaponry,L-147,SHOWsutra,Play: FANANA (party),1,164,1,164.0,1.0,0.6098
Poetry Matters ☰ BANJOsutra EPx2,Poetry Matters,L-189,GLOWsutra,Bless: POET(ry),5,780,9,156.0,1.8,1.1538
Kindness - Psychedelic INDIEsutra,Kindness,L-126,GROWsutra,Dare: KIND(ness),2,309,3,154.5,1.5,0.9709
What the Mirror Said (Reste Lucide) - GLOWsutra JAZZ,What the Mirror Said (Reste Lucide),L-290,GROWsutra,Dare: KIND(ness),5,770,7,154.0,1.4,0.9091
Hope is So Do-Do-Dope 🎪🦤 SHOWsutra Surreal Soul Circus EPx9,Hope is Do-Do-Dope,L-104,SHOWsutra,Play: (Be) The Fool,9,1367,9,151.9,1.0,0.6584
Everybody Knows EP x6 : INDIEsutra,Everybody Knows,L-72,KNOWsutra,Ask: PEACE (not war),6,806,3,134.3,0.5,0.3722
Up a San Francisco Hill • Bananasutra Heart Beats,Up a San Francisco Hill,L-277,GLOWsutra,Bless: RAINBOWS (in my clouds),8,795,3,99.4,0.38,0.3774
I Ain't No Christian 🍎 KNOWsutra (Bertrand Knows) Fusion Vol. 3 EPx24,I Ain't No Christian,L-109,KNOWsutra,Ask: BERTRAND (knows),24,0,0,0.0,0.0,0
