sutra,question,practice,themes,alignment,intentions,vibe,mental_health_pivot,takeaway,sutra_id,songbooks,songs
KNOWsutra,Is it true?,Ask,Truth + Morality,"Light,Shadows","beWISE,beGODless,seeHIStory","You are in the mood to fact-check the universe. You are questioning accepted norms, calling out historical paradoxes, and looking for empirical truths without the sugar-coating.",Use KNOWsutra when you feel bamboozled by the media or religious dogmas and need to ground yourself in logic and morality.,"Next time you feel bamboozled by a fast-talking charlatan, you can look at this manifesto, adjust your glasses, and say: 'Ah, I need a KNOWsutra moment. I've asked Is it true? and fact-checked the universe. Now, it's time to speak up.'",01-KNOW,"Ask: (Naked) TRUTH,Ask: BERTRAND (knows),Ask: But(t) WHY,Ask: PEACE (not war)","A New Historical Era,A Stroll Down History’s Lane,AI Fair Use Manifesto,Authentic Innovation Manifesto,Because The Fight,Honest Is Best,How Do You Explain War?,A la Guerre Comme A la Guerre (To War or Not to War?),Criminals (Bertrand Edition),Hard Core,Open The Window,Some Truths Are Harder to Swallow,The Sound Of Logic,Truth I Never Knew (Crushing on Bertrand),Wars Don’t Flow,HashtagWHY (Sorry Not Sorry),""Philosophy, My Dear"",What Justifies The Pain?,What Lessons Do We Forget?,Why Are Kids Allowed To Die? (Why War?),A Letter To My Friend (Never Again),AI Manifesto,Banana Alleluia,Blaise's Tale,But(t) How Can You?,Cassandra's Lullaby,""En Vrai, On Est Tous Frères"",Everybody Knows,Everybody Knows (The Foolishness),Foolish,Foolish Goldfish (Forever),Genius EP,""Genius, You See"",Hole Of Fire,How Do Kids Learn Now?,I Ain't No Christian (Like Bertrand),It's An Ethical Paradox,Kids Are Asking,Kindness ABC,Metaphors' Edge (Joseph Campbell's song),New Normalcy (Planet Earth to Higher Grounds),""Oh My, Oh Why (Socrates Song)"",Peace Matters More,Predators (Why War),Question Di Kingdom,Question The Nation,Shades of Fools (All I Know),Shady Fools,""So, What Is Racism?"",T.R.U.T.H,Tell The Truth,The (Womp Womp) Conquestor,The Conquest of Happiness,The Love of A Dove,There's No Prayer Like Desire,Trauma Begets Trauma,Truth Don't Care,""Two Things, Darling"",What It's About,What's F-A-S-C-I-S-T?,When Did Seduction Become so Untrue?,Who Are You? (And Who Am I?),WIN-WIN (Basic Science History),Maslow (Bro)"
BLOWsutra,Is it fair?,Speak,Justice + Accountability,Shadows,"seeEGO,seeWAR,seeHIStory,beFAIR","You are awake, and you are rightfully outraged. You are staring down the FOTUS Circus and watching the shady ducks and authoritarian apes gone wrong muddy the waters to make themselves look deep. You are in the trenches of the resistance, calling out the secondhand smoke of grandiose narcissists and demanding accountability from those who treat democracy like a rigged game. In this mood, you refuse to be complicit in the silence, choosing instead to spit back the lies and blow the whistle on the great naked kings of the world.","This is where you go to validate your righteous anger and process your grief over a world gone bananas. It is necessary to visit this shadow realm so you do not become a passive passenger to cruelty. But(t) beware: do not let the ego-driven madness trap you! As you've noted, it is incredibly easy to get stuck in BLOWsutra mode, choking on the toxic exhaust of the daily news. When you feel yourself spiraling into despair or paralyzed by Idiocracy Now, you must use this compass to name the mood. Recognize that you are stuck in the shadows, and intentionally switch your frequency to the playful light of SHOWsutra or the serene trust of FLOWsutra to restore your balance.","Next time the news makes you want to pull your hair out, you can look at this manifesto and say: 'Ah, I'm just in a BLOWsutra mood. I've asked Is it fair? and I've spoken my truth. Now, it's time to go bless the dogs.'",02-BLOW,"EP: Criminals,EP: DEFY,EP: Sidération,Speak: APES (gone wrong),Speak: CENSOR(ed),Speak: EGO (gone loco),Speak: REVOLT (now)","Hiding Secrets in Lies,How Deep Is Your Shade?,Pablo's Grandeur,ABC of NPD,Delete My Butt,Kamala's Roots of Resilience,Le Bal Electoral,Le Système,""Le Système, ça voulait dire"",Learn The Signs,Liars,Weary Blues,D.I.M.M.E.R.s,Dear Edward (The Snowden Song),A Liar’s Prize,""But Who Says """"Say My Name"""""",DARVO-A-GOGO,Nietzsche's Gift (Muddy Waters),Silent Followers,Criminels,Freedom To Lie Is The New Human Right,GROCK,Rebellion à L'Unisson,Serial Blowers,The Cabaret Where No One Knows,We Must Revolt,A Man's a Man and A' That,All the -Isms,Arrogant Hearts (Second hand Smoke),Bloom Past Doom,Comme Des Pions,Creeps,Criminals,Do Panic Now,Ego Ain't Your Amigo,EGO's Masquerade,Grifters,""Hey, Creeps"",""Hey, You (Creepers)"",Idiocracy Now,If We Had But(t) The Truth,Ironic Moronic Eugenics,Jolly Poo,L’Embobinage,Le Bal Des Salauds,Le P'tit Jupiter,Liberty,Male Fantasies,Males Fantasies (vol2),Mass Media Freakshow,Men-Oh-Pause,""No Fear, My Dear"",""Oh, Freedom"",Okie Dokie (No It's Not),Optics Of Cruelty (DEFY),""Oy, We Care"",Read Me Harder (BB is for Banned Books),Relative Steve,Revolution's Lit,Rhinoceross,""Rise Up, You Naked Peoples (Freedom Rings)"",Second Hand Smoke (Arrogant Hearts),Secret De Polichinelle,Shameless (DEFY),Sidération,Sidération (The Sky Stood Still),Sidération Blues,Sidération's Calling,Spit Back the Lies,Supreme Words (Whoop Whoop),""Thank you, Mister Paine"",The Dystopian Quiz Song,The Echo Song,The Narcissist's Cabaret,""They Call It Freedom (Oh Hi, Sweet Honey Bun)"",Time For Rebel Romance,Trust No One,Universal Currency,What Dissent Looks Like Now,What If -Ism,Win-Win In Unity,Wonderland of Bias,""It's Enshittification, Darling"""
QUACKsutra,Is it foul?,Fight,FauXism,Shadows,beWOKE,"You are done being polite about it. You have named the duck, the grifter, the clown-king, the whole rotting FOTUS circus — and you are no longer pretending it's normal. You are pointing the sharpest banana at the naked emperor, documenting the absurdity with surgical precision, and calling out the quacks one foul tweet at a time. In this mood, you are a whistleblower with a sense of humor and absolutely zero patience for the cult of mediocrity masquerading as power.","This is the sutra for when the daily news feels like a bad SNL sketch that never ends. Use QUACKsutra to name the ducks, call the quacks, document the spectacle — but do not live here. QUACKsutra is sharp medicine, not a permanent residence. When the ducks multiply faster than you can document them, pivot to SHOWsutra to laugh at the great naked king, or to BLOWsutra to channel your outrage into principled action. Duck-watching is not the same as resistance.","Next time the freakshow king tweets from the throne and your jaw drops to the floor, you can look at this manifesto, pick up your sharpest banana, and say: 'Ah, I'm in a QUACKsutra mood. I've asked Is it foul? and I've named every last duck. Now, it's time to blow that whistle and bless the republic.'",02-QUACK,"Speak: DUCK (shady),Speak: FOTUS Circus,Speak: MAxxxA Saga","Ain't No Kid,Chuck Ain't Woke,""FOTUS Circus: Come On In, You Wretched Fools"",""FOTUS Circus: Step Inside, Don’t Mind The Crime"",""FOTUS Circus: Step right up, My Dearest Souls"",""FOTUS Circus: Welcome, You Fools"",Jingoism 101,Like A Criminal Strong Man,Twatocracy (Encore et Encore),Presidential Joke of The Year,Chuck-A-Dick,Felon Nation,Freakshow King,Hitlus With Your Best Shot,""Oh, WELP… The Duck."",Radio Static (The Dystopian Cabaret),""Shame on You Boo (Don-Be-Gone Orchestra, Duck of the Jungle)"",Syndrome Nom Nom,Trump Derangement Syndrome ™,Tweeting from the Throne,Duck OFF my back,Ignoramus Divine,Profane Obscenities,Carnival FOTUS (ctd),Creepy Con Meme,Daddy's a Creep,Dump Trump,FOTUS Circus: Angels Eyes,FOTUS Circus: Ginsberg Hollow (Horror) Show,Hide Your Pets,""It's War, My Friend"",Kamala Has A Dream,L'Accordéon De l'Ignorance,MAHA (Make America Humane Again),MAKA (Make America Kind Again),Make Amurica Gulag Again (MAGA),MAMA (Make America Mine Achtung),MASA (Make America Safe Again),MAWA (Make America Woke Again),Mind the Felon,Pedo Nation (Felon Nation Redux),Project 2025 (Honky tonk dreams in the land of the free),RUN (Now If You Can),Shining Twins,SS Means Sacred Sp3rm,Stymy Stymy Yuck,The Accordion of Ignorance,The Ducktator (Lament),The Grazed Duck Luck,The President’s Above The Law,The Tyranny of Ignorance,The Weave,Who's Your Vladdy?,Why You Lie (To The People's Face)?,Woke 'em Whacks"
SHOWsutra,Is it fun?,Play,Joy + Absurdity,Light,"beFOOL,beSILLY","You are embracing the cosmic joke. You realize that perfection is a lie, and the best way to fight the madness is to dance in the cabaret as a holy fool.","This is your emergency release valve. When the politics of BLOWsutra make you want to scream, SHOWsutra reminds you that angels fly because they take themselves lightly. It’s time for a banana joke.","Next time the absurdity of the world feels too heavy to carry, you can look at this manifesto, put on a red nose, and say: 'Ah, I need a SHOWsutra break. I've asked Is it fun? and laughed at the madness. Now, it's time to go play.'",03-SHOW,"Play: (Be) The Fool,Play: B.J. (is for banana jokes),Play: FANANA (party)","Frogs in the Cogs,""Just Be You, Oooh!
(A Birthday Sing-Along)"",Lyrics Matter (FOOsutra) EDIT,Please Pardon My French,Real Winners Dance,Acoustic Attraction,Acousticophilia,Be The Fool (Embrace The Cracks),Be The Fool (Perfection Is A Lie),Fool On A Mission (No Name Game),Freedom Fries,Lolita In Pensacola,""Not Bad, Friendo"",A Good Witch,Blessed By The Wiggle,F is for Fabulous,Gunther BBQ,I Know You Didn’t Ask,Rachel Barks,Bananasutra Cabaret,Buuuuurn!,Come Waddle With Me,Enshittification (Word of the Year),Lyrics Matter (FOOsutra),Penguins In Shoes,Singing Heavenly In Five Steps,Skanking Pickles,The Seven Sutras of Banana,This Is Not A Banana,7 Dirty Words,An American in Paris (Public Domain),Banana joke making us laugh,Bee the Fool (Not A Lie),Blessed Are The Cracked,Bo Burnham Covers,Creepy Pasta (What The Hella),Dressed In (Nothing Butt) Wonder,F-BOMB DUB,Gladys in Sonderland,Hammy On Clyde,""Hi, My Name Is (Not Celine Dion)"",Hope is Do-Do-Dope,""I Did The Math (Everything is Stupid, Absurd, and Divine"",I Think I Need a Good Spank!ng (in Madrid),Linguistic Weaponry,Segggsting,Some Songs Are More Fun Than Others,SynthemaSutra,The Fool Who Knows,The Great Naked King,Who Needs A Big D?,Zappa's Religion"
GROWsutra,Is it brave?,Dare,Courage + Curiosity,"Light,Shadows","beBRAVE,beCURIOUS,beKIND",You are doing the hard work of evolving. You are finding the courage (and the coconuts!) to care deeply in an apathetic world. You are choosing empathy over hypocrisy and win-win over zero-sum games.,"When you feel defeated or scared to speak your truth, GROWsutra is your pep talk. It gives you the strength to break the chains and leave the ordinary behind.","Next time you feel pressured to conform to a zero-sum game, you can look at this manifesto, channel your inner rebel, and say: 'Ah, I'm just in a GROWsutra mood. I've asked Is it brave? and found my coconuts. Now, it's time to step into the light.'",04-GROW,"Dare: DARE (to care),Dare: GOD (etc.),Dare: KIND(ness)","Kids Just Want To Have Hope,Possum Scrotum,Broken Whole,How Do We Find Meaning?,Let’s Play A Game Where We All Win! (If The Game Is Absurd),Blessed be Your Voice,Can You Play Win-Win Or No?,Do you ever Wonder?,Our Best (The Four Commandments),The Courage To Care,Love from the Future (The Hesse Song),ABC Of Kindness,Because the Light,""Courage, care, and coconuts"",Double Standards,El Papito (Es No MAGA Show),Glitter On A Turd,""Hello, Oh No"",""Hereby, I Cry"",""Hold The Mic, Babe"",Jealousy (Not For Me),Kindness,Kindness,La Force Douce,Make your Own Bible,No Holy Fool,""No, I'm Not Being Political (CIRCA 2025)"",""No, I'm Not Being Political (CIRCA 2026)"",Nous Sommes Le Feu,One Percent Rising,Ordo Amoris in Decay (All I Want Is To Believe),Peel Me Kindly,""Pro-life Means What, Honey?"",Queer Almighty,Reason Over Reverence,Seminal Bollocks,Shush (How To Help A Bible Bro Grow Up),Sing Your Own Gospel,The Atheist Tango,The Invisible Man In The Sky,Tune In The Tender,Untamed,V.O.I.C.E.S (Blessed Be),V.O.I.C.E.S (What You Want Baby),Waldo's Atheist Tango,Waldo's Fascist Tango (Down We Go),We Live Not By Lies,We Remember What (We Remember What) We Feel☉,What the Mirror Said (Reste Lucide),What’s Behind Every Door?,Where Hope Expires,Who Knows Where How Happiness Truly Grows,""Why trust an old, mean religion?"",Why We Can't Be Brave?,WIN-WIN (dub),Zero Sum (Zero Sean)"
FLOWsutra,Is it free?,Trust,Trust + Adaptability,Light,"beYOU,beWISE,beKIND,beHUMBLE,beBRIGHT","You are slipping into the stream and letting go of rigid control. You realize that the river doesn't argue with the rock—it just flows. In this mood, you are formless, full of grace, and done chasing wild geese on corporate horizons. You aren't doing bad doing nothing. Instead of fighting the tide, you are embracing serendipity, trusting the rhythm, and letting your soul flow into the quiet, magical spaces where you are finally free.","This is your antidote to the grind. When you find yourself overthinking, grasping, stumbling, and carrying the heavy baggage of a world gone bananas, you are trying too hard, my friend. When your knuckles are white from holding on to control, use this compass to name the mood. It is time to pivot to FLOWsutra. Stop it and just be. Drop your armor, your worries, and your shoes, and take a meditative dive underground where true dreams breathe. Let go of fear, because there's nothing to lose when you flow like water.","Next time you find yourself stuck in the mud of over-worrying, you can look at this manifesto, take a breath, and say: 'Ah, I'm fighting the current. I need to ask Is it free? and practice some Trust. It's time to be water, my friend.'",05-FLOW,"EP: Peachy,Trust: FLY (like water),Trust: WET (my friend)","Bare Your Soul (Velvet),Peace Unseen,Win-Win After Midnight,Camus Dit Oui,Feel The Sway,Feral Fandango,Open The Meow,Oxytocin,Life's A Song,Self-Remembering,""Out of Step, Out Of Mind"",""Too Hard, My Friend"",Ain't Doing Bad Doing Nothing,Curious Like A Kiss,Flow Like Water (My Friend),Fluye (como el mar),""Freee, La Fille"",Just Be,Kiss A Pulse,Let's Do It,Making Songs Like,Sous Terre (Underground),Sutra of Immanence,They Call Her Wild (But She's Just Free),Thrifting Memories,Wet (Prickly) Peaches vol.2,When We Duende (All Night),When We Duende (Encore),Where We Begin (Preakly Peaches),Whispers (Lithium),""Lightly, My Darling"""
GLOWsutra,Is it full?,Bless,Gratitude + Poetry,Light,"beGRATEFUL,beWONDROUS","You are shimmering with thankfulness. You are noticing the small, sacred things—a good cup of coffee, a rainbow in the clouds, or the sheer poetry of being alive.","When life feels scarce or cynical, GLOWsutra is the practice of radiating warmth. It shifts your focus from what is missing to what is abundant.","Next time you feel overwhelmed by the grey cynicism of the daily grind, you can look at this manifesto, notice the light, and say: 'Ah, I'm ready for a GLOWsutra mood. I've asked Is it full? and found my gratitude. Now, it's time to shimmer.'",06-GLOW,"Bless: POET(ry),Bless: RAINBOWS (in my clouds)","More Than A Plate (Anthony Bourdain <3),Poets Hats,Awe Is Like...,Berries & Beaches,Dream A Dog,Clay Maiden,Grateful For The Weird,Maupassant,The World We Knew,Wear The Words,A Toast To The Good Life,Awe Is Mighty,Creo (La Poesia),Donkeys Years,French Poppies,Jacques Brel,La Poesia Importa,My Quest,""Poem (I wanted to be, basically)"",Poetry Matters,Poetry Nah Lie,Poetry Slow Burns,Rainbows in the Clouds,She Wears The Words,The Poem,The Quest,This Is My Quest,To Dream,Up a San Francisco Hill"
BOWsutra,Is it awe?,Bow,Awe + Humility,Light,beHUMBLE,"You are experiencing the ultimate, glorious grace of existence. You are honoring the unseen, respecting the profound mysteries of life and death, and bowing to the magic of the soul.","When ego or grief takes over, BOWsutra grounds you. It teaches that grief and gratitude are the same feeling, and reminds you that the ones we love are just dogs in the sky waiting in the next room.","Next time the weight of loss or the arrogance of ego tries to take the wheel, you can look at this manifesto, look up at the stars, and say: 'Ah, I need a BOWsutra moment. I've asked Is it awe? and bowed to the mystery. Blessed be the dogs.'",07-BOW,"Bow: (Thank) Dogs,Bow: Cosmic Bananas,Bow: Death (is nothing),EP: Best Teacher Award","But Where Do Pigeons Go To Die?,Who Knows What Goes On?,The Umm Song,Blessed Be The Dogs,Darling,Dead Dogs Deets,Easy (Death Is Nothing At All),Like A Dog In The Sky,Like A Dog In The Sky (SHOWsutra Edition),""Oh, Martine"",""We’re Tiny Specks, Right?"""
