playlist_name,playlist_url,sutra,genres,track_count,total_plays,total_likes,duration_total,artwork_url,sc_playlist_type,scplaylist_in_app,songbook_id,sc_eps_link
BANJOsutra,https://soundcloud.com/bananasutra/sets/banjosutra,,"BANJO,BLUES,BURLESQUE,DUB,FOLK,INDIE,JAZZ,LOFI,MANTRA,ROCK",146,49331,421,7:38:00,https://i1.sndcdn.com/artworks-iPtXxjIVQyjzpElZ-rzZZyw-t500x500.png,genre (all),,,"A Letter to My Friend (Never Again) EPx44 ☮ GROWsutra World Peace Mantra,A Man's A Man for A' That - VOL. 01 - Revolution Forever,A stroll down history’s lane ☆ KNOWsutra ☆ EPx6 Vol. 1,AI Fair Use Manifesto EPx3 VOL.1 : LOFI BURLESQUE BLUES,All the -Isms | BLOWsutra EPx7,Because the Light ☉ EPx4 VOL.01,Bee the Fool EP x2 : BANJOsutra,Blaise's Tale ⭐︎ EPx3 ⭐︎ KNOWsutra Folk Cabaret,But(t) How you Kids Learn Now? EPx9 VOL. 01,Courage · Care · and Coconuts © GROWsutra EPx4,CREEPYPASTA (what the hella) ♅ SHOWsutra ♅ EPx23 Side A+B,Dressed in (nothing butt) Wonder ★ Exxxplore and Play (EP) x16 Bananas,Ego Ain't Your Amigo ⭐︎ EPx14 VOL. 01 ⭐︎ True Tales of BLUESsutra,En Vrai · On Est Tous Frères ䷁ FRENCH BLUESsutra EPx5,FOTUS CIRCUS ★ VOL.2 EPx10 ★ BURLESQUEsutra,FOTUS CIRCUS ★ VOL.3 EPx9 ★ BURLESQUEsutra,FOTUS CIRCUS ★ VOL.4 EPx9 ★ BURLESQUEsutra,Gladys in Sonderland EPx14 • SHOWsutra Psychedelic Gipsy Dream,Grifters • BLOWsutra (Apes Gone Wrong) EPx14,Hammy On Clyde ✪ SHOWsutra EPx8,Hard Core (Questions that Matter) X5,HashtagWHY (to be ctd...),Hi · My Name Is (Not Celine Dion) - Vol02 EPx11 - SHOWsutra Dubby Grass Burlesque Edition,Hold the Mic · Babe  EP X7 | Soul Prayer Lullabies,How to Help a Bible Bro Grow Up · In the name of Religious Freedom,Idiocracy Now ✪ QUACKsutra EPx10,Ironic Moronic Eugenics ☤ What Happens When KNOWsutra & BLOWsutra Make a Baby,Jolly Poo - EPx15 VOL. 01 - Banjo Blues BLOWsutra,Just Be EP X7 | Vocal Honey Audio Ideals,Kindness Matters - Human Life Soundtrack EP,Lightly · My Darling ✦ FLOWsutra (Fly Like Water) BANJO EPx5,MAKA MAKA EPx7 ⭐︎ MAxA Series · Vol. 4,Male Fantasies • CheekySUTRA EPx6 VOL. 02,MASA (Make America Safe Again) ✮ EPX12 ✮ QUACKsutra Psychedelic BANJO,MAxA Alphabet Series Compilation - Make America Humane · Kind · Safe · Smart · etcetera Alright?!,New Normalcy (Planet Earth to Higher Grounds) EP x7,Nietzsche's Gift (They Muddy the Water to Make it Look Deep) - KNOWsutra EPx13 Vol. 5,Oh · Freedom EP x10 ♛ BLUESsutra (Public Domain Lyrics),Okey Dokey · No It's Not Ξ EPx5 Ξ LOFIsutra,Pedo Nation ★ Felon Nation Redux ★ BLOWsutra EPx14,Poem (I wanted to be · basically) ℘ EPx14 VOL.01,Poetry Matters ☰ BANJOsutra EPx2,Pro-life means what · honey?,Queer Almighty (Holy Questions Matter) - EPx16 VOL. 02,Question di Kingdom ✰ Ragga DUBsutra EPx10,Reason over Reverence (No need for God) ☷ KNOWsutra EPx6,RUN (now · if you can),Second Hand Smoke (of) Arrogant Hearts - BLOWsutra EGO Therapy EPx6,Segggsting • SHOWsutra EPx6 • French Burlesque Jazz Cabaret,Shades of Fools EPx9,Tell the Truth EP x4 BLUESsutra,The Dystopian Quiz Song ★ EPx15 ★ Acoustic SOULsutra,They Muddy the Waters (aka Nietzsche's Gift) EPx5 VOL. 04,Trump Derangement Syndrome ™ EPx7,Untamed EP X3,Wet (Prickly) Peaches vol.2,Who's Your Vladdy? EPx10 ☿ BLOWsutra World Peace Fusion Indie,Why Trust an Old · Mean Religion? EPx9 VOL. 01"
BLOWsutra,https://soundcloud.com/bananasutra/sets/sutrablow,BLOWsutra,"BANJO,BLUES,BURLESQUE,DUB,FOLK,INDIE,JAZZ,LOFI,MANTRA,ROCK",416,237670,2237,23:31:26,https://i1.sndcdn.com/artworks-iPtXxjIVQyjzpElZ-rzZZyw-t500x500.png,sutra (all),,,"A stroll down history’s lane ☆ KNOWsutra ☆ EPx6 Vol. 1,All the -Isms | BLOWsutra EPx7,Because the Light ☉ EPx4 VOL.01,Bloom Past Doom (Apes Gone Wrong Series) EPx5 - BLOWsutra (Revolt Now)  Grassroots Hope Song,Bloom Past Doom - Vol. 2 · 2 songs EPx7 - BLOWsutra (Revolution Ring Series) Fusion Jazz,Crimina/els EP,DEFY (Vol 2) - 3 Songs EPx6 - BLOWsutra Revolution Ring LoFi Jazz Fusion,DEFY ✰ 3 Songs EPx7 ✰ BLOWsutra Jazzy Folk Lo-Fi BLUES,Double Standards EPx3 VOL. 1 • BURLESQUEsutra,Ego Ain't Your Amigo • Vol. 2 · EPx21 • BLOWsutra (Ego Gone Loco)  Dub LoFi Burlesque,EGO's Masquerade • EPx4 • BLOWsutra Tzigane Trip Hop Lo-Fi INDIE,Ethical Paradox (Bertrand Undone),Grifters • BLOWsutra (Apes Gone Wrong) EPx14,Hereby · I Cry ☠ BLOWsutra EPx5,Hey · Creeps • EPx20 • BLOWsutra Ego Gone Loco,Hey · You ✖ EPx8 ✖ BLOWsutra Indie Punk ROCK,If We Had But(t) The Truth • Vol. 2 EPx22 • BLOWsutra (Censored) Epstein Etcetera Soundtrack,Ironic Moronic Eugenics ☤ What Happens When KNOWsutra & BLOWsutra Make a Baby,Jolly Poo - EPx15 VOL. 01 - Banjo Blues BLOWsutra,L'Accordéon de l'Ignorance EP X9,Le Système EP MIX X16 | Bluesy French Jazz,MAHA (Make America Humane Again) ☆ VOL.2 EPx6 ☆ BLOWsutra (MAxA Series) Psychedelic Trip Hop,Make Amurica Gulag Again ☭ BLOWsutra DUB EPx25,Male Fantasies - bananasutra EPx2 Vol. 03,MAMA-B-C (Make America Mine Achtung Encore) • BLOWsutra MAxA Series EPx3,MAMA-B-C (Make America Mine Achtung) • BLOWsutra MAxA Series EPx8,MASA (Make America Safe Again) ✮ EPX12 ✮ QUACKsutra Psychedelic BANJO,MAxA Alphabet Series Compilation - Make America Humane · Kind · Safe · Smart · etcetera Alright?!,Mind the Felon EP X5 | JAZZ LOFI : Psychedelic Paradox Soul Chanson,No Fear · My Dear ❢ BLOWsutra Revolution Ring Jazz EPx19,Oh · Freedom EP x10 ♛ BLUESsutra (Public Domain Lyrics),Okey Dokey · No It's Not Ξ EPx5 Ξ LOFIsutra,Project 2-0-2-5 (Explicit Fascism Advisory) • Pray for Murica SOULsutra EPx7,Question the Nation • EPx10 • BLOWsutra Psychedelic Dub Revolution,RHINOCEROSS ♦ EPx7 ♦ BLOWsutra Surreal Real Poetry,Rise Up · You Naked Peoples (Freedom Rings) ☆ BLOWsutra Victor Hugo Revolution Song,RUN (now · if you can),Second Hand Smoke (of) Arrogant Hearts - BLOWsutra EGO Therapy EPx6,Serial BLOWerrr ✰ RAGGA DUBsutra,Shady Fools (Oh Can’t You See?) • Vol. 2 EPx9 • BLOWsutra Ego Gone Loco LoFi Burlesque,Sidération - The Sky Stood Still - EPx6 VOL. 2 of 4,Spit Back The Lies • BLOWsutra (Revolution Ring) EPx20,SS Means Sacred Sp3rm ☠ BLOWsutra EPx19,Stymied Felon goes Stymy Stymy Yuck Encore - Freee Bonus EPx2 VOL.02,Stymy Stymy Yuck : A Story of Old Bastards - EPx5 VOL.1 - DUBsutra,The Accordion of Ignorance EP X4,The Echo Song Song ☭ Vladimir Vysotsky - EPx6  English Cover ☭ BLOWsutra Gipsy Trip Hop Trip,They Call It Freedom (Oh Hi · Sweet Honey Bun) ✯ BLOWsutra (Revolt Now) EPx11,They Muddy the Waters (aka Nietzsche's Gift) EPx5 VOL. 04,This Is What Dissent Looks Like Now - BLOWsutra (Revolution Ring) Jazz Indie LoFi Dream,Time for Rebel Romance ☆ EPx6 ☆ BLOWsutra (Revolt Now) Cabaret,Trust No One EP x3 VOL.1 ☆ BLOWsutra Alternative Indie ROCK,What It's About - Blues Dub Murica Mantra EPx7,What It's About • Vol. 02 EPx6 • BLOWsutra Revolution Ring,What's F-A-S-C-I-S-T? EPx8 VOL. 1 ☆ BLOWsutra JAZZ FOLK Fusion,Where Hope Expires ℧ EPx8 VOL.02,Who's Your Vladdy? EPx10 ☿ BLOWsutra World Peace Fusion Indie,Who's Your Vladdy? EPx2 VOL.02 ☿ BLOWsutra World Peace LOFI + ROCK,Woke 'em Whacks EPx4 : BLUES & DUBsutra (Music Therapy)"
BLOWsutra : APES (gone wrong),https://soundcloud.com/bananasutra/sets/blowsutra-apes-gone-wrong,BLOWsutra,"BLUES,BURLESQUE,DUB,FOLK,INDIE,JAZZ,MANTRA,ROCK",25,12028,109,1:24:53,https://i1.sndcdn.com/artworks-tJXDrinLqIXiRhrv-9pyIzQ-t500x500.jpg,sutra,checked,G-02-APES,"Crimina/els EP,Double Standards EPx3 VOL. 1 • BURLESQUEsutra,If We Had But(t) The Truth ☲ Easterican Profanities EPx5 ☲ QUACKsutra,Mass Media Freakshow EPx13 VOL.02 ⭐︎ Terrence MCKenna KNOWs ⭐︎ Burlesque or Snooze?,New Normalcy (Planet Earth to Higher Grounds) EP x7,No · I'm Not Being Political 🇺🇸 KNOWsutra Indie Dub EPx15,Okey Dokey · No It's Not Ξ EPx5 Ξ LOFIsutra,Ordo Amoris in Decay ♡ GROWsutra EPx6,RHINOCEROSS ♦ EPx7 ♦ BLOWsutra Surreal Real Poetry,Serial BLOWerrr ✰ RAGGA DUBsutra,The Accordion of Ignorance EP X4,The Dystopian Quiz Song ★ EPx15 ★ Acoustic SOULsutra,Waldo's Fascist Tango EPx3 VOL. 1 • Burlesque JAZZ"
BLOWsutra : CENSOR(ed),https://soundcloud.com/bananasutra/sets/blowsutra-censor-ed,BLOWsutra,"BURLESQUE,DUB,FOLK,INDIE,JAZZ,LOFI,ROCK",18,16770,179,55:38,https://i1.sndcdn.com/artworks-oX7ZY3z8JzrLVWyA-Iz5Tsg-t500x500.png,sutra,checked,G-02-CENS,"If We Had But(t) The Truth • Vol. 2 EPx22 • BLOWsutra (Censored) Epstein Etcetera Soundtrack,Le Système EP MIX X16 | Bluesy French Jazz,Men-Oh-Pause 🩸 KNOWsutra EPx14,Read Me Harder (BB is for Banned Books) ☆ SHOWsutra Side A+B EPx19,Some Truths (Are Harder to Swallow) EPx7,SS Means Sacred Sp3rm ☠ BLOWsutra EPx19,This Is What Dissent Looks Like Now - BLOWsutra (Revolution Ring) Jazz Indie LoFi Dream,What's F-A-S-C-I-S-T? EPx8 VOL. 1 ☆ BLOWsutra JAZZ FOLK Fusion,Why We Can't Be Brave? ☷ GROWsutra (Censored) Cello EPx8"
BLOWsutra : EGO (gone loco),https://soundcloud.com/bananasutra/sets/knowsutra-ego-gone-loco,BLOWsutra,"BANJO,BLUES,BURLESQUE,DUB,FOLK,INDIE,JAZZ,LOFI,MANTRA,ROCK",36,30817,343,2:01:22,https://i1.sndcdn.com/artworks-qfOVhmHG1WJJqjc9-k1w2VA-t500x500.png,sutra,checked,G-02-EGO,"All the -Isms | BLOWsutra EPx7,Ego Ain't Your Amigo • Vol. 2 · EPx21 • BLOWsutra (Ego Gone Loco)  Dub LoFi Burlesque,EGO's Masquerade • EPx4 • BLOWsutra Tzigane Trip Hop Lo-Fi INDIE,Hey · Creeps • EPx20 • BLOWsutra Ego Gone Loco,Hey · You ✖ EPx8 ✖ BLOWsutra Indie Punk ROCK,Ironic Moronic Eugenics ☤ What Happens When KNOWsutra & BLOWsutra Make a Baby,Jolly Poo - EPx15 VOL. 01 - Banjo Blues BLOWsutra,Male Fantasies - bananasutra EPx2 Vol. 03,Muddy Waters EP,Nietzsche's Gift (They Muddy the Water to Make it Look Deep) - KNOWsutra EPx13 Vol. 5,Second Hand Smoke (of) Arrogant Hearts - BLOWsutra EGO Therapy EPx6,They Muddy the Waters (aka Nietzsche's Gift) EPx5 VOL. 04,Trust No One EP x3 VOL.1 ☆ BLOWsutra Alternative Indie ROCK,Where Hope Expires ℧ EPx8 VOL.02"
BLOWsutra : MAxA Series,https://soundcloud.com/bananasutra/sets/blowsutra-maxa-series,BLOWsutra,"BANJO,BLUES,BURLESQUE,DUB,FOLK,INDIE",14,12191,114,49:16,https://i1.sndcdn.com/artworks-uDzqzbtn80lOeo3H-hV475g-t500x500.png,sutra,checked,G-02-MAXA,"MAKA MAKA EPx7 ⭐︎ MAxA Series · Vol. 4,Make Amurica Gulag Again ☭ BLOWsutra DUB EPx25,MAMA-B-C (Make America Mine Achtung) • BLOWsutra MAxA Series EPx8,MASA (Make America Safe Again) ✮ EPX12 ✮ QUACKsutra Psychedelic BANJO,MAxA Alphabet Series Compilation - Make America Humane · Kind · Safe · Smart · etcetera Alright?!"
BLOWsutra : REVOLT (now),https://soundcloud.com/bananasutra/sets/blowsutra-revolt-now,BLOWsutra,"BANJO,BLUES,BURLESQUE,DUB,FOLK,INDIE,JAZZ,LOFI,MANTRA,ROCK",36,22719,256,1:59:19,https://i1.sndcdn.com/artworks-FCpNyoKfIRn6bNzD-59cLWg-t500x500.png,sutra,checked,G-02-REVO,"A Man's a Man and A' That (à la bananasutra) EPx3 - VOL. 02 - Revolution Forever,A Man's A Man for A' That - VOL. 01 - Revolution Forever,Because the Light ☉ EPx4 VOL.01,Bloom Past Doom (Apes Gone Wrong Series) EPx5 - BLOWsutra (Revolt Now)  Grassroots Hope Song,DEFY ✰ 3 Songs EPx7 ✰ BLOWsutra Jazzy Folk Lo-Fi BLUES,Do Panic Now ✝ GROWsutra EPx13,No Fear · My Dear ❢ BLOWsutra Revolution Ring Jazz EPx19,Oh · Freedom EP x10 ♛ BLUESsutra (Public Domain Lyrics),Oy · We Care 🦆 QUACKsutra Psychedelic Punk Rock Mantra EPx4,RUN (now · if you can),Sidération - Spoken Words Intro - EPx3 VOL. 1 of 4,Sidération - The Sky Stood Still - EPx6 VOL. 2 of 4,Sidération's Calling - White House's Burning - EPx13 Vol 4 of 4,Thank you · Mister Paine - American Accountability Revolution Blues EPx3,The Echo Song Song ☭ Vladimir Vysotsky - EPx6  English Cover ☭ BLOWsutra Gipsy Trip Hop Trip,The Echo Song ☭ Russian EPx3 ☭ Gipsy BLOWsutra LoFi Blues (Vladimir Vysotsky Cover),They Call It Freedom (Oh Hi · Sweet Honey Bun) ✯ BLOWsutra (Revolt Now) EPx11,Time for Rebel Romance ☆ EPx6 ☆ BLOWsutra (Revolt Now) Cabaret,We Live Not By Lies ⚬ EPx12 ⚬ GROWsutra Revolution Ring"
BLUESsutra,https://soundcloud.com/bananasutra/sets/bluessutra,,"BANJO,BLUES,BURLESQUE,DUB,FOLK,INDIE,JAZZ,LOFI,MANTRA,ROCK",187,91015,1022,10:39:02,https://i1.sndcdn.com/artworks-iPtXxjIVQyjzpElZ-rzZZyw-t500x500.png,genre (all),,G-00-BLUES,"AI Fair Use Manifesto EPx3 VOL.1 : LOFI BURLESQUE BLUES,Ain't Doing Bad Doing Nothing ⭐︎ Public Domain Vol. 02 EPx10 ⭐︎ FLOWsutra Wet JAZZ,All I Know • Shades of Fools (It's the Why) • KNOWsutra EPx5 Vol. 02,Best Teacher Award · in Love & Death : Indie Bliss EPx3 VOL. 1 : BOWsutra,Bloom Past Doom - Vol. 2 · 2 songs EPx7 - BLOWsutra (Revolution Ring Series) Fusion Jazz,Cassandra’s Lullaby • KNOWsutra EPx11 World,Daddy's a Creep ⚞  P3d0 T-Shirts ON SALE ⚟ BLOWsutra EPx4,DEFY ✰ 3 Songs EPx7 ✰ BLOWsutra Jazzy Folk Lo-Fi BLUES,Dressed in (nothing butt) Wonder ★ Exxxplore and Play (EP) x16 Bananas,Easy (Death Is Nothing At All) ❣ BOWsutra EPx9,Ego Ain't Your Amigo • Vol. 2 · EPx21 • BLOWsutra (Ego Gone Loco)  Dub LoFi Burlesque,Ego Ain't Your Amigo ⭐︎ EPx14 VOL. 01 ⭐︎ True Tales of BLUESsutra,En Vrai · On Est Tous Frères ䷁ FRENCH BLUESsutra EPx5,Everybody Knows ✔ Vol. 03 - EPx7 ✔ KNOWsutra Gipsy Trip Hop Truth Prayer Dream,Foolish Goldfish (Forever) ❃ Vol. 02 EPx15 ❃ KNOWsutra Peace (Not War),Freee · La Fille • French SHOWsutra Psychedelic EPx10,Gladys in Sonderland EPx14 • SHOWsutra Psychedelic Gipsy Dream,Grifters • BLOWsutra (Apes Gone Wrong) EPx14,Hammy On Clyde ✪ SHOWsutra EPx8,Hard Core (Questions that Matter) X5,Hello · Oh No • EPx16 • GROWsutra Psychedelic Logic Harmonics,I Ain't No Christian (No Holy Fool) ♥ EPx4 VOL.02,If We Had But(t) The Truth • Vol. 2 EPx22 • BLOWsutra (Censored) Epstein Etcetera Soundtrack,If We Had But(t) The Truth ☲ Easterican Profanities EPx5 ☲ QUACKsutra,Ironic Moronic Eugenics ☤ What Happens When KNOWsutra & BLOWsutra Make a Baby,It's War · My Friend ☳ QUACKsutra EPx15,Jacques Brel : French EPx9 : GLOWsutra Burlesque Indie Blues Gratitude POET(ry),Jealousy (not for me) ♡ GROWsutra EPx22,Jolly Poo - EPx15 VOL. 01 - Banjo Blues BLOWsutra,Joseph Campbell's Truth Metaphors ☷ KNOWsutra EPx12,Kindness Matters - Human Life Soundtrack EP,Kiss A Pulse • GLOWsutra (Lucille Clifton Poetry) EPx16,MAHA (Make America Humane Again) ☆ VOL.2 EPx6 ☆ BLOWsutra (MAxA Series) Psychedelic Trip Hop,MAKA MAKA EPx7 ⭐︎ MAxA Series · Vol. 4,MAMA-B-C (Make America Mine Achtung Encore) • BLOWsutra MAxA Series EPx3,MAMA-B-C (Make America Mine Achtung) • BLOWsutra MAxA Series EPx8,MAxA Alphabet Series Compilation - Make America Humane · Kind · Safe · Smart · etcetera Alright?!,Men-Oh-Pause 🩸 KNOWsutra EPx14,My Quest • EPx6 Vol. 2 • GLOWsutra Jacques Brel Dream,No Fear · My Dear ❢ BLOWsutra Revolution Ring Jazz EPx19,Oh · Freedom EP x10 ♛ BLUESsutra (Public Domain Lyrics),Oh · Martine ❃ French GLOW+BOWsutra ❃ Side A+B EPx28,Pedo Nation ★ Felon Nation Redux ★ BLOWsutra EPx14,Poem (I wanted to be · basically) ℘ EPx14 VOL.01,Pro-life means what · honey?,Project 2-0-2-5 (Explicit Fascism Advisory) • Pray for Murica SOULsutra EPx7,Queer Almighty (Holy Questions Matter) - EPx16 VOL. 02,Question the Nation • EPx10 • BLOWsutra Psychedelic Dub Revolution,Rainbows in the Clouds • GLOWsutra Dub LoFi Blues,Read Me Harder (BB is for Banned Books) ☆ SHOWsutra Side A+B EPx19,Reason over Reverence (No need for God) ☷ KNOWsutra EPx6,RHINOCEROSS ♦ EPx7 ♦ BLOWsutra Surreal Real Poetry,RUN (now · if you can),Second Hand Smoke (of) Arrogant Hearts - BLOWsutra EGO Therapy EPx6,Shades of Fools EPx9,Sidération - The Sky Stood Still - EPx6 VOL. 2 of 4,Sidération Blues - A Song of Wrong - EPx7 Vol 3 of 4,Sing Your Own Gospel • Vol. 2 EPx7 • GROWsutra (God · Etc) Revolutionary Gipsy JAZZ,So · What Is Racism? KNOWsutra Gone Banana EPx17,Spit Back The Lies • BLOWsutra (Revolution Ring) EPx20,SS Means Sacred Sp3rm ☠ BLOWsutra EPx19,Tell The Truth (encore) KNOWsutra EPx9 Vol. 04,Tell the Truth EP x4 BLUESsutra,Thank you · Mister Paine - American Accountability Revolution Blues EPx3,The Accordion of Ignorance EP X4,The Dystopian Quiz Song ★ EPx15 ★ Acoustic SOULsutra,The Echo Song ☭ Russian EPx3 ☭ Gipsy BLOWsutra LoFi Blues (Vladimir Vysotsky Cover),The Great Naked King • SHOWsutra Psychedelick Fools Cabaret EPx30,The Invisible Man in the Sky (a song inspired by George Carlin) EPx8 VOL.01,The Love of a Dove ☩ EPx18 ☩ GROWsutra Peace Fusion Prayer,There's No Prayer Like Desire • KNOWsutra But(t) Why EPx4,They Call It Freedom (Oh Hi · Sweet Honey Bun) ✯ BLOWsutra (Revolt Now) EPx11,Trump Derangement Syndrome ™ EPx7,Tune in the Tender ☲ #GROWsutra EPx9,Two Things · Darling • EPx11 • KNOWsutra (Bertrand) Conscious Gipsy LoFi Blues INDIE,Untamed EP X3,Wet (Prickly) Peaches vol.2,What It's About - Blues Dub Murica Mantra EPx7,Why Trust an Old · Mean Religion? EPx9 VOL. 01,Why You Lie (to the People's Face) EP x7 ☠ QUACKsutra,Woke 'em Whacks EPx4 : BLUES & DUBsutra (Music Therapy)"
BOWsutra : (Thank) Dogs,https://soundcloud.com/bananasutra/sets/bowsutra-thank-dogs,SHOWsutra,"BLUES,BURLESQUE,DUB,INDIE,JAZZ,ROCK",10,2193,30,34:33,https://i1.sndcdn.com/artworks-safSzuvAHiwvn0LF-0u5a3Q-t500x500.png,sutra,checked,G-07-DOGS,"Best Teacher Award · in Love & Death : Indie Bliss EPx3 VOL. 1 : BOWsutra,Blessed Be the Dogs ☰ SHOWsutra EPx9 ☰ Post-Punk Burlesque ROCK,Hammy On Clyde ✪ SHOWsutra EPx8,Sutra of Immanence - FLOWsutra Dog Poetry - Jazz & Dub EPx3"
BOWsutra : DEATH (is nothing),https://soundcloud.com/bananasutra/sets/bowsutra-death-is-nothing,BOWsutra,"BLUES,DUB,INDIE,JAZZ",9,5588,63,27:30,https://i1.sndcdn.com/artworks-PhV4HcOuFKRdx4bD-cO41eQ-t500x500.png,sutra,checked,G-07-DEAT,"Best Teacher Award · in Love & Death : Indie Bliss EPx3 VOL. 1 : BOWsutra,Darling EP,Easy (Death Is Nothing At All) ❣ BOWsutra EPx9,Oh · Martine ❃ French GLOW+BOWsutra ❃ Side A+B EPx28"
BOWsutra the last of 7 sutras · it's divine <3,https://soundcloud.com/bananasutra/sets/bowsutra,BOWsutra,"BANJO,BLUES,BURLESQUE,DUB,FOLK,INDIE,JAZZ,LOFI,ROCK",67,23338,265,2:59:08,https://i1.sndcdn.com/artworks-PhV4HcOuFKRdx4bD-cO41eQ-t500x500.png,sutra (all),,,"Best Teacher Award · in Love & Death : Indie Bliss EPx3 VOL. 1 : BOWsutra,Darling EP,Easy (Death Is Nothing At All) ❣ BOWsutra EPx9,Hold the Mic · Babe  EP X7 | Soul Prayer Lullabies,Oh · Freedom EP x10 ♛ BLUESsutra (Public Domain Lyrics),Oh · Martine ❃ French GLOW+BOWsutra ❃ Side A+B EPx28,Poetry Matters EP vol.3,Untamed EP X3,We're Tiny Specks · Right • BOWsutra"
BURLESQUEsutra,https://soundcloud.com/bananasutra/sets/burlesquesutra,,"BANJO,BLUES,BURLESQUE,DUB,FOLK,INDIE,JAZZ,LOFI,MANTRA,ROCK",296,120525,1094,16:13:00,https://i1.sndcdn.com/artworks-iPtXxjIVQyjzpElZ-rzZZyw-t500x500.png,genre (all),,G-00-BURL,"AI Fair Use Manifesto EPx3 VOL.1 : LOFI BURLESQUE BLUES,Ain't Doing Bad Doing Nothing ⭐︎ Public Domain Vol. 02 EPx10 ⭐︎ FLOWsutra Wet JAZZ,All I Know • Shades of Fools (It's the Why) • KNOWsutra EPx5 Vol. 02,All the -Isms | BLOWsutra EPx7,Atheist Tango EP x9 VOL. 1 ☰ Waldo's Burlesque Tales of Truth,BANANA ALLELUIA ♾ EPx5 ♾ KNOWsutra BURLESQUE,Blaise's Tale ⭐︎ EPx3 ⭐︎ KNOWsutra Folk Cabaret,Blessed Are the Cracked EP X3,Bloom Past Doom (Apes Gone Wrong Series) EPx5 - BLOWsutra (Revolt Now)  Grassroots Hope Song,Bo Burnham Gone Bananas 🍌 COVERsutra Vaudeville Indie JAZZ EPx11,But(t) How you Kids Learn Now? EPx9 VOL. 01,Carnival FOTUS (ctd) EP X3,Cassandra’s Lullaby • KNOWsutra EPx11 World,CREEPYPASTA (what the hella) ♅ SHOWsutra ♅ EPx23 Side A+B,Crimina/els EP,Curious Like A Kiss • FLOWsutra Cheeky Duende EPx11,Daddy's a Creep ⚞  P3d0 T-Shirts ON SALE ⚟ BLOWsutra EPx4,DEFY (Vol 2) - 3 Songs EPx6 - BLOWsutra Revolution Ring LoFi Jazz Fusion,Donkeys Years - SHOWsutra Fanana Club Gratitude EPx20,Double Standards EPx3 VOL. 1 • BURLESQUEsutra,Ego Ain't Your Amigo • Vol. 2 · EPx21 • BLOWsutra (Ego Gone Loco)  Dub LoFi Burlesque,Ego Ain't Your Amigo ⭐︎ EPx14 VOL. 01 ⭐︎ True Tales of BLUESsutra,Everybody Knows EP x6 : INDIEsutra,Foolish EPx5,Freee · La Fille • French SHOWsutra Psychedelic EPx10,Gladys in Sonderland EPx14 • SHOWsutra Psychedelic Gipsy Dream,Glitter on a Turd ❯ GROWsutra Banana Cabaret EPx5,Grifters • BLOWsutra (Apes Gone Wrong) EPx14,Hard Core (Questions that Matter) X5,Hello · Oh No • EPx16 • GROWsutra Psychedelic Logic Harmonics,Hey · You ✖ EPx8 ✖ BLOWsutra Indie Punk ROCK,Hi · My Name Is (Not Celine Dion) - Vol02 EPx11 - SHOWsutra Dubby Grass Burlesque Edition,Hope is So Do-Do-Dope 🎪🦤 SHOWsutra Surreal Soul Circus EPx9,How to Help a Bible Bro Grow Up · In the name of Religious Freedom,I Ain't No Christian (No Holy Fool) ♥ EPx4 VOL.02,I Did the Math · and Everything is Stupid • SHOWsutra Snoopy Fanana Club EPx11,I Think I Need a Good Spank!ng (in Madrid) ⚯ SHOWsutra EPx9,If We Had But(t) The Truth • Vol. 2 EPx22 • BLOWsutra (Censored) Epstein Etcetera Soundtrack,Ironic Moronic Eugenics ☤ What Happens When KNOWsutra & BLOWsutra Make a Baby,Jacques Brel : French EPx9 : GLOWsutra Burlesque Indie Blues Gratitude POET(ry),Jealousy (not for me) ♡ GROWsutra EPx22,Joseph Campbell's Truth Metaphors ☷ KNOWsutra EPx12,Just Be EP X7 | Vocal Honey Audio Ideals,Kiss A Pulse • GLOWsutra (Lucille Clifton Poetry) EPx16,L'Accordéon de l'Ignorance EP X9,L'Embobinage (d'après Carl Sagan) • French GROWsutra EPx17,La Poesia Importa ♕ EPx7 VOL.01 ♕ Bananasutra En Español,Le Bal Des Salauds - French BLOWsutra Indie Gipsy Burlesque EPx9,Le Système EP MIX X16 | Bluesy French Jazz,MAKA MAKA EPx7 ⭐︎ MAxA Series · Vol. 4,Male Fantasies • CheekySUTRA EPx6 VOL. 02,MASA (Make America Safe Again) ✮ EPX12 ✮ QUACKsutra Psychedelic BANJO,Mass Media Freakshow EPx13 VOL.02 ⭐︎ Terrence MCKenna KNOWs ⭐︎ Burlesque or Snooze?,MAWA MAWA EPx2 (if Soundcloud allows) ⭐︎ MAxA Series · Vol. 2,MAxA Alphabet Series Compilation - Make America Humane · Kind · Safe · Smart · etcetera Alright?!,Men-Oh-Pause 🩸 KNOWsutra EPx14,Mind the Felon EP X5 | JAZZ LOFI : Psychedelic Paradox Soul Chanson,New Normalcy (Planet Earth to Higher Grounds) EP x7,Nietzsche's Gift (They Muddy the Water to Make it Look Deep) - KNOWsutra EPx13 Vol. 5,Oh My · Oh Why (Socrates Song) - GROWsutra EPx7,Oh · Freedom EP x10 ♛ BLUESsutra (Public Domain Lyrics),Oh · Martine ❃ French GLOW+BOWsutra ❃ Side A+B EPx28,Ordo Amoris in Decay ♡ GROWsutra EPx6,Oy · We Care 🦆 QUACKsutra Psychedelic Punk Rock Mantra EPx4,Peace Matters More (The Only Wish Worth Making) 🪽 GROWsutra Birthday Wish Song,Predators (why war) EP x11 vol.2,Queer Almighty (Holy Questions Matter) - EPx16 VOL. 02,Read Me Harder (BB is for Banned Books) ☆ SHOWsutra Side A+B EPx19,Reason over Reverence (No need for God) ☷ KNOWsutra EPx6,Secret de Polichinelle 🎪 French EPx10 🎪 KNOWsutra Psychedelic Gipsy Circus,Segggsting • SHOWsutra EPx6 • French Burlesque Jazz Cabaret,Seminal Bollocks - Merry Psychedelic GROWsutra (God Etc.) EPx10,Shades of Fools EPx9,Shady Fools (Oh Can’t You See?) • Vol. 2 EPx9 • BLOWsutra Ego Gone Loco LoFi Burlesque,Sidération - The Sky Stood Still - EPx6 VOL. 2 of 4,Sidération's Calling - White House's Burning - EPx13 Vol 4 of 4,some songs are more fun than others EP x8 ∞,Some Truths (Are Harder to Swallow) EPx7,SS Means Sacred Sp3rm ☠ BLOWsutra EPx19,SynthemaSutra ♆ SHOWsutra Banana EPx8,Tell The Truth (encore) KNOWsutra EPx9 Vol. 04,The Accordion of Ignorance EP X4,The Atheist Tango • Vol. 2 EPx12  •  GROWsutra (God · Etc) Conscious Gipsy LoFi Burlesque Jazz,The Conquest of Happiness (according to Bertrand Russel) ☰ 2 Songs EPx10 ☰ KNOWsutra,The Dystopian Quiz Song ★ EPx15 ★ Acoustic SOULsutra,The Echo Song Song ☭ Vladimir Vysotsky - EPx6  English Cover ☭ BLOWsutra Gipsy Trip Hop Trip,The Great Naked King • SHOWsutra Psychedelick Fools Cabaret EPx30,The Invisible Man in the Sky (a song inspired by George Carlin) EPx8 VOL.01,There's No Prayer Like Desire • KNOWsutra But(t) Why EPx4,They Call It Freedom (Oh Hi · Sweet Honey Bun) ✯ BLOWsutra (Revolt Now) EPx11,They Muddy the Waters (aka Nietzsche's Gift) EPx5 VOL. 04,Time for Rebel Romance ☆ EPx6 ☆ BLOWsutra (Revolt Now) Cabaret,To Dream EP X8 | Jacques Brel Chanson Reimagined : Psychedelic French Poetry JAZZsutra X5,Truth Don't Care ✗ EPx2 ✗ KNOWsutra Psychedelic Muse Cabaret,Up a San Francisco Hill • Bananasutra Heart Beats,Waldo's Fascist Tango EPx3 VOL. 1 • Burlesque JAZZ,We Live Not By Lies ⚬ EPx12 ⚬ GROWsutra Revolution Ring,What the Mirror Said (Reste Lucide) - GLOWsutra JAZZ,What's F-A-S-C-I-S-T? EPx8 VOL. 1 ☆ BLOWsutra JAZZ FOLK Fusion,When We Duende (All Night) EPx9 ☯ DUB + BURLESQUEsutra,Where We Begin (Preakly Peaches) EPx4,Who Knows Where How Happiness Truly Grows ☰ GROWsutra EPx29,Who Needs a Big D? EP x8 VOL. 1 - JAZZ 'n DUB,Why We Can't Be Brave? ☷ GROWsutra (Censored) Cello EPx8,Why You Lie (to the People's Face) EP x7 ☠ QUACKsutra,Zero Sum (Zero Sean) • GROWsutra (Dare to Care) EPx22"
DUBsutra,https://soundcloud.com/bananasutra/sets/dubsutra,,"BANJO,BLUES,BURLESQUE,DUB,FOLK,INDIE,JAZZ,LOFI,MANTRA,ROCK",321,183919,1836,17:17:53,https://i1.sndcdn.com/artworks-iPtXxjIVQyjzpElZ-rzZZyw-t500x500.png,genre (all),,G-00-DUB,"A stroll down history’s lane ☆ KNOWsutra ☆ EPx6 Vol. 1,ABCs of Kindness - KNOWsutra,All the -Isms | BLOWsutra EPx7,An American in Paris (Public Domain Lyrics) 🎙️ SHOWsutra Classic Retro Musical REMAKE,Bloom Past Doom - Vol. 2 · 2 songs EPx7 - BLOWsutra (Revolution Ring Series) Fusion Jazz,Bo Burnham Gone Bananas 🍌 COVERsutra Vaudeville Indie JAZZ EPx11,But(t) How Can You? GROWsutra (Dare to Care) EPx10,Creepy Con Meme EPX2 • Dicky Ducky DUBsutra,CREEPYPASTA (what the hella) ♅ SHOWsutra ♅ EPx23 Side A+B,CREEPYPASTA (what the hella) ♲ LoFi DUB Edition ♲ SoundCloud is broken REDUX,Creo (La Poesia) ☘ EPx10 VOL.01 ☘ Bananasutra En Español,Do Panic Now ✝ GROWsutra EPx13,Double Standards EPx3 VOL. 1 • BURLESQUEsutra,Easy (Death Is Nothing At All) ❣ BOWsutra EPx9,Ego Ain't Your Amigo • Vol. 2 · EPx21 • BLOWsutra (Ego Gone Loco)  Dub LoFi Burlesque,Ego Ain't Your Amigo ⭐︎ EPx14 VOL. 01 ⭐︎ True Tales of BLUESsutra,El Papito Leo Es No MAGA Show ☰ KNOWsutra EPx6,Ethical Paradox (Bertrand Undone),F-BOMB ⚝ SHOWsutra DUB EPx7,Fluye (como el mar) FLOWsutra,Foolish EPx5,Foolish Goldfish (Forever) ❃ Vol. 02 EPx15 ❃ KNOWsutra Peace (Not War),FOTUS CIRCUS ★ VOL.4 EPx9 ★ BURLESQUEsutra,Freee · La Fille • French SHOWsutra Psychedelic EPx10,Grifters • BLOWsutra (Apes Gone Wrong) EPx14,Hammy On Clyde ✪ SHOWsutra EPx8,Hello · Oh No • EPx16 • GROWsutra Psychedelic Logic Harmonics,Hereby · I Cry ☠ BLOWsutra EPx5,Hey · Creeps • EPx20 • BLOWsutra Ego Gone Loco,Hi · My Name Is (Not Celine Dion) - Vol02 EPx11 - SHOWsutra Dubby Grass Burlesque Edition,Hold the Mic · Babe  EP X7 | Soul Prayer Lullabies,How to Help a Bible Bro Grow Up · In the name of Religious Freedom,I Did the Math · and Everything is Stupid • SHOWsutra Snoopy Fanana Club EPx11,I Think I Need a Good Spank!ng (in Madrid) ⚯ SHOWsutra EPx9,If We Had But(t) The Truth • Vol. 2 EPx22 • BLOWsutra (Censored) Epstein Etcetera Soundtrack,Ironic Moronic Eugenics ☤ What Happens When KNOWsutra & BLOWsutra Make a Baby,It's War · My Friend ☳ QUACKsutra EPx15,Jealousy (not for me) ♡ GROWsutra EPx22,Jolly Poo - EPx15 VOL. 01 - Banjo Blues BLOWsutra,Joseph Campbell's Truth Metaphors ☷ KNOWsutra EPx12,Just Be EP X7 | Vocal Honey Audio Ideals,Kiss A Pulse • GLOWsutra (Lucille Clifton Poetry) EPx16,L'Embobinage (d'après Carl Sagan) • French GROWsutra EPx17,La Poesia Importa ♕ EPx7 VOL.01 ♕ Bananasutra En Español,Le Système EP MIX X16 | Bluesy French Jazz,Linguistic Weaponry EPx7 Burlesque DUBsutra,MAHA (Make America Humane Again) ☆ VOL.2 EPx6 ☆ BLOWsutra (MAxA Series) Psychedelic Trip Hop,Make Amurica Gulag Again ☭ BLOWsutra DUB EPx25,MAMA-B-C (Make America Mine Achtung Encore) • BLOWsutra MAxA Series EPx3,MAxA Alphabet Series Compilation - Make America Humane · Kind · Safe · Smart · etcetera Alright?!,Men-Oh-Pause 🩸 KNOWsutra EPx14,My Quest • EPx6 Vol. 2 • GLOWsutra Jacques Brel Dream,New Normalcy (Planet Earth to Higher Grounds) EP x7,Nietzsche's Gift (They Muddy the Water to Make it Look Deep) - KNOWsutra EPx13 Vol. 5,Nous Sommes Le Feu EPx4 ☲ GROWsutra French Peace Indie,Oh My · Oh Why (Socrates Song) - GROWsutra EPx7,Oh · Freedom EP x10 ♛ BLUESsutra (Public Domain Lyrics),Oh · Martine ❃ French GLOW+BOWsutra ❃ Side A+B EPx28,Ordo Amoris in Decay ♡ GROWsutra EPx6,Peace Matters More (The Only Wish Worth Making) 🪽 GROWsutra Birthday Wish Song,Pedo Nation ★ Felon Nation Redux ★ BLOWsutra EPx14,Poetry Matters EP vol.3,Poetry Matters ☰ BANJOsutra EPx2,Poetry Matters ☲ EPx3 Vol.05 ☲ DUBsutra,Poetry Nah Lie ☲ EPx6 Vol.01 ☲ DUBsutra,Poetry Slow Burns ☲ EPx5 Vol.01 ☲ DUBsutra,Prickly Peaches DUBsutra EPx3,Pro-life means what · honey?,Project 2-0-2-5 (Explicit Fascism Advisory) • Pray for Murica SOULsutra EPx7,Queer Almighty (Holy Questions Matter) - EPx16 VOL. 02,Question Di Kingdom EPx4 VOL.02,Question di Kingdom ✰ Ragga DUBsutra EPx10,Question the Nation • EPx10 • BLOWsutra Psychedelic Dub Revolution,Rainbows in the Clouds • GLOWsutra Dub LoFi Blues,Read Me Harder (BB is for Banned Books) ☆ SHOWsutra Side A+B EPx19,Reason over Reverence (No need for God) ☷ KNOWsutra EPx6,RHINOCEROSS ♦ EPx7 ♦ BLOWsutra Surreal Real Poetry,Seminal Bollocks EP,Serial BLOWerrr ✰ RAGGA DUBsutra,Sidération's Calling - White House's Burning - EPx13 Vol 4 of 4,So · What Is Racism? KNOWsutra Gone Banana EPx17,some songs are more fun than others EP x8 ∞,Spit Back The Lies • BLOWsutra (Revolution Ring) EPx20,Stymied Felon goes Stymy Stymy Yuck Encore - Freee Bonus EPx2 VOL.02,Stymy Stymy Yuck : A Story of Old Bastards - EPx5 VOL.1 - DUBsutra,Sutra of Immanence - FLOWsutra Dog Poetry - Jazz & Dub EPx3,SynthemaSutra ♆ SHOWsutra Banana EPx8,The Echo Song Song ☭ Vladimir Vysotsky - EPx6  English Cover ☭ BLOWsutra Gipsy Trip Hop Trip,The Love of a Dove ☩ EPx18 ☩ GROWsutra Peace Fusion Prayer,This Is My Quest • GROWsutra (Dare to Care) Dream EPx19,Time for Rebel Romance ☆ EPx6 ☆ BLOWsutra (Revolt Now) Cabaret,Tune in the Tender ☲ #GROWsutra EPx9,Two Things · Darling • EPx11 • KNOWsutra (Bertrand) Conscious Gipsy LoFi Blues INDIE,Up a San Francisco Hill • Bananasutra Heart Beats,We Live Not By Lies ⚬ EPx12 ⚬ GROWsutra Revolution Ring,We're Tiny Specks · Right • BOWsutra,Wet (Prickly) Peaches vol.2,When We Duende (All Night) EPx9 ☯ DUB + BURLESQUEsutra,Where Hope Expires ℧ EPx8 VOL.02,Who Knows Where How Happiness Truly Grows ☰ GROWsutra EPx29,Who Needs a Big D? EP x8 VOL. 1 - JAZZ 'n DUB,Who's Your Vladdy? EPx10 ☿ BLOWsutra World Peace Fusion Indie,Why Trust an Old · Mean Religion? EPx9 VOL. 01,Why You Lie (to the People's Face) EP x7 ☠ QUACKsutra,WIN-WIN DUB EPx3 ⚭ French-English GROWsutra Fusion Soul,Woke 'em Whacks EPx4 : BLUES & DUBsutra (Music Therapy),Zero Sum (Zero Sean) • GROWsutra (Dare to Care) EPx22"
FLOWsutra : FLY (like water),https://soundcloud.com/bananasutra/sets/flowsutra-fly-like-water,FLOWsutra,"BLUES,DUB,LOFI",8,7275,101,24:01,https://i1.sndcdn.com/artworks-NrFEJYn5QiBNXnw5-RFTkHQ-t500x500.png,sutra,checked,G-05-FLY,"Fluye (como el mar) FLOWsutra,Jealousy (not for me) ♡ GROWsutra EPx22,Just Be EP X7 | Vocal Honey Audio Ideals"
FLOWsutra : WET (my friend),https://soundcloud.com/bananasutra/sets/flowsutra-wet-my-friend,FLOWsutra,"BLUES,BURLESQUE,DUB,JAZZ",15,5413,80,50:22,https://i1.sndcdn.com/artworks-lciyCEyApUx6fnqe-mWMztg-t500x500.png,sutra,checked,G-05-WET,"Foolish EPx5,I Think I Need a Good Spank!ng (in Madrid) ⚯ SHOWsutra EPx9,Let’s Do It (Let's Fall in Love) EP • Public Domain Lyrics • JAZZsutra,Peel Me Kindly 🍌 SHOWsutra Gone Banana à la Gipsy JAZZ EPx7,Prickly Peaches DUBsutra EPx3,Wet (Prickly) Peaches vol.2,When We Duende (All Night) EPx9 ☯ DUB + BURLESQUEsutra,When We Duende · Encore ★ Arabesk Fado Soul EPx2 VOL.2,Where We Begin (Preakly Peaches) EPx4"
FLOWsutra where time is space,https://soundcloud.com/bananasutra/sets/sutraflow,FLOWsutra,"BLUES,BURLESQUE,DUB,FOLK,INDIE,JAZZ,LOFI",66,30414,396,3:28:41,https://i1.sndcdn.com/artworks-zbyI4lbDpbvjrsBi-cszDDA-t500x500.png,sutra (all),,,"Ain't Doing Bad Doing Nothing ⭐︎ Public Domain Vol. 02 EPx10 ⭐︎ FLOWsutra Wet JAZZ,Bee the Fool EP x2 : BANJOsutra,Curious Like A Kiss • FLOWsutra Cheeky Duende EPx11,Foolish EPx5,Jealousy (not for me) ♡ GROWsutra EPx22,Just Be EP X7 | Vocal Honey Audio Ideals,Let’s Do It (Let's Fall in Love) EP • Public Domain Lyrics • JAZZsutra,Lightly · My Darling ✦ FLOWsutra (Fly Like Water) BANJO EPx5,Prickly Peaches DUBsutra EPx3,Sutra of Immanence - FLOWsutra Dog Poetry - Jazz & Dub EPx3,Too Hard · My Friend • FLOWsutra (Fly Like Water) Lullabies EPx2,Where We Begin (Preakly Peaches) EPx4,Win-Win After Midnight ⭐︎ FLOWsutra (Wet My Friend) Indie Folk EPx4"
FOLKsutra,https://soundcloud.com/bananasutra/sets/folksutra,,"BANJO,BLUES,BURLESQUE,DUB,FOLK,INDIE,JAZZ,LOFI",129,40892,441,7:02:55,https://i1.sndcdn.com/artworks-XITSzbW3Jfw7E2Bb-d1yIpQ-t500x500.png,genre (all),,G-00-FOLK,"A stroll down history’s lane ☆ KNOWsutra ☆ EPx6 Vol. 1,All the -Isms | BLOWsutra EPx7,Atheist Tango EP x9 VOL. 1 ☰ Waldo's Burlesque Tales of Truth,Blaise's Tale ⭐︎ EPx3 ⭐︎ KNOWsutra Folk Cabaret,Bloom Past Doom (Apes Gone Wrong Series) EPx5 - BLOWsutra (Revolt Now)  Grassroots Hope Song,Bloom Past Doom - Vol. 2 · 2 songs EPx7 - BLOWsutra (Revolution Ring Series) Fusion Jazz,But(t) How you Kids Learn Now? EPx9 VOL. 01,Cassandra’s Lullaby • KNOWsutra EPx11 World,Courage · Care · and Coconuts © GROWsutra EPx4,Crimina/els EP,Do Panic Now ✝ GROWsutra EPx13,Double Standards EPx4 VOL. 2 ★ BLOWsutra LOFI,Ego Ain't Your Amigo ⭐︎ EPx14 VOL. 01 ⭐︎ True Tales of BLUESsutra,En Vrai · On Est Tous Frères ䷁ FRENCH BLUESsutra EPx5,Ethical Paradox (Bertrand Undone),Foolish EPx5,Foolish Goldfish (Forever) ❃ Vol. 02 EPx15 ❃ KNOWsutra Peace (Not War),Genius EP,Hereby · I Cry ☠ BLOWsutra EPx5,Hi · My Name Is (Not Celine Dion) - Vol02 EPx11 - SHOWsutra Dubby Grass Burlesque Edition,How to Help a Bible Bro Grow Up · In the name of Religious Freedom,I Ain't No Christian (No Holy Fool) ♥ EPx4 VOL.02,Idiocracy Now ✪ QUACKsutra EPx10,If We Had But(t) The Truth • Vol. 2 EPx22 • BLOWsutra (Censored) Epstein Etcetera Soundtrack,If We Had But(t) The Truth ☲ Easterican Profanities EPx5 ☲ QUACKsutra,Ironic Moronic Eugenics ☤ What Happens When KNOWsutra & BLOWsutra Make a Baby,Just Be EP X7 | Vocal Honey Audio Ideals,Kids Are Asking ✪ KNOWsutra But(t) Why EPx3,Kindness Matters - Human Life Soundtrack EP,L'Accordéon de l'Ignorance EP X9,Le Système EP MIX X16 | Bluesy French Jazz,Lightly · My Darling ✦ FLOWsutra (Fly Like Water) BANJO EPx5,Mass Media Freakshow EPx13 VOL.02 ⭐︎ Terrence MCKenna KNOWs ⭐︎ Burlesque or Snooze?,MAxA Alphabet Series Compilation - Make America Humane · Kind · Safe · Smart · etcetera Alright?!,Men-Oh-Pause 🩸 KNOWsutra EPx14,Mind the Felon EP X5 | JAZZ LOFI : Psychedelic Paradox Soul Chanson,New Normalcy (Planet Earth to Higher Grounds) EP x7,No Fear · My Dear ❢ BLOWsutra Revolution Ring Jazz EPx19,Oh My · Oh Why (Socrates Song) - GROWsutra EPx7,Oh · Freedom EP x10 ♛ BLUESsutra (Public Domain Lyrics),Poem (I wanted to be · basically) ℘ EPx14 VOL.01,Predators (why war) EP x11 vol.2,Project 2-0-2-5 (Explicit Fascism Advisory) • Pray for Murica SOULsutra EPx7,Rainbows in the Clouds • GLOWsutra Dub LoFi Blues,Reason over Reverence (No need for God) ☷ KNOWsutra EPx6,Rise Up · You Naked Peoples (Freedom Rings) ☆ BLOWsutra Victor Hugo Revolution Song,RUN (now · if you can),Seminal Bollocks - Merry Psychedelic GROWsutra (God Etc.) EPx10,Sing Your Own Gospel • Vol. 2 EPx7 • GROWsutra (God · Etc) Revolutionary Gipsy JAZZ,SS Means Sacred Sp3rm ☠ BLOWsutra EPx19,The Accordion of Ignorance EP X4,The Conquest of Happiness (according to Bertrand Russel) ☰ 2 Songs EPx10 ☰ KNOWsutra,The Dystopian Quiz Song ★ EPx15 ★ Acoustic SOULsutra,The Invisible Man in the Sky (a song inspired by George Carlin) EPx8 VOL.01,The Love of a Dove ☩ EPx18 ☩ GROWsutra Peace Fusion Prayer,They Call It Freedom (Oh Hi · Sweet Honey Bun) ✯ BLOWsutra (Revolt Now) EPx11,To Dream EP X8 | Jacques Brel Chanson Reimagined : Psychedelic French Poetry JAZZsutra X5,Untamed EP X3,What's F-A-S-C-I-S-T? EPx8 VOL. 1 ☆ BLOWsutra JAZZ FOLK Fusion,Where Hope Expires ℧ EPx8 VOL.02,Who Knows Where How Happiness Truly Grows ☰ GROWsutra EPx29,Why Trust an Old · Mean Religion? EPx9 VOL. 01,Win-Win After Midnight ⭐︎ FLOWsutra (Wet My Friend) Indie Folk EPx4,Woke 'em Whacks EPx4 : BLUES & DUBsutra (Music Therapy)"
FOTUS CIRCUS Playlist An American Freaks Show,https://soundcloud.com/bananasutra/sets/fotus-circus-playlist-an-3,BLOWsutra,"BANJO,BLUES,BURLESQUE,DUB,FOLK,JAZZ,LOFI,MANTRA,ROCK",42,12485,91,2:15:29,https://i1.sndcdn.com/artworks-fryyTDM2WyR2DKBA-QI4BwQ-t500x500.png,collection,,,"Daddy's a Creep ⚞  P3d0 T-Shirts ON SALE ⚟ BLOWsutra EPx4,Ego Ain't Your Amigo ⭐︎ EPx14 VOL. 01 ⭐︎ True Tales of BLUESsutra,FOTUS CIRCUS ★ VOL.2 EPx10 ★ BURLESQUEsutra,FOTUS CIRCUS ★ VOL.3 EPx9 ★ BURLESQUEsutra,FOTUS CIRCUS ★ VOL.4 EPx9 ★ BURLESQUEsutra,Hard Core (Questions that Matter) X5,Hereby · I Cry ☠ BLOWsutra EPx5,Make Amurica Gulag Again ☭ BLOWsutra DUB EPx25,MAxA Alphabet Series Compilation - Make America Humane · Kind · Safe · Smart · etcetera Alright?!,The Dystopian Quiz Song ★ EPx15 ★ Acoustic SOULsutra,What's F-A-S-C-I-S-T? EPx8 VOL. 1 ☆ BLOWsutra JAZZ FOLK Fusion,Why You Lie (to the People's Face) EP x7 ☠ QUACKsutra"
FRENCHsutra oui oui · sacrebleu,https://soundcloud.com/bananasutra/sets/sutrafrench,,"BANJO,BLUES,BURLESQUE,DUB,FOLK,INDIE,JAZZ,LOFI,MANTRA",108,53007,519,5:54:58,https://i1.sndcdn.com/artworks-e0sOW6yRL70L2ZRD-C8tirQ-t500x500.png,collection,,,"Crimina/els EP,En Vrai · On Est Tous Frères ䷁ FRENCH BLUESsutra EPx5,Freee · La Fille • French SHOWsutra Psychedelic EPx10,Jacques Brel : French EPx9 : GLOWsutra Burlesque Indie Blues Gratitude POET(ry),L'Accordéon de l'Ignorance EP X9,L'Embobinage (d'après Carl Sagan) • French GROWsutra EPx17,La Force Douce EPx7 ✪ French GROWsutra World Peace Duende LoFi Indie Fusion,Le Bal Des Salauds - French BLOWsutra Indie Gipsy Burlesque EPx9,Le Système EP MIX X16 | Bluesy French Jazz,Nous Sommes Le Feu EPx4 ☲ GROWsutra French Peace Indie,Secret de Polichinelle 🎪 French EPx10 🎪 KNOWsutra Psychedelic Gipsy Circus,Segggsting • SHOWsutra EPx6 • French Burlesque Jazz Cabaret,What the Mirror Said (Reste Lucide) - GLOWsutra JAZZ,WIN-WIN DUB EPx3 ⚭ French-English GROWsutra Fusion Soul"
GLOWsutra : POET(ry),https://soundcloud.com/bananasutra/sets/glowsutra-poet-ry,GLOWsutra,"BANJO,BLUES,BURLESQUE,DUB,INDIE,JAZZ,LOFI,MANTRA",14,6804,85,49:35,https://i1.sndcdn.com/artworks-OV8ZRGizQyraCB7N-C8HWOQ-t500x500.png,sutra,checked,G-06-POET,"Awe Is Mighty (Maybe Even Holy) - GLOWsutra Conscious Indie LoFi Lullaby EPx2,Creo (La Poesia) ☘ EPx10 VOL.01 ☘ Bananasutra En Español,La Poesia Importa ♕ EPx7 VOL.01 ♕ Bananasutra En Español,Poem (I wanted to be · basically) ℘ EPx14 VOL.01,Poetry Matters EP vol.3,Poetry Matters ☰ BANJOsutra EPx2,Poetry Matters ☲ EPx3 Vol.05 ☲ DUBsutra,Poetry Slow Burns ☲ EPx5 Vol.01 ☲ DUBsutra"
GLOWsutra : RAINBOWS (in my clouds),https://soundcloud.com/bananasutra/sets/glowsutra-rainbows-in-my,GLOWsutra,"BANJO,BLUES,DUB,FOLK,INDIE,JAZZ,LOFI",14,13730,174,41:49,https://i1.sndcdn.com/artworks-OuzjTqyXc8wz8Uv9-0cXu0Q-t500x500.png,sutra,checked,G-06-CLOU,"Blessed Are the Cracked EP X3,Rainbows in the Clouds • GLOWsutra Dub LoFi Blues,To Dream EP X8 | Jacques Brel Chanson Reimagined : Psychedelic French Poetry JAZZsutra X5,Tune in the Tender ☲ #GROWsutra EPx9,Up a San Francisco Hill EP(x4) VOL.2,What the Mirror Said (Reste Lucide) - GLOWsutra JAZZ"
GLOWsutra where gratitude feeds,https://soundcloud.com/bananasutra/sets/sutraglow,GLOWsutra,"BANJO,BLUES,BURLESQUE,DUB,FOLK,INDIE,JAZZ,LOFI,MANTRA,ROCK",136,73838,780,7:27:08,https://i1.sndcdn.com/artworks-RvPg90tJzDpSlPKh-ns1cUw-t500x500.png,sutra (all),,,"Awe Is Mighty (Maybe Even Holy) - GLOWsutra Conscious Indie LoFi Lullaby EPx2,Blessed Are the Cracked EP X3,Creo (La Poesia) ☘ EPx10 VOL.01 ☘ Bananasutra En Español,En Vrai · On Est Tous Frères ䷁ FRENCH BLUESsutra EPx5,Jacques Brel : French EPx9 : GLOWsutra Burlesque Indie Blues Gratitude POET(ry),Kiss A Pulse • GLOWsutra (Lucille Clifton Poetry) EPx16,La Poesia Importa ♕ EPx7 VOL.01 ♕ Bananasutra En Español,My Quest • EPx6 Vol. 2 • GLOWsutra Jacques Brel Dream,Poem (I wanted to be · basically) ℘ EPx14 VOL.01,Poetry Matters EP vol.3,Poetry Matters ☰ BANJOsutra EPx2,Poetry Matters ☲ EPx3 Vol.05 ☲ DUBsutra,Poetry Nah Lie ☲ EPx6 Vol.01 ☲ DUBsutra,Poetry Slow Burns ☲ EPx5 Vol.01 ☲ DUBsutra,Rainbows in the Clouds • GLOWsutra Dub LoFi Blues,To Dream EP X8 | Jacques Brel Chanson Reimagined : Psychedelic French Poetry JAZZsutra X5,Tune in the Tender ☲ #GROWsutra EPx9,Up a San Francisco Hill EP(x4) VOL.2,Up a San Francisco Hill • Bananasutra Heart Beats,What the Mirror Said (Reste Lucide) - GLOWsutra JAZZ"
GROWsutra : DARE (to care),https://soundcloud.com/bananasutra/sets/growsutra-dare-to-care,GROWsutra,"BANJO,BLUES,DUB,FOLK,INDIE,LOFI,MANTRA",9,5459,54,28:33,https://i1.sndcdn.com/artworks-qhqHRqMMeCjATzsp-RQ8fQQ-t500x500.png,sutra,checked,G-04-DARE,"Double Standards EPx4 VOL. 2 ★ BLOWsutra LOFI,Hereby · I Cry ☠ BLOWsutra EPx5,This Is My Quest • GROWsutra (Dare to Care) Dream EPx19,We Remember What (We Remember What) We Feel☉EPx5 INDIE GROWsutra,What It's About - Blues Dub Murica Mantra EPx7"
GROWsutra : GOD (etc),https://soundcloud.com/bananasutra/sets/growsutra-god-etc,GROWsutra,"BANJO,BLUES,BURLESQUE,DUB,FOLK,JAZZ,LOFI,MANTRA,ROCK",27,23882,280,1:24:51,https://i1.sndcdn.com/artworks-eYKRlb3V6IdPR1u7-GGSyjw-t500x500.png,sutra,checked,G-04-GOD,"Atheist Tango EP x9 VOL. 1 ☰ Waldo's Burlesque Tales of Truth,El Papito Leo Es No MAGA Show ☰ KNOWsutra EPx6,How to Help a Bible Bro Grow Up · In the name of Religious Freedom,Make your Own Bible EP x6 VOL. 1 ℧ A Jazzy Burlesque Folk Trip Hop LOFI Venture (oui oui),Pro-life means what · honey?,Queer Almighty (Holy Questions Matter) - EPx16 VOL. 02,Reason over Reverence (No need for God) ☷ KNOWsutra EPx6,Seminal Bollocks - Merry Psychedelic GROWsutra (God Etc.) EPx10,Seminal Bollocks EP,Sing Your Own Gospel • Vol. 2 EPx7 • GROWsutra (God · Etc) Revolutionary Gipsy JAZZ,The Atheist Tango • Vol. 2 EPx12  •  GROWsutra (God · Etc) Conscious Gipsy LoFi Burlesque Jazz,The Invisible Man in the Sky (a song inspired by George Carlin) EPx8 VOL.01,Untamed EP X3,Why Trust an Old · Mean Religion? EPx9 VOL. 01"
GROWsutra : KIND(ness),https://soundcloud.com/bananasutra/sets/growsutra-kind-ness,GROWsutra,"BLUES,BURLESQUE,FOLK,INDIE,JAZZ,LOFI",17,13398,114,55:24,https://i1.sndcdn.com/artworks-FCpNyoKfIRn6bNzD-59cLWg-t500x500.png,sutra,checked,G-04-KIND,"ABCs of Kindness - KNOWsutra,Courage · Care · and Coconuts © GROWsutra EPx4,Genius EP,Glitter on a Turd ❯ GROWsutra Banana Cabaret EPx5,Hold the Mic · Babe  EP X7 | Soul Prayer Lullabies,Kindness Matters - Human Life Soundtrack EP,La Force Douce EPx7 ✪ French GROWsutra World Peace Duende LoFi Indie Fusion,Time for Rebel Romance ☆ EPx6 ☆ BLOWsutra (Revolt Now) Cabaret"
GROWsutra where we be brave,https://soundcloud.com/bananasutra/sets/sutragrow,GROWsutra,"BANJO,BLUES,BURLESQUE,DUB,FOLK,INDIE,JAZZ,LOFI,MANTRA,ROCK",296,179294,1732,16:09:25,https://i1.sndcdn.com/artworks-EIMomqQ3VHc9dl93-DvcAsA-t500x500.png,sutra (all),,,"A Letter to My Friend (Never Again) EPx44 ☮ GROWsutra World Peace Mantra,But(t) How Can You? GROWsutra (Dare to Care) EPx10,But(t) How you Kids Learn Now? EPx9 VOL. 01,Courage · Care · and Coconuts © GROWsutra EPx4,Double Standards EPx4 VOL. 2 ★ BLOWsutra LOFI,Ego Ain't Your Amigo ⭐︎ EPx14 VOL. 01 ⭐︎ True Tales of BLUESsutra,Glitter on a Turd ❯ GROWsutra Banana Cabaret EPx5,Hello · Oh No • EPx16 • GROWsutra Psychedelic Logic Harmonics,Hold the Mic · Babe  EP X7 | Soul Prayer Lullabies,How to Help a Bible Bro Grow Up · In the name of Religious Freedom,L'Embobinage (d'après Carl Sagan) • French GROWsutra EPx17,La Force Douce EPx7 ✪ French GROWsutra World Peace Duende LoFi Indie Fusion,MAWA MAWA EPx2 (if Soundcloud allows) ⭐︎ MAxA Series · Vol. 2,MAxA Alphabet Series Compilation - Make America Humane · Kind · Safe · Smart · etcetera Alright?!,Men-Oh-Pause 🩸 KNOWsutra EPx14,Nous Sommes Le Feu EPx4 ☲ GROWsutra French Peace Indie,Oh My · Oh Why (Socrates Song) - GROWsutra EPx7,Oh · Freedom EP x10 ♛ BLUESsutra (Public Domain Lyrics),One Percent Rising • GROWsutra (Dare to Care) Psychedelic Indie EPx6,Peace Matters More (The Only Wish Worth Making) 🪽 GROWsutra Birthday Wish Song,Poetry Matters ☰ BANJOsutra EPx2,Seminal Bollocks - Merry Psychedelic GROWsutra (God Etc.) EPx10,Shades of Fools EPx9,Sing Your Own Gospel • Vol. 2 EPx7 • GROWsutra (God · Etc) Revolutionary Gipsy JAZZ,Some Truths (Are Harder to Swallow) EPx7,Tell the Truth EP x4 BLUESsutra,The Atheist Tango • Vol. 2 EPx12  •  GROWsutra (God · Etc) Conscious Gipsy LoFi Burlesque Jazz,The Conquest of Happiness (according to Bertrand Russel) ☰ 2 Songs EPx10 ☰ KNOWsutra,The Dystopian Quiz Song ★ EPx15 ★ Acoustic SOULsutra,The Invisible Man in the Sky (a song inspired by George Carlin) EPx8 VOL.01,The Love of a Dove ☩ EPx18 ☩ GROWsutra Peace Fusion Prayer,This Is My Quest • GROWsutra (Dare to Care) Dream EPx19,We Live Not By Lies ⚬ EPx12 ⚬ GROWsutra Revolution Ring,We Remember What (We Remember What) We Feel☉EPx5 INDIE GROWsutra,What's F-A-S-C-I-S-T? EPx8 VOL. 1 ☆ BLOWsutra JAZZ FOLK Fusion,Why Trust an Old · Mean Religion? EPx9 VOL. 01,Why We Can't Be Brave? ☷ GROWsutra (Censored) Cello EPx8,WIN-WIN DUB EPx3 ⚭ French-English GROWsutra Fusion Soul,Zero Sum (Zero Sean) • GROWsutra (Dare to Care) EPx22"
INDIEsutra,https://soundcloud.com/bananasutra/sets/indiesutra-2,,"BLUES,BURLESQUE,DUB,FOLK,INDIE,JAZZ,LOFI,MANTRA,ROCK",254,116407,1110,14:41:32,https://i1.sndcdn.com/artworks-iPtXxjIVQyjzpElZ-rzZZyw-t500x500.png,genre (all),,G-00-INDI,"A Letter to My Friend (Never Again) EPx44 ☮ GROWsutra World Peace Mantra,A Man's a Man and A' That (à la bananasutra) EPx3 - VOL. 02 - Revolution Forever,A stroll down history’s lane ☆ KNOWsutra ☆ EPx6 Vol. 1,ABCs of Kindness - KNOWsutra,All I Know • Shades of Fools (It's the Why) • KNOWsutra EPx5 Vol. 02,An American in Paris (Public Domain Lyrics) 🎙️ SHOWsutra Classic Retro Musical REMAKE,Because the Light ☉ EPx4 VOL.01,Best Teacher Award · in Love & Death : Indie Bliss EPx3 VOL. 1 : BOWsutra,Bloom Past Doom (Apes Gone Wrong Series) EPx5 - BLOWsutra (Revolt Now)  Grassroots Hope Song,Bloom Past Doom - Vol. 2 · 2 songs EPx7 - BLOWsutra (Revolution Ring Series) Fusion Jazz,Bo Burnham Gone Bananas 🍌 COVERsutra Vaudeville Indie JAZZ EPx11,But(t) How Can You? GROWsutra (Dare to Care) EPx10,Cassandra’s Lullaby • KNOWsutra EPx11 World,CREEPYPASTA (what the hella) ♅ SHOWsutra ♅ EPx23 Side A+B,Curious Like A Kiss • FLOWsutra Cheeky Duende EPx11,Darling EP,Do Panic Now ✝ GROWsutra EPx13,Donkeys Years - SHOWsutra Fanana Club Gratitude EPx20,Easy (Death Is Nothing At All) ❣ BOWsutra EPx9,El Papito Leo Es No MAGA Show ☰ KNOWsutra EPx6,Everybody Knows EP x6 : INDIEsutra,Everybody Knows ✔ Vol. 03 - EPx7 ✔ KNOWsutra Gipsy Trip Hop Truth Prayer Dream,Fluye (como el mar) FLOWsutra,Foolish EPx5,Foolish Goldfish (Forever) ❃ Vol. 02 EPx15 ❃ KNOWsutra Peace (Not War),Genius EP,Gladys in Sonderland EPx14 • SHOWsutra Psychedelic Gipsy Dream,Grifters • BLOWsutra (Apes Gone Wrong) EPx14,Hey · You ✖ EPx8 ✖ BLOWsutra Indie Punk ROCK,Hope is So Do-Do-Dope 🎪🦤 SHOWsutra Surreal Soul Circus EPx9,I Ain't No Christian (No Holy Fool) ♥ EPx4 VOL.02,I Did the Math · and Everything is Stupid • SHOWsutra Snoopy Fanana Club EPx11,I Think I Need a Good Spank!ng (in Madrid) ⚯ SHOWsutra EPx9,Idiocracy Now ✪ QUACKsutra EPx10,If We Had But(t) The Truth • Vol. 2 EPx22 • BLOWsutra (Censored) Epstein Etcetera Soundtrack,If We Had But(t) The Truth ☲ Easterican Profanities EPx5 ☲ QUACKsutra,It's War · My Friend ☳ QUACKsutra EPx15,Jacques Brel : French EPx9 : GLOWsutra Burlesque Indie Blues Gratitude POET(ry),Jealousy (not for me) ♡ GROWsutra EPx22,Joseph Campbell's Truth Metaphors ☷ KNOWsutra EPx12,Just Be EP X7 | Vocal Honey Audio Ideals,Kindness - Psychedelic INDIEsutra,L'Accordéon de l'Ignorance EP X9,L'Embobinage (d'après Carl Sagan) • French GROWsutra EPx17,La Force Douce EPx7 ✪ French GROWsutra World Peace Duende LoFi Indie Fusion,Le Système EP MIX X16 | Bluesy French Jazz,Linguistic Weaponry EPx7 Burlesque DUBsutra,Male Fantasies • CheekySUTRA EPx6 VOL. 02,MAMA-B-C (Make America Mine Achtung Encore) • BLOWsutra MAxA Series EPx3,MAMA-B-C (Make America Mine Achtung) • BLOWsutra MAxA Series EPx8,MAxA Alphabet Series Compilation - Make America Humane · Kind · Safe · Smart · etcetera Alright?!,Men-Oh-Pause 🩸 KNOWsutra EPx14,My Quest • EPx6 Vol. 2 • GLOWsutra Jacques Brel Dream,Nietzsche's Gift (They Muddy the Water to Make it Look Deep) - KNOWsutra EPx13 Vol. 5,No Fear · My Dear ❢ BLOWsutra Revolution Ring Jazz EPx19,Nous Sommes Le Feu EPx4 ☲ GROWsutra French Peace Indie,Oh My · Oh Why (Socrates Song) - GROWsutra EPx7,Oh · Martine ❃ French GLOW+BOWsutra ❃ Side A+B EPx28,Ordo Amoris in Decay ♡ GROWsutra EPx6,Peace Matters More (The Only Wish Worth Making) 🪽 GROWsutra Birthday Wish Song,Poem (I wanted to be · basically) ℘ EPx14 VOL.01,Predators (why war) EP x11 vol.2,Project 2-0-2-5 (Explicit Fascism Advisory) • Pray for Murica SOULsutra EPx7,Rainbows in the Clouds • GLOWsutra Dub LoFi Blues,Reason over Reverence (No need for God) ☷ KNOWsutra EPx6,RHINOCEROSS ♦ EPx7 ♦ BLOWsutra Surreal Real Poetry,Segggsting • SHOWsutra EPx6 • French Burlesque Jazz Cabaret,Seminal Bollocks - Merry Psychedelic GROWsutra (God Etc.) EPx10,Seminal Bollocks EP,Shades of Fools EPx9,Shady Fools (Oh Can’t You See?) • Vol. 2 EPx9 • BLOWsutra Ego Gone Loco LoFi Burlesque,Spit Back The Lies • BLOWsutra (Revolution Ring) EPx20,SS Means Sacred Sp3rm ☠ BLOWsutra EPx19,SynthemaSutra ♆ SHOWsutra Banana EPx8,Tell the Truth EP x4 BLUESsutra,The Conquest of Happiness (according to Bertrand Russel) ☰ 2 Songs EPx10 ☰ KNOWsutra,The Dystopian Quiz Song ★ EPx15 ★ Acoustic SOULsutra,The Echo Song Song ☭ Vladimir Vysotsky - EPx6  English Cover ☭ BLOWsutra Gipsy Trip Hop Trip,The Great Naked King • SHOWsutra Psychedelick Fools Cabaret EPx30,The Love of a Dove ☩ EPx18 ☩ GROWsutra Peace Fusion Prayer,They Muddy the Waters (aka Nietzsche's Gift) EPx5 VOL. 04,This Is My Quest • GROWsutra (Dare to Care) Dream EPx19,This Is What Dissent Looks Like Now - BLOWsutra (Revolution Ring) Jazz Indie LoFi Dream,Trump Derangement Syndrome ™ EPx7,Trust No One EP x3 VOL.1 ☆ BLOWsutra Alternative Indie ROCK,Tune in the Tender ☲ #GROWsutra EPx9,Two Things · Darling • EPx11 • KNOWsutra (Bertrand) Conscious Gipsy LoFi Blues INDIE,Up a San Francisco Hill EP(x4) VOL.2,Up a San Francisco Hill • Bananasutra Heart Beats,We Live Not By Lies ⚬ EPx12 ⚬ GROWsutra Revolution Ring,We Remember What (We Remember What) We Feel☉EPx5 INDIE GROWsutra,We're Tiny Specks · Right • BOWsutra,Wet (Prickly) Peaches vol.2,What It's About - Blues Dub Murica Mantra EPx7,Where Hope Expires ℧ EPx8 VOL.02,Where We Begin (Preakly Peaches) EPx4,Who Knows Where How Happiness Truly Grows ☰ GROWsutra EPx29,Who's Your Vladdy? EPx10 ☿ BLOWsutra World Peace Fusion Indie,Why Trust an Old · Mean Religion? EPx9 VOL. 01,Why We Can't Be Brave? ☷ GROWsutra (Censored) Cello EPx8,Woke 'em Whacks EPx4 : BLUES & DUBsutra (Music Therapy),Zero Sum (Zero Sean) • GROWsutra (Dare to Care) EPx22"
JAZZsutra,https://soundcloud.com/bananasutra/sets/jazzsutra,,"BLUES,BURLESQUE,DUB,FOLK,INDIE,JAZZ,LOFI",222,132165,1455,12:37:02,https://i1.sndcdn.com/artworks-QRaUbtlHanDIuOON-8Hr9pg-t500x500.png,genre (all),,G-00-JAZZ,"Ain't Doing Bad Doing Nothing ⭐︎ Public Domain Vol. 02 EPx10 ⭐︎ FLOWsutra Wet JAZZ,All I Know • Shades of Fools (It's the Why) • KNOWsutra EPx5 Vol. 02,All the -Isms | BLOWsutra EPx7,An American in Paris (Public Domain Lyrics) 🎙️ SHOWsutra Classic Retro Musical REMAKE,Atheist Tango EP x9 VOL. 1 ☰ Waldo's Burlesque Tales of Truth,Blessed Are the Cracked EP X3,Bloom Past Doom - Vol. 2 · 2 songs EPx7 - BLOWsutra (Revolution Ring Series) Fusion Jazz,Bo Burnham Gone Bananas 🍌 COVERsutra Vaudeville Indie JAZZ EPx11,But(t) How you Kids Learn Now? EPx9 VOL. 01,Darling EP,DEFY (Vol 2) - 3 Songs EPx6 - BLOWsutra Revolution Ring LoFi Jazz Fusion,Do Panic Now ✝ GROWsutra EPx13,Donkeys Years - SHOWsutra Fanana Club Gratitude EPx20,Double Standards EPx3 VOL. 1 • BURLESQUEsutra,Double Standards EPx4 VOL. 2 ★ BLOWsutra LOFI,Ego Ain't Your Amigo ⭐︎ EPx14 VOL. 01 ⭐︎ True Tales of BLUESsutra,El Papito Leo Es No MAGA Show ☰ KNOWsutra EPx6,Ethical Paradox (Bertrand Undone),Foolish EPx5,FOTUS CIRCUS ★ VOL.4 EPx9 ★ BURLESQUEsutra,Glitter on a Turd ❯ GROWsutra Banana Cabaret EPx5,Hammy On Clyde ✪ SHOWsutra EPx8,Hard Core (Questions that Matter) X5,Hello · Oh No • EPx16 • GROWsutra Psychedelic Logic Harmonics,Hereby · I Cry ☠ BLOWsutra EPx5,Hi · My Name Is (Not Celine Dion) - Vol02 EPx11 - SHOWsutra Dubby Grass Burlesque Edition,Hold the Mic · Babe  EP X7 | Soul Prayer Lullabies,How to Help a Bible Bro Grow Up · In the name of Religious Freedom,I Think I Need a Good Spank!ng (in Madrid) ⚯ SHOWsutra EPx9,Ironic Moronic Eugenics ☤ What Happens When KNOWsutra & BLOWsutra Make a Baby,It's an Ethical Paradox • Vol. 2 EPx15 • KNOWsutra (Bertrand Knows) Gipsy Burlesque Jazz,Jealousy (not for me) ♡ GROWsutra EPx22,Just Be EP X7 | Vocal Honey Audio Ideals,Kiss A Pulse • GLOWsutra (Lucille Clifton Poetry) EPx16,L'Accordéon de l'Ignorance EP X9,La Poesia Importa ♕ EPx7 VOL.01 ♕ Bananasutra En Español,Le Système EP MIX X16 | Bluesy French Jazz,Let’s Do It (Let's Fall in Love) EP • Public Domain Lyrics • JAZZsutra,MAKA MAKA EPx7 ⭐︎ MAxA Series · Vol. 4,Male Fantasies • CheekySUTRA EPx6 VOL. 02,Mass Media Freakshow EPx13 VOL.02 ⭐︎ Terrence MCKenna KNOWs ⭐︎ Burlesque or Snooze?,MAWA MAWA EPx2 (if Soundcloud allows) ⭐︎ MAxA Series · Vol. 2,MAxA Alphabet Series Compilation - Make America Humane · Kind · Safe · Smart · etcetera Alright?!,Mind the Felon EP X5 | JAZZ LOFI : Psychedelic Paradox Soul Chanson,My Quest • EPx6 Vol. 2 • GLOWsutra Jacques Brel Dream,New Normalcy (Planet Earth to Higher Grounds) EP x7,Nietzsche's Gift (They Muddy the Water to Make it Look Deep) - KNOWsutra EPx13 Vol. 5,No Fear · My Dear ❢ BLOWsutra Revolution Ring Jazz EPx19,Oh · Freedom EP x10 ♛ BLUESsutra (Public Domain Lyrics),Oh · Martine ❃ French GLOW+BOWsutra ❃ Side A+B EPx28,Peace Matters More (The Only Wish Worth Making) 🪽 GROWsutra Birthday Wish Song,Peel Me Kindly 🍌 SHOWsutra Gone Banana à la Gipsy JAZZ EPx7,Poem (I wanted to be · basically) ℘ EPx14 VOL.01,Poetry Matters ☰ BANJOsutra EPx2,Predators (why war) EP x11 vol.2,Reason over Reverence (No need for God) ☷ KNOWsutra EPx6,Segggsting • SHOWsutra EPx6 • French Burlesque Jazz Cabaret,Sidération - The Sky Stood Still - EPx6 VOL. 2 of 4,Sing Your Own Gospel • Vol. 2 EPx7 • GROWsutra (God · Etc) Revolutionary Gipsy JAZZ,So · What Is Racism • EPx9 Vol. 2 • KNOWsutra Gipsy Jazz + LoFi,So · What Is Racism? KNOWsutra Gone Banana EPx17,some songs are more fun than others EP x8 ∞,Some Truths (Are Harder to Swallow) EPx7,SS Means Sacred Sp3rm ☠ BLOWsutra EPx19,Sutra of Immanence - FLOWsutra Dog Poetry - Jazz & Dub EPx3,Tell the Truth EP x4 BLUESsutra,The Atheist Tango • Vol. 2 EPx12  •  GROWsutra (God · Etc) Conscious Gipsy LoFi Burlesque Jazz,The Conquest of Happiness (according to Bertrand Russel) ☰ 2 Songs EPx10 ☰ KNOWsutra,The Dystopian Quiz Song ★ EPx15 ★ Acoustic SOULsutra,The Great Naked King • SHOWsutra Psychedelick Fools Cabaret EPx30,This Is My Quest • GROWsutra (Dare to Care) Dream EPx19,This Is What Dissent Looks Like Now - BLOWsutra (Revolution Ring) Jazz Indie LoFi Dream,To Dream EP X8 | Jacques Brel Chanson Reimagined : Psychedelic French Poetry JAZZsutra X5,Too Hard · My Friend • FLOWsutra (Fly Like Water) Lullabies EPx2,Truth Don't Care ✗ EPx2 ✗ KNOWsutra Psychedelic Muse Cabaret,Tune in the Tender ☲ #GROWsutra EPx9,Wet (Prickly) Peaches vol.2,What the Mirror Said (Reste Lucide) - GLOWsutra JAZZ,What's F-A-S-C-I-S-T? EPx8 VOL. 1 ☆ BLOWsutra JAZZ FOLK Fusion,When We Duende (All Night) EPx9 ☯ DUB + BURLESQUEsutra,Where Hope Expires ℧ EPx8 VOL.02,Who Knows Where How Happiness Truly Grows ☰ GROWsutra EPx29,Who Needs a Big D? EP x8 VOL. 1 - JAZZ 'n DUB,Win-Win After Midnight ⭐︎ FLOWsutra (Wet My Friend) Indie Folk EPx4,Woke 'em Whacks EPx4 : BLUES & DUBsutra (Music Therapy)"
KNOWsutra : (naked) TRUTH,https://soundcloud.com/bananasutra/sets/knowsura-naked-truth,KNOWsutra,"BLUES,BURLESQUE,DUB,INDIE,LOFI",20,18869,360,1:10:17,https://i1.sndcdn.com/artworks-aUUxzKo6oEXsOIfq-vtqUJA-t500x500.png,sutra,checked,G-01-TRUT,"But(t) How you Kids Learn Now? EPx9 VOL. 01,Everybody Knows ✔ Vol. 03 - EPx7 ✔ KNOWsutra Gipsy Trip Hop Truth Prayer Dream,Hard Core (Questions that Matter) X5,Joseph Campbell's Truth Metaphors ☷ KNOWsutra EPx12,Relative Steve - KNOWsutra Hip de la HoP EPx2 Bass Interlude,Tell The Truth (encore) KNOWsutra EPx9 Vol. 04,Tell the Truth EP x4 BLUESsutra,Truth Don't Care ✗ EPx2 ✗ KNOWsutra Psychedelic Muse Cabaret,We Live Not By Lies ⚬ EPx12 ⚬ GROWsutra Revolution Ring,When Did Seduction Become so Untrue? EPx16 Vol. 02 ䷶ KNOWsutra Flamenco Techno"
KNOWsutra : BERTRAND (mon chéri),https://soundcloud.com/bananasutra/sets/knowsutra-bertrand-mon-cheri,KNOWsutra,"BANJO,BLUES,BURLESQUE,DUB,FOLK,INDIE,JAZZ,LOFI",15,20519,269,51:39,https://i1.sndcdn.com/artworks-dpot7zmJbp98Q8za-Swn1Rg-t500x500.png,sutra,checked,G-01-BERT,"Ethical Paradox (Bertrand Undone),It's an Ethical Paradox • Vol. 2 EPx15 • KNOWsutra (Bertrand Knows) Gipsy Burlesque Jazz,Question Di Kingdom EPx4 VOL.02,Question di Kingdom ✰ Ragga DUBsutra EPx10,Reason over Reverence (No need for God) ☷ KNOWsutra EPx6,The Conquest of Happiness (according to Bertrand Russel) ☰ 2 Songs EPx10 ☰ KNOWsutra,Two Things · Darling • EPx11 • KNOWsutra (Bertrand) Conscious Gipsy LoFi Blues INDIE"
KNOWsutra : PEACE (not War),https://soundcloud.com/bananasutra/sets/knowsutra-peace-not-war,KNOWsutra,"BANJO,BLUES,BURLESQUE,DUB,FOLK,INDIE,JAZZ,LOFI,MANTRA",36,44036,448,2:08:12,https://i1.sndcdn.com/artworks-0YzGiltzEidfTrxR-osiLXg-t500x500.png,sutra,checked,G-01-PEAC,"A Letter to My Friend (Never Again) EPx44 ☮ GROWsutra World Peace Mantra,A stroll down history’s lane ☆ KNOWsutra ☆ EPx6 Vol. 1,Cassandra’s Lullaby • KNOWsutra EPx11 World,Foolish Goldfish (Forever) ❃ Vol. 02 EPx15 ❃ KNOWsutra Peace (Not War),Peace Matters More (The Only Wish Worth Making) 🪽 GROWsutra Birthday Wish Song,Predators (why war) EP x11 vol.2,The Love of a Dove ☩ EPx18 ☩ GROWsutra Peace Fusion Prayer,Trauma Begets Trauma - KNOWsutra Peace (not War) Piano Kitten Truth EPx5"
KNOWsutra : but(t) WHY,https://soundcloud.com/bananasutra/sets/knowsutra-but-t-why,KNOWsutra,"BANJO,BLUES,BURLESQUE,DUB,FOLK,INDIE,JAZZ,LOFI,ROCK",24,18364,200,1:21:20,https://i1.sndcdn.com/artworks-L6uXyHUyGsqH0ZAv-cvmeZg-t500x500.png,sutra,checked,G-01-WHY,"AI Fair Use Manifesto EPx3 VOL.1 : LOFI BURLESQUE BLUES,Blaise's Tale ⭐︎ EPx3 ⭐︎ KNOWsutra Folk Cabaret,HashtagWHY (to be ctd...),Kids Are Asking ✪ KNOWsutra But(t) Why EPx3,Men-Oh-Pause 🩸 KNOWsutra EPx14,Oh My · Oh Why (Socrates Song) - GROWsutra EPx7,So · What Is Racism? KNOWsutra Gone Banana EPx17,Who Knows Where How Happiness Truly Grows ☰ GROWsutra EPx29,Why Trust an Old · Mean Religion? EPx9 VOL. 01"
KNOWsutra where questions matter,https://soundcloud.com/bananasutra/sets/sutraknow,KNOWsutra,"BANJO,BLUES,BURLESQUE,DUB,FOLK,INDIE,JAZZ,LOFI,MANTRA,ROCK",336,164246,1731,18:59:11,https://i1.sndcdn.com/artworks-NK0wy8xSKMBP4LSI-DlE3WA-t500x500.png,sutra (all),,,"A Letter to My Friend (Never Again) EPx44 ☮ GROWsutra World Peace Mantra,A Man's a Man and A' That (à la bananasutra) EPx3 - VOL. 02 - Revolution Forever,A Man's A Man for A' That - VOL. 01 - Revolution Forever,A stroll down history’s lane ☆ KNOWsutra ☆ EPx6 Vol. 1,ABCs of Kindness - KNOWsutra,All I Know • Shades of Fools (It's the Why) • KNOWsutra EPx5 Vol. 02,All the -Isms | BLOWsutra EPx7,BANANA ALLELUIA ♾ EPx5 ♾ KNOWsutra BURLESQUE,Blaise's Tale ⭐︎ EPx3 ⭐︎ KNOWsutra Folk Cabaret,But(t) How you Kids Learn Now? EPx9 VOL. 01,Cassandra’s Lullaby • KNOWsutra EPx11 World,Double Standards EPx3 VOL. 1 • BURLESQUEsutra,Ego Ain't Your Amigo ⭐︎ EPx14 VOL. 01 ⭐︎ True Tales of BLUESsutra,En Vrai · On Est Tous Frères ䷁ FRENCH BLUESsutra EPx5,Ethical Paradox (Bertrand Undone),Everybody Knows EP x6 : INDIEsutra,Everybody Knows ✔ Vol. 03 - EPx7 ✔ KNOWsutra Gipsy Trip Hop Truth Prayer Dream,Genius EP,Hard Core (Questions that Matter) X5,HashtagWHY (to be ctd...),I Ain't No Christian (No Holy Fool) ♥ EPx4 VOL.02,It's an Ethical Paradox • Vol. 2 EPx15 • KNOWsutra (Bertrand Knows) Gipsy Burlesque Jazz,Joseph Campbell's Truth Metaphors ☷ KNOWsutra EPx12,Kids Are Asking ✪ KNOWsutra But(t) Why EPx3,Kindness - Psychedelic INDIEsutra,Kindness Matters - Human Life Soundtrack EP,Le Système EP MIX X16 | Bluesy French Jazz,Linguistic Weaponry EPx4 (Vol 2) DUBsutra,Linguistic Weaponry EPx7 Burlesque DUBsutra,Men-Oh-Pause 🩸 KNOWsutra EPx14,Muddy Waters EP,New Normalcy (Planet Earth to Higher Grounds) EP x7,Nietzsche's Gift (They Muddy the Water to Make it Look Deep) - KNOWsutra EPx13 Vol. 5,No · I'm Not Being Political 🇺🇸 KNOWsutra Indie Dub EPx15,Poetry Matters EP vol.3,Pro-life means what · honey?,Queer Almighty (Holy Questions Matter) - EPx16 VOL. 02,Question Di Kingdom EPx4 VOL.02,Question di Kingdom ✰ Ragga DUBsutra EPx10,Relative Steve - KNOWsutra Hip de la HoP EPx2 Bass Interlude,Seminal Bollocks EP,Shades of Fools EPx9,So · What Is Racism • EPx9 Vol. 2 • KNOWsutra Gipsy Jazz + LoFi,So · What Is Racism? KNOWsutra Gone Banana EPx17,Stymy Stymy Yuck : A Story of Old Bastards - EPx5 VOL.1 - DUBsutra,Tell The Truth (encore) KNOWsutra EPx9 Vol. 04,Tell the Truth EP x4 BLUESsutra,There's No Prayer Like Desire • KNOWsutra But(t) Why EPx4,Trauma Begets Trauma - KNOWsutra Peace (not War) Piano Kitten Truth EPx5,Truth Don't Care ✗ EPx2 ✗ KNOWsutra Psychedelic Muse Cabaret,Two Things · Darling • EPx11 • KNOWsutra (Bertrand) Conscious Gipsy LoFi Blues INDIE,When Did Seduction Become so Untrue? EPx16 Vol. 02 ䷶ KNOWsutra Flamenco Techno,Who's Your Vladdy? EPx2 VOL.02 ☿ BLOWsutra World Peace LOFI + ROCK"
LOFIsutra,https://soundcloud.com/bananasutra/sets/lofisutra,,"BANJO,BLUES,BURLESQUE,DUB,FOLK,INDIE,JAZZ,LOFI,MANTRA,ROCK",285,165438,1556,14:39:09,https://i1.sndcdn.com/artworks-iPtXxjIVQyjzpElZ-rzZZyw-t500x500.png,genre (all),,G-00-LOFI,"A Letter to My Friend (Never Again) EPx44 ☮ GROWsutra World Peace Mantra,A Man's a Man and A' That (à la bananasutra) EPx3 - VOL. 02 - Revolution Forever,AI Fair Use Manifesto EPx3 VOL.1 : LOFI BURLESQUE BLUES,All the -Isms | BLOWsutra EPx7,Awe Is Mighty (Maybe Even Holy) - GLOWsutra Conscious Indie LoFi Lullaby EPx2,Because the Light ☉ EPx4 VOL.01,Bo Burnham Gone Bananas 🍌 COVERsutra Vaudeville Indie JAZZ EPx11,But(t) How Can You? GROWsutra (Dare to Care) EPx10,Courage · Care · and Coconuts © GROWsutra EPx4,Creepy Con Meme EPX2 • Dicky Ducky DUBsutra,CREEPYPASTA (what the hella) ♅ SHOWsutra ♅ EPx23 Side A+B,Curious Like A Kiss • FLOWsutra Cheeky Duende EPx11,DEFY (Vol 2) - 3 Songs EPx6 - BLOWsutra Revolution Ring LoFi Jazz Fusion,DEFY ✰ 3 Songs EPx7 ✰ BLOWsutra Jazzy Folk Lo-Fi BLUES,Do Panic Now ✝ GROWsutra EPx13,Donkeys Years - SHOWsutra Fanana Club Gratitude EPx20,Dump Trump EPx4 🪦 BLOWsutra Burlesque ROCK,Ego Ain't Your Amigo • Vol. 2 · EPx21 • BLOWsutra (Ego Gone Loco)  Dub LoFi Burlesque,En Vrai · On Est Tous Frères ䷁ FRENCH BLUESsutra EPx5,Ethical Paradox (Bertrand Undone),Everybody Knows EP x6 : INDIEsutra,Foolish Goldfish (Forever) ❃ Vol. 02 EPx15 ❃ KNOWsutra Peace (Not War),FOTUS CIRCUS ★ VOL.2 EPx10 ★ BURLESQUEsutra,Freee · La Fille • French SHOWsutra Psychedelic EPx10,Glitter on a Turd ❯ GROWsutra Banana Cabaret EPx5,Grifters • BLOWsutra (Apes Gone Wrong) EPx14,Hammy On Clyde ✪ SHOWsutra EPx8,Hello · Oh No • EPx16 • GROWsutra Psychedelic Logic Harmonics,Hey · Creeps • EPx20 • BLOWsutra Ego Gone Loco,Hi · My Name Is (Not Celine Dion) - Vol03 EPx11 - SHOWsutra Gipsy Trip Hop World LoFi Edition,How to Help a Bible Bro Grow Up · In the name of Religious Freedom,I Think I Need a Good Spank!ng (in Madrid) ⚯ SHOWsutra EPx9,If We Had But(t) The Truth • Vol. 2 EPx22 • BLOWsutra (Censored) Epstein Etcetera Soundtrack,It's an Ethical Paradox • Vol. 2 EPx15 • KNOWsutra (Bertrand Knows) Gipsy Burlesque Jazz,Jealousy (not for me) ♡ GROWsutra EPx22,Joseph Campbell's Truth Metaphors ☷ KNOWsutra EPx12,Kids Are Asking ✪ KNOWsutra But(t) Why EPx3,Kindness Matters - Human Life Soundtrack EP,Kiss A Pulse • GLOWsutra (Lucille Clifton Poetry) EPx16,L'Embobinage (d'après Carl Sagan) • French GROWsutra EPx17,La Force Douce EPx7 ✪ French GROWsutra World Peace Duende LoFi Indie Fusion,La Poesia Importa ♕ EPx7 VOL.01 ♕ Bananasutra En Español,Le Système EP MIX X16 | Bluesy French Jazz,Linguistic Weaponry EPx7 Burlesque DUBsutra,MAHA (Make America Humane Again) ☆ VOL.2 EPx6 ☆ BLOWsutra (MAxA Series) Psychedelic Trip Hop,Make Amurica Gulag Again ☭ BLOWsutra DUB EPx25,Make your Own Bible EP x6 VOL. 1 ℧ A Jazzy Burlesque Folk Trip Hop LOFI Venture (oui oui),Male Fantasies - bananasutra EPx2 Vol. 03,Male Fantasies • CheekySUTRA EPx6 VOL. 02,MAMA-B-C (Make America Mine Achtung) • BLOWsutra MAxA Series EPx8,MAxA Alphabet Series Compilation - Make America Humane · Kind · Safe · Smart · etcetera Alright?!,Men-Oh-Pause 🩸 KNOWsutra EPx14,Muddy Waters EP,Nietzsche's Gift (They Muddy the Water to Make it Look Deep) - KNOWsutra EPx13 Vol. 5,No Fear · My Dear ❢ BLOWsutra Revolution Ring Jazz EPx19,Oh · Martine ❃ French GLOW+BOWsutra ❃ Side A+B EPx28,Okey Dokey · No It's Not Ξ EPx5 Ξ LOFIsutra,One Percent Rising • GROWsutra (Dare to Care) Psychedelic Indie EPx6,Ordo Amoris in Decay ♡ GROWsutra EPx6,Pedo Nation ★ Felon Nation Redux ★ BLOWsutra EPx14,Poem (I wanted to be · basically) ℘ EPx14 VOL.01,Poetry Matters EP vol.3,Predators (why war) EP x11 vol.2,Question di Kingdom ✰ Ragga DUBsutra EPx10,Question the Nation • EPx10 • BLOWsutra Psychedelic Dub Revolution,Rainbows in the Clouds • GLOWsutra Dub LoFi Blues,Relative Steve - KNOWsutra Hip de la HoP EPx2 Bass Interlude,RHINOCEROSS ♦ EPx7 ♦ BLOWsutra Surreal Real Poetry,Second Hand Smoke (of) Arrogant Hearts - BLOWsutra EGO Therapy EPx6,Segggsting • SHOWsutra EPx6 • French Burlesque Jazz Cabaret,Seminal Bollocks - Merry Psychedelic GROWsutra (God Etc.) EPx10,Shady Fools (Oh Can’t You See?) • Vol. 2 EPx9 • BLOWsutra Ego Gone Loco LoFi Burlesque,Sidération - Spoken Words Intro - EPx3 VOL. 1 of 4,Sidération's Calling - White House's Burning - EPx13 Vol 4 of 4,So · What Is Racism • EPx9 Vol. 2 • KNOWsutra Gipsy Jazz + LoFi,Spit Back The Lies • BLOWsutra (Revolution Ring) EPx20,SS Means Sacred Sp3rm ☠ BLOWsutra EPx19,Stymy Stymy Yuck : A Story of Old Bastards - EPx5 VOL.1 - DUBsutra,SynthemaSutra ♆ SHOWsutra Banana EPx8,The Atheist Tango • Vol. 2 EPx12  •  GROWsutra (God · Etc) Conscious Gipsy LoFi Burlesque Jazz,The Echo Song Song ☭ Vladimir Vysotsky - EPx6  English Cover ☭ BLOWsutra Gipsy Trip Hop Trip,The Echo Song ☭ Russian EPx3 ☭ Gipsy BLOWsutra LoFi Blues (Vladimir Vysotsky Cover),The Great Naked King • SHOWsutra Psychedelick Fools Cabaret EPx30,The Invisible Man in the Sky (a song inspired by George Carlin) EPx8 VOL.01,They Call It Freedom (Oh Hi · Sweet Honey Bun) ✯ BLOWsutra (Revolt Now) EPx11,They Muddy the Waters (aka Nietzsche's Gift) EPx5 VOL. 04,This Is What Dissent Looks Like Now - BLOWsutra (Revolution Ring) Jazz Indie LoFi Dream,Too Hard · My Friend • FLOWsutra (Fly Like Water) Lullabies EPx2,Two Things · Darling • EPx11 • KNOWsutra (Bertrand) Conscious Gipsy LoFi Blues INDIE,We Live Not By Lies ⚬ EPx12 ⚬ GROWsutra Revolution Ring,We're Tiny Specks · Right • BOWsutra,What's F-A-S-C-I-S-T? EPx8 VOL. 1 ☆ BLOWsutra JAZZ FOLK Fusion,When We Duende · Encore ★ Arabesk Fado Soul EPx2 VOL.2,Who Knows Where How Happiness Truly Grows ☰ GROWsutra EPx29,Who's Your Vladdy? EPx10 ☿ BLOWsutra World Peace Fusion Indie,Who's Your Vladdy? EPx2 VOL.02 ☿ BLOWsutra World Peace LOFI + ROCK,Why Trust an Old · Mean Religion? EPx9 VOL. 01,Why We Can't Be Brave? ☷ GROWsutra (Censored) Cello EPx8,Why You Lie (to the People's Face) EP x7 ☠ QUACKsutra,Woke 'em Whacks EPx4 : BLUES & DUBsutra (Music Therapy),Zero Sum (Zero Sean) • GROWsutra (Dare to Care) EPx22"
MANTRAsutra,https://soundcloud.com/bananasutra/sets/mantrasutra,,"BANJO,BLUES,BURLESQUE,DUB,FOLK,INDIE,JAZZ,LOFI,MANTRA",77,20018,191,4:20:23,https://i1.sndcdn.com/artworks-OV8ZRGizQyraCB7N-C8HWOQ-t500x500.png,genre (all),,G-00-MANT,"A Man's a Man and A' That (à la bananasutra) EPx3 - VOL. 02 - Revolution Forever,A Man's A Man for A' That - VOL. 01 - Revolution Forever,A stroll down history’s lane ☆ KNOWsutra ☆ EPx6 Vol. 1,ABCs of Kindness - KNOWsutra,Awe Is Mighty (Maybe Even Holy) - GLOWsutra Conscious Indie LoFi Lullaby EPx2,Because the Light ☉ EPx4 VOL.01,Best Teacher Award · in Love & Death : Indie Bliss EPx3 VOL. 1 : BOWsutra,Cassandra’s Lullaby • KNOWsutra EPx11 World,Creo (La Poesia) ☘ EPx10 VOL.01 ☘ Bananasutra En Español,Daddy's a Creep ⚞  P3d0 T-Shirts ON SALE ⚟ BLOWsutra EPx4,Darling EP,Do Panic Now ✝ GROWsutra EPx13,Double Standards EPx4 VOL. 2 ★ BLOWsutra LOFI,EGO's Masquerade • EPx4 • BLOWsutra Tzigane Trip Hop Lo-Fi INDIE,En Vrai · On Est Tous Frères ䷁ FRENCH BLUESsutra EPx5,Everybody Knows EP x6 : INDIEsutra,FOTUS CIRCUS ★ VOL.3 EPx9 ★ BURLESQUEsutra,HashtagWHY (to be ctd...),Hereby · I Cry ☠ BLOWsutra EPx5,Hold the Mic · Babe  EP X7 | Soul Prayer Lullabies,How to Help a Bible Bro Grow Up · In the name of Religious Freedom,If We Had But(t) The Truth ☲ Easterican Profanities EPx5 ☲ QUACKsutra,Jolly Poo - EPx15 VOL. 01 - Banjo Blues BLOWsutra,Joseph Campbell's Truth Metaphors ☷ KNOWsutra EPx12,Just Be EP X7 | Vocal Honey Audio Ideals,Kids Are Asking ✪ KNOWsutra But(t) Why EPx3,L'Accordéon de l'Ignorance EP X9,Linguistic Weaponry EPx4 (Vol 2) DUBsutra,Mind the Felon EP X5 | JAZZ LOFI : Psychedelic Paradox Soul Chanson,Nous Sommes Le Feu EPx4 ☲ GROWsutra French Peace Indie,Oh My · Oh Why (Socrates Song) - GROWsutra EPx7,Pedo Nation ★ Felon Nation Redux ★ BLOWsutra EPx14,Poetry Matters EP vol.3,Predators (why war) EP x11 vol.2,Queer Almighty (Holy Questions Matter) - EPx16 VOL. 02,Second Hand Smoke (of) Arrogant Hearts - BLOWsutra EGO Therapy EPx6,Sidération - Spoken Words Intro - EPx3 VOL. 1 of 4,Sidération - The Sky Stood Still - EPx6 VOL. 2 of 4,SS Means Sacred Sp3rm ☠ BLOWsutra EPx19,The Conquest of Happiness (according to Bertrand Russel) ☰ 2 Songs EPx10 ☰ KNOWsutra,The Dystopian Quiz Song ★ EPx15 ★ Acoustic SOULsutra,They Muddy the Waters (aka Nietzsche's Gift) EPx5 VOL. 04,To Dream EP X8 | Jacques Brel Chanson Reimagined : Psychedelic French Poetry JAZZsutra X5,Trump Derangement Syndrome ™ EPx7,Tune in the Tender ☲ #GROWsutra EPx9,Up a San Francisco Hill • Bananasutra Heart Beats,What It's About - Blues Dub Murica Mantra EPx7,Where Hope Expires ℧ EPx8 VOL.02,Who Knows Where How Happiness Truly Grows ☰ GROWsutra EPx29,Why Trust an Old · Mean Religion? EPx9 VOL. 01"
OUI OUI : Pardon (my French),https://soundcloud.com/bananasutra/sets/oui-oui-pardon-my-french,,"BLUES,BURLESQUE,DUB,INDIE,JAZZ,LOFI,MANTRA",29,31639,318,1:40:08,https://i1.sndcdn.com/artworks-e0sOW6yRL70L2ZRD-C8tirQ-t500x500.png,sutra,checked,G-lang-FR,"Crimina/els EP,En Vrai · On Est Tous Frères ䷁ FRENCH BLUESsutra EPx5,Freee · La Fille • French SHOWsutra Psychedelic EPx10,Jacques Brel : French EPx9 : GLOWsutra Burlesque Indie Blues Gratitude POET(ry),L'Accordéon de l'Ignorance EP X9,L'Embobinage (d'après Carl Sagan) • French GROWsutra EPx17,La Force Douce EPx7 ✪ French GROWsutra World Peace Duende LoFi Indie Fusion,Le Bal Des Salauds - French BLOWsutra Indie Gipsy Burlesque EPx9,Le Système EP MIX X16 | Bluesy French Jazz,Nous Sommes Le Feu EPx4 ☲ GROWsutra French Peace Indie,Oh · Martine ❃ French GLOW+BOWsutra ❃ Side A+B EPx28,Secret de Polichinelle 🎪 French EPx10 🎪 KNOWsutra Psychedelic Gipsy Circus,What the Mirror Said (Reste Lucide) - GLOWsutra JAZZ,WIN-WIN DUB EPx3 ⚭ French-English GROWsutra Fusion Soul"
Playlist Sidération Gone Bananas x29,https://soundcloud.com/bananasutra/sets/playlist-sideration-gone-bananas,BLOWsutra,"BLUES,JAZZ,LOFI",29,9880,76,1:28:13,https://i1.sndcdn.com/artworks-58HtMVlI0dnLHSez-V8vJyA-t500x500.png,collection,,G-02-SIDE,"Sidération - Spoken Words Intro - EPx3 VOL. 1 of 4,Sidération - The Sky Stood Still - EPx6 VOL. 2 of 4,Sidération Blues - A Song of Wrong - EPx7 Vol 3 of 4,Sidération's Calling - White House's Burning - EPx13 Vol 4 of 4"
QUACKsutra : DUCK (shady),https://soundcloud.com/bananasutra/sets/quacksutra-duck-shady,QUACKsutra,"BANJO,BLUES,BURLESQUE,DUB,FOLK,INDIE,JAZZ,LOFI,MANTRA,ROCK",26,7986,96,1:23:23,https://i1.sndcdn.com/artworks-301rwrEjz0M0tuZV-1dVJMg-t500x500.png,sutra,checked,G-02-DUC,"Creepy Con Meme EPX2 • Dicky Ducky DUBsutra,Dump Trump EPx4 🪦 BLOWsutra Burlesque ROCK,Ego Ain't Your Amigo ⭐︎ EPx14 VOL. 01 ⭐︎ True Tales of BLUESsutra,It's War · My Friend ☳ QUACKsutra EPx15,Mind the Felon EP X5 | JAZZ LOFI : Psychedelic Paradox Soul Chanson,Pedo Nation ★ Felon Nation Redux ★ BLOWsutra EPx14,Project 2-0-2-5 (Explicit Fascism Advisory) • Pray for Murica SOULsutra EPx7,Stymied Felon goes Stymy Stymy Yuck Encore - Freee Bonus EPx2 VOL.02,Stymy Stymy Yuck : A Story of Old Bastards - EPx5 VOL.1 - DUBsutra,Trump Derangement Syndrome ™ EPx7,Who's Your Vladdy? EPx10 ☿ BLOWsutra World Peace Fusion Indie,Who's Your Vladdy? EPx2 VOL.02 ☿ BLOWsutra World Peace LOFI + ROCK,Why You Lie (to the People's Face) EP x7 ☠ QUACKsutra,Woke 'em Whacks EPx4 : BLUES & DUBsutra (Music Therapy)"
QUACKsutra : FOTUS Circus,https://soundcloud.com/bananasutra/sets/quacksutra-fotus-circus,QUACKsutra,"BANJO,BURLESQUE,DUB,FOLK,INDIE,LOFI,ROCK",15,7593,68,45:21,https://i1.sndcdn.com/artworks-PbQdusXHHfL2vzQG-PVycmg-t500x500.png,sutra,checked,G-02-CIRC,"Carnival FOTUS (ctd) EP X3,Daddy's a Creep ⚞  P3d0 T-Shirts ON SALE ⚟ BLOWsutra EPx4,FOTUS CIRCUS ★ VOL.2 EPx10 ★ BURLESQUEsutra,FOTUS CIRCUS ★ VOL.3 EPx9 ★ BURLESQUEsutra,FOTUS CIRCUS ★ VOL.4 EPx9 ★ BURLESQUEsutra,Idiocracy Now ✪ QUACKsutra EPx10,It's War · My Friend ☳ QUACKsutra EPx15"
QUACKsutra where we sing FU,https://soundcloud.com/bananasutra/sets/ducksutra-where-we-sing-fu,QUACKsutra,"BANJO,BLUES,BURLESQUE,DUB,FOLK,INDIE,JAZZ,LOFI,MANTRA,ROCK",282,96469,883,15:22:45,https://i1.sndcdn.com/artworks-FCpNyoKfIRn6bNzD-59cLWg-t500x500.png,sutra (all),,,"Bloom Past Doom (Apes Gone Wrong Series) EPx5 - BLOWsutra (Revolt Now)  Grassroots Hope Song,Carnival FOTUS (ctd) EP X3,Creepy Con Meme EPX2 • Dicky Ducky DUBsutra,Daddy's a Creep ⚞  P3d0 T-Shirts ON SALE ⚟ BLOWsutra EPx4,Dump Trump EPx4 🪦 BLOWsutra Burlesque ROCK,Ego Ain't Your Amigo ⭐︎ EPx14 VOL. 01 ⭐︎ True Tales of BLUESsutra,Hard Core (Questions that Matter) X5,Hereby · I Cry ☠ BLOWsutra EPx5,How to Help a Bible Bro Grow Up · In the name of Religious Freedom,I Ain't No Christian (No Holy Fool) ♥ EPx4 VOL.02,Idiocracy Now ✪ QUACKsutra EPx10,If We Had But(t) The Truth • Vol. 2 EPx22 • BLOWsutra (Censored) Epstein Etcetera Soundtrack,If We Had But(t) The Truth ☲ Easterican Profanities EPx5 ☲ QUACKsutra,It's War · My Friend ☳ QUACKsutra EPx15,MAKA MAKA EPx7 ⭐︎ MAxA Series · Vol. 4,Make Amurica Gulag Again ☭ BLOWsutra DUB EPx25,MASA (Make America Safe Again) ✮ EPX12 ✮ QUACKsutra Psychedelic BANJO,MAWA MAWA EPx2 (if Soundcloud allows) ⭐︎ MAxA Series · Vol. 2,MAxA Alphabet Series Compilation - Make America Humane · Kind · Safe · Smart · etcetera Alright?!,Mind the Felon EP X5 | JAZZ LOFI : Psychedelic Paradox Soul Chanson,Oy · We Care 🦆 QUACKsutra Psychedelic Punk Rock Mantra EPx4,Pedo Nation ★ Felon Nation Redux ★ BLOWsutra EPx14,Pro-life means what · honey?,Project 2-0-2-5 (Explicit Fascism Advisory) • Pray for Murica SOULsutra EPx7,Serial BLOWerrr ✰ RAGGA DUBsutra,Sidération - Spoken Words Intro - EPx3 VOL. 1 of 4,Sidération - The Sky Stood Still - EPx6 VOL. 2 of 4,Sidération Blues - A Song of Wrong - EPx7 Vol 3 of 4,Sidération's Calling - White House's Burning - EPx13 Vol 4 of 4,Stymied Felon goes Stymy Stymy Yuck Encore - Freee Bonus EPx2 VOL.02,Stymy Stymy Yuck : A Story of Old Bastards - EPx5 VOL.1 - DUBsutra,Thank you · Mister Paine - American Accountability Revolution Blues EPx3,The Dystopian Quiz Song ★ EPx15 ★ Acoustic SOULsutra,Time for Rebel Romance ☆ EPx6 ☆ BLOWsutra (Revolt Now) Cabaret,Trump Derangement Syndrome ™ EPx7,Waldo's Fascist Tango EPx3 VOL. 1 • Burlesque JAZZ,What It's About - Blues Dub Murica Mantra EPx7,What's F-A-S-C-I-S-T? EPx8 VOL. 1 ☆ BLOWsutra JAZZ FOLK Fusion,Who's Your Vladdy? EPx10 ☿ BLOWsutra World Peace Fusion Indie,Who's Your Vladdy? EPx2 VOL.02 ☿ BLOWsutra World Peace LOFI + ROCK,Why You Lie (to the People's Face) EP x7 ☠ QUACKsutra,Woke 'em Whacks EPx4 : BLUES & DUBsutra (Music Therapy)"
Questions for the (kind) POPE in the Sky,https://soundcloud.com/bananasutra/sets/questions-for-the-pope-in-the-sky,GROWsutra,"BANJO,BLUES,BURLESQUE,DUB,FOLK,INDIE,JAZZ,LOFI,MANTRA,ROCK",98,34161,301,5:01:39,https://i1.sndcdn.com/artworks-AW1E67BzmypJfRI1-6hZzEg-t500x500.png,collection,,,"Atheist Tango EP x9 VOL. 1 ☰ Waldo's Burlesque Tales of Truth,Ethical Paradox (Bertrand Undone),Hard Core (Questions that Matter) X5,How to Help a Bible Bro Grow Up · In the name of Religious Freedom,I Ain't No Christian (No Holy Fool) ♥ EPx4 VOL.02,Make your Own Bible EP x6 VOL. 1 ℧ A Jazzy Burlesque Folk Trip Hop LOFI Venture (oui oui),Pro-life means what · honey?,Queer Almighty (Holy Questions Matter) - EPx16 VOL. 02,Question Di Kingdom EPx4 VOL.02,Question di Kingdom ✰ Ragga DUBsutra EPx10,Seminal Bollocks EP,The Invisible Man in the Sky (a song inspired by George Carlin) EPx8 VOL.01,Untamed EP X3,Waldo's Fascist Tango EPx3 VOL. 1 • Burlesque JAZZ,Why Trust an Old · Mean Religion? EPx9 VOL. 01"
ROCKsutra,https://soundcloud.com/bananasutra/sets/rocksutra,,"BURLESQUE,FOLK,INDIE,JAZZ,LOFI,MANTRA,ROCK",91,26969,230,4:48:01,https://i1.sndcdn.com/artworks-RvPg90tJzDpSlPKh-ns1cUw-t500x500.png,genre (all),,G-00-ROCK,"Blessed Be the Dogs ☰ SHOWsutra EPx9 ☰ Post-Punk Burlesque ROCK,Dump Trump EPx4 🪦 BLOWsutra Burlesque ROCK,Everybody Knows EP x6 : INDIEsutra,Hey · Creeps • EPx20 • BLOWsutra Ego Gone Loco,Hey · You ✖ EPx8 ✖ BLOWsutra Indie Punk ROCK,Hope is So Do-Do-Dope 🎪🦤 SHOWsutra Surreal Soul Circus EPx9,I Ain't No Christian (No Holy Fool) ♥ EPx4 VOL.02,I Did the Math · and Everything is Stupid • SHOWsutra Snoopy Fanana Club EPx11,Idiocracy Now ✪ QUACKsutra EPx10,Ironic Moronic Eugenics ☤ What Happens When KNOWsutra & BLOWsutra Make a Baby,It's War · My Friend ☳ QUACKsutra EPx15,Just Be EP X7 | Vocal Honey Audio Ideals,Le Système EP MIX X16 | Bluesy French Jazz,Men-Oh-Pause 🩸 KNOWsutra EPx14,My Quest • EPx6 Vol. 2 • GLOWsutra Jacques Brel Dream,New Normalcy (Planet Earth to Higher Grounds) EP x7,Oh · Freedom EP x10 ♛ BLUESsutra (Public Domain Lyrics),Oh · Martine ❃ French GLOW+BOWsutra ❃ Side A+B EPx28,One Percent Rising • GROWsutra (Dare to Care) Psychedelic Indie EPx6,Oy · We Care 🦆 QUACKsutra Psychedelic Punk Rock Mantra EPx4,Read Me Harder (BB is for Banned Books) ☆ SHOWsutra Side A+B EPx19,RHINOCEROSS ♦ EPx7 ♦ BLOWsutra Surreal Real Poetry,Seminal Bollocks - Merry Psychedelic GROWsutra (God Etc.) EPx10,Seminal Bollocks EP,Shades of Fools EPx9,Shady Fools (Oh Can’t You See?) • Vol. 2 EPx9 • BLOWsutra Ego Gone Loco LoFi Burlesque,Some Truths (Are Harder to Swallow) EPx7,Spit Back The Lies • BLOWsutra (Revolution Ring) EPx20,SS Means Sacred Sp3rm ☠ BLOWsutra EPx19,SynthemaSutra ♆ SHOWsutra Banana EPx8,Tell The Truth (encore) KNOWsutra EPx9 Vol. 04,The Invisible Man in the Sky (a song inspired by George Carlin) EPx8 VOL.01,Time for Rebel Romance ☆ EPx6 ☆ BLOWsutra (Revolt Now) Cabaret,To Dream EP X8 | Jacques Brel Chanson Reimagined : Psychedelic French Poetry JAZZsutra X5,Trust No One EP x3 VOL.1 ☆ BLOWsutra Alternative Indie ROCK,We Live Not By Lies ⚬ EPx12 ⚬ GROWsutra Revolution Ring,Where We Begin (Preakly Peaches) EPx4,Who's Your Vladdy? EPx10 ☿ BLOWsutra World Peace Fusion Indie,Who's Your Vladdy? EPx2 VOL.02 ☿ BLOWsutra World Peace LOFI + ROCK"
SHOWsutra : B.J. (is for Banana Jesters),https://soundcloud.com/bananasutra/sets/showsutra-b-j-is-for-banana,SHOWsutra,"BANJO,BURLESQUE,DUB,FOLK,INDIE,JAZZ,LOFI",8,2344,27,25:38,https://i1.sndcdn.com/artworks-yoEMRKS82rZVyqki-15yXGg-t500x500.png,sutra,checked,G-03-BJ,"BANANA ALLELUIA ♾ EPx5 ♾ KNOWsutra BURLESQUE,CREEPYPASTA (what the hella) ♅ SHOWsutra ♅ EPx23 Side A+B,SynthemaSutra ♆ SHOWsutra Banana EPx8,Who Needs a Big D? EP x8 VOL. 1 - JAZZ 'n DUB"
SHOWsutra : FANANA Club,https://soundcloud.com/bananasutra/sets/showsutra-fanana-club,SHOWsutra,"BANJO,BURLESQUE,FOLK,INDIE,JAZZ,LOFI",20,9098,116,1:07:12,https://i1.sndcdn.com/artworks-09nrbUudNilo3UyQ-Qz1LzA-t500x500.png,sutra,checked,G-03-FANA,"Donkeys Years - SHOWsutra Fanana Club Gratitude EPx20,Dressed in (nothing butt) Wonder ★ Exxxplore and Play (EP) x16 Bananas,Gladys in Sonderland EPx14 • SHOWsutra Psychedelic Gipsy Dream,Hi · My Name Is (Not Celine Dion) - Vol02 EPx11 - SHOWsutra Dubby Grass Burlesque Edition,Hi · My Name Is (Not Celine Dion) - Vol03 EPx11 - SHOWsutra Gipsy Trip Hop World LoFi Edition,Linguistic Weaponry EPx7 Burlesque DUBsutra,some songs are more fun than others EP x8 ∞"
SHOWsutra where bananas play,https://soundcloud.com/bananasutra/sets/sutrashow-where-bananas-get,SHOWsutra,"BANJO,BLUES,BURLESQUE,DUB,FOLK,INDIE,JAZZ,LOFI,ROCK",241,99040,964,13:43:02,https://i1.sndcdn.com/artworks-QRaUbtlHanDIuOON-8Hr9pg-t500x500.png,sutra (all),,,"An American in Paris (Public Domain Lyrics) 🎙️ SHOWsutra Classic Retro Musical REMAKE,Atheist Tango EP x9 VOL. 1 ☰ Waldo's Burlesque Tales of Truth,Blessed Be the Dogs ☰ SHOWsutra EPx9 ☰ Post-Punk Burlesque ROCK,Carnival FOTUS (ctd) EP X3,CREEPYPASTA (what the hella) ♅ SHOWsutra ♅ EPx23 Side A+B,CREEPYPASTA (what the hella) ♲ LoFi DUB Edition ♲ SoundCloud is broken REDUX,Donkeys Years - SHOWsutra Fanana Club Gratitude EPx20,Dressed in (nothing butt) Wonder ★ Exxxplore and Play (EP) x16 Bananas,Freee · La Fille • French SHOWsutra Psychedelic EPx10,Gladys in Sonderland EPx14 • SHOWsutra Psychedelic Gipsy Dream,Hammy On Clyde ✪ SHOWsutra EPx8,Hi · My Name Is (Not Celine Dion) - Vol02 EPx11 - SHOWsutra Dubby Grass Burlesque Edition,Hi · My Name Is (Not Celine Dion) - Vol03 EPx11 - SHOWsutra Gipsy Trip Hop World LoFi Edition,Hope is So Do-Do-Dope 🎪🦤 SHOWsutra Surreal Soul Circus EPx9,Peel Me Kindly 🍌 SHOWsutra Gone Banana à la Gipsy JAZZ EPx7,Read Me Harder (BB is for Banned Books) ☆ SHOWsutra Side A+B EPx19,Segggsting • SHOWsutra EPx6 • French Burlesque Jazz Cabaret,some songs are more fun than others EP x8 ∞,Some Truths (Are Harder to Swallow) EPx7,SynthemaSutra ♆ SHOWsutra Banana EPx8,The Great Naked King • SHOWsutra Psychedelick Fools Cabaret EPx30,Wet (Prickly) Peaches vol.2,Who Needs a Big D? EP x8 VOL. 1 - JAZZ 'n DUB"
SHOWsutra: (shades of) FOOLS,https://soundcloud.com/bananasutra/sets/showsutra-shades-of-fools,SHOWsutra,"BURLESQUE,DUB,INDIE,JAZZ,LOFI",6,1692,23,18:45,https://i1.sndcdn.com/artworks-oX7ZY3z8JzrLVWyA-Iz5Tsg-t500x500.png,sutra,checked,G-03-FOOL,"Bee the Fool EP x2 : BANJOsutra,Shades of Fools EPx9,WIN-WIN DUB EPx3 ⚭ French-English GROWsutra Fusion Soul"
SINGLEsutra Exclusive SoundCloud (woo),https://soundcloud.com/bananasutra/sets/singlesutra,,"BANJO,BLUES,BURLESQUE,DUB,FOLK,INDIE,JAZZ,LOFI,MANTRA,ROCK",45,21860,280,2:17:26,https://i1.sndcdn.com/artworks-if82lONCI5YhLq5y-CMulEA-t500x500.png,collection,checked,G-SINGLES,"Crimina/els EP,Le Système EP MIX X16 | Bluesy French Jazz,Poetry Matters ☰ BANJOsutra EPx2,Seminal Bollocks EP"
WORLDsutra : Russian(ish),https://soundcloud.com/bananasutra/sets/worldsutra-russian-ish,,"BANJO,BLUES,BURLESQUE,DUB,FOLK,INDIE,LOFI,ROCK",15,5777,66,1:01:23,https://i1.sndcdn.com/artworks-acFrdgqIA6o30Zzp-mlZM9A-t500x500.png,collection,checked,G-lang-RU,"The Echo Song ☭ Russian EPx3 ☭ Gipsy BLOWsutra LoFi Blues (Vladimir Vysotsky Cover),Who's Your Vladdy? EPx10 ☿ BLOWsutra World Peace Fusion Indie,Who's Your Vladdy? EPx2 VOL.02 ☿ BLOWsutra World Peace LOFI + ROCK"
WORLDsutra : SPAN(k)ish,https://soundcloud.com/bananasutra/sets/worldsutra-span-k-ish,,"INDIE,WORLD,DUB,JAZZ,MANTRA",4,3169,36,15:03,https://i1.sndcdn.com/artworks-DQAHMhBcDTcoVFfl-BTKWAA-t500x500.png,collection,checked,G-lang-ES,"Creo (La Poesia) ☘ EPx10 VOL.01 ☘ Bananasutra En Español,La Poesia Importa ♕ EPx7 VOL.01 ♕ Bananasutra En Español"
