sutra,url_slug_sutra,url_sutra_locked,question,practice,themes,alignment,intentions,sutra_when,sutra_card_essence,sutra_essence,vibe,mental_health_pivot,takeaway,sutra_id,songbooks,songs
KNOWsutra,know,checked,Is it true?,Ask,Truth + Morality,"Light,Shadows","beWISE,beGODless,seeWAR,seeHIStory",When the sound of logic feels like peace.,Fact-check the universe. Write your manifesto.,"First things first. Or rather two things, darling. Get the facts right, and keep love in sight. This is where we ask questions that matter, fact-check the universe, call out the paradoxes, and establish universal consensus on what empirical truth, peace, and happiness actually mean, and why. Reach for KNOW when you need ground that holds. Clarity does wonder for harmony. And once we've found our truth, GROW helps us do something with it.","You are in the mood to fact-check the universe. You are questioning accepted norms, calling out historical paradoxes, and looking for empirical truths without the sugar-coating.",Use KNOWsutra when you feel bamboozled by the media or religious dogmas and need to ground yourself in logic and morality.,"Next time you feel bamboozled by a fast-talking charlatan, you can look at this manifesto, adjust your glasses, and say: 'Ah, I need a KNOWsutra moment. I've asked Is it true? and fact-checked the universe. Now, it's time to speak up.'",01-KNOW,"Ask: (Naked) TRUTH,Ask: BERTRAND (knows),Ask: But(t) WHY,Ask: PEACE (not war)","A Letter To My Friend (Never Again),A New Historical Era,A Stroll Down History’s Lane,AI Fair Use Manifesto,AI Manifesto,Authentic Innovation Manifesto,Banana Alleluia,Because The Fight,Blaise's Tale,But(t) How Can You?,Cassandra's Lullaby,""En Vrai, On Est Tous Frères"",Everybody Knows,Foolish,Foolish Goldfish (Forever),Genius EP,""Genius, You See"",Hard Core,HashtagWHY (Sorry Not Sorry),How Do Kids Learn Now?,How Do You Explain War?,I Ain't No Christian (Like Bertrand),It's An Ethical Paradox,Kids Are Asking,Metaphors' Edge (Joseph Campbell's song),New Normalcy (Planet Earth to Higher Grounds),""Oh My, Oh Why (Socrates Song)"",Peace Matters More,""Philosophy, My Dear"",Predators (Why War),Question Di Kingdom,Question The Nation,Shades of Fools (All I Know),Shady Fools,""So, What Is Racism?"",Some Truths Are Harder to Swallow,T.R.U.T.H,Tell The Truth,The (Womp Womp) Conquestor,The Conquest of Happiness,The Love of A Dove,There's No Prayer Like Desire,Trauma Begets Trauma,Truth Don't Care,Truth I Never Knew (Crushing on Bertrand),""Two Things, Darling"",What It's About,What's F-A-S-C-I-S-T?,When Did Seduction Become so Untrue?,Who Are You? (And Who Am I?),WIN-WIN (Basic Science History),What Justifies The Pain?,A la Guerre Comme A la Guerre (To War or Not to War?),Wars Don’t Flow,Why Are Kids Allowed To Die? (Why War?),What Lessons Do We Forget?,Honest Is Best,The Sound Of Logic,Maslow (Bro),The Unhappiness Tango,Criminals (Bertrand Edition)"
BLOWsutra,blow,checked,Is it fair?,Speak,Justice + Accountability,Shadows,"seeEGO,seeWAR,seeHIStory,beFAIR",When the world is foul and the silence is louder.,Beware of normalizing evil. Unite and speak up for justice.,"This is the ancient story of apes gone wrong, playing finite games of ego-driven power. It’s also the biggest, loudest sutra—the shadow realm where we process the world's foul play, and choose to revolt against what’s essentially deceit and injustice, aka toxic bullshit. Reach for BLOW when the story doesn't add up, when the cognitive dissonance start feeling too much, and when the corporate algorithm wants you small, or silenced. When the world is foul, we need to name it, and unite, in the name of peace and freedom. But(t) beware, it stinks. The good news is that there are antidotes. When the outrage feels overwhelming, SHOW (play) and FLOW (trust) are the antidotes. (And QUACK is here for when the game gets ridiculous, because mockery is the antidote to narcicissm.)
","You are awake, and you are rightfully outraged. You are staring down the FOTUS Circus and watching the shady ducks and authoritarian apes gone wrong muddy the waters to make themselves look deep. You are in the trenches of the resistance, calling out the secondhand smoke of grandiose narcissists and demanding accountability from those who treat democracy like a rigged game. In this mood, you refuse to be complicit in the silence, choosing instead to spit back the lies and blow the whistle on the great naked kings of the world.","This is where you go to validate your righteous anger and process your grief over a world gone bananas. It is necessary to visit this shadow realm so you do not become a passive passenger to cruelty. But(t) beware: do not let the ego-driven madness trap you! As you've noted, it is incredibly easy to get stuck in BLOWsutra mode, choking on the toxic exhaust of the daily news. When you feel yourself spiraling into despair or paralyzed by Idiocracy Now, you must use this compass to name the mood. Recognize that you are stuck in the shadows, and intentionally switch your frequency to the playful light of SHOWsutra or the serene trust of FLOWsutra to restore your balance.","Next time the news makes you want to pull your hair out, you can look at this manifesto and say: 'Ah, I'm just in a BLOWsutra mood. I've asked Is it fair? and I've spoken my truth. Now, it's time to go bless the dogs.'",02-BLOW,"EP: Criminals,EP: DEFY,EP: Sidération,Speak: APES (gone wrong),Speak: CENSOR(ed),Speak: EGO (gone loco),Speak: REVOLT (now)","A Liar’s Prize,A Man's a Man and A' That,ABC of NPD,All the -Isms,Arrogant Hearts (Second Hand Smoke),Bloom Past Doom,""But Who Says """"Say My Name"""""",Comme Des Pions,Creeps,Criminals,Criminels,D.I.M.M.E.R.s,Dear Edward (The Snowden Song),Delete My Butt,Do Panic Now,Ego Ain't Your Amigo,EGO's Masquerade,Grifters,""Hey, Creeps"",""Hey, You (Creepers)"",Hiding Secrets in Lies,How Deep Is Your Shade?,Planet Idiocracy,If We Had But(t) The Truth,Ironic Moronic Eugenics,Jolly Poo,L’Embobinage,Le Bal Des Salauds,Le Bal Electoral,Le P'tit Jupiter,Le Système,""Le Système, ça voulait dire"",Learn The Signs,Liars,Liberty,Male Fantasies,Males Fantasies (vol2),Mass Media Freakshow,Men-Oh-Pause,Nietzsche's Gift (Muddy Waters),""No Fear, My Dear"",""Oh, Freedom"",Okie Dokie (No It's Not),Optics Of Cruelty (DEFY),""Oy, We Care"",Pablo's Grandeur,Read Me Harder (BB is for Banned Books),Relative Steve,Revolution's Lit,Rhinoceross,""Rise Up, You Naked Peoples (Freedom Rings)"",Second Hand Smoke (Arrogant Hearts),Secret De Polichinelle,Serial Blowers,Shameless (DEFY),Sidération,Sidération (The Sky Stood Still),Sidération Blues,Sidération's Calling,Spit Back the Lies,Supreme Words (Whoop Whoop),""Thank you, Mister Paine"",The Dystopian Quiz Song,The Echo Song,The Narcissist's Cabaret,""They Call It Freedom (Oh Hi, Sweet Honey Bun)"",Time For Rebel Romance,Trust No One,Universal Currency,What Dissent Looks Like Now,What If -Ism,Win-Win In Unity,Wonderland of Bias,The Cabaret Where No One Knows,GROCK,Freedom To Lie Is The New Human Right,Weary Blues,DARVO-A-GOGO,We Must Revolt,Silent Followers,Rebellion à L'Unisson,""It's Enshittification, Darling"",The Echo Song (Russian Edition),We Ain't Ghouls,This Ain't Fiction (Bloom Past Doom),Apes Gone Wrong (Bloom Past Doom)"
QUACKsutra,quack,checked,Is it foul?,Fight,FauXism,Shadows,beWOKE,When naming the ducks restores sanity.,"Mock the quacks. Sharp medicine, not a permanent address.","Welcome to FOTUS Circus. The freakshow king is naked, the ducks are shady, MAGA is a joke, and puerile absurdity reigns. Reach for QUACK when the news feels like toxic non-sense and naming each duck restores some sanity, because normalizing insanity is the enemy. This is where we whistleblow with a sense of humor and absolutely zero patience for the cult of mediocrity masquerading as power. Pivot back to BLOW (in the name of awareness and resistance) or SHOW (to laugh at the masquerade) before authoritarian indoctrination becomes inescapable.","You are done being polite about it. You have named the duck, the grifter, the clown-king, the whole rotting FOTUS circus, and you are no longer pretending it's normal. You are pointing the sharpest banana at the naked emperor, documenting the absurdity with surgical precision, and calling out the quacks one foul tweet at a time. In this mood, you are a whistleblower with a sense of humor and absolutely zero patience for the cult of mediocrity masquerading as power.","This is the sutra for when the daily news feels like a bad SNL sketch that never ends. Use QUACKsutra to name the ducks, call the quacks, document the spectacle — but do not live here. QUACKsutra is sharp medicine, not a permanent residence. When the ducks multiply faster than you can document them, pivot to SHOWsutra to laugh at the great naked king, or to BLOWsutra to channel your outrage into principled action. Duck-watching is not the same as resistance.","Next time the freakshow king tweets from the throne and your jaw drops to the floor, you can look at this manifesto, pick up your sharpest banana, and say: 'Ah, I'm in a QUACKsutra mood. I've asked Is it foul? and I've named every last duck. Now, it's time to blow that whistle and bless the republic.'",02-QUACK,"Quack: DUCK (shady),Quack: FOTUS Circus,Quack: MAxxxA Saga","Ain't No Kid,Carnival FOTUS (ctd),Chuck Ain't Woke,Creepy Con Meme,Daddy's a Creep,Dump Trump,FOTUS Circus: Angels Eyes,FOTUS Circus: Ginsberg Hollow (Horror) Show,Hide Your Pets,""It's War, My Friend"",Kamala Has A Dream,L'Accordéon De l'Ignorance,Like A Criminal Strong Man,MAHA (Make America Humane Again),MAKA (Make America Kind Again),Make Amurica Gulag Again (MAGA),MAMA (Make America Mine Achtung),MAWA (Make America Woke Again),Mind the Felon,Pedo Nation (Felon Nation Redux),Presidential Joke of The Year,Project 2025 (Honky tonk dreams in the land of the free),RUN (Now If You Can),Shining Twins,SS Means Sacred Sp3rm,Stymy Stymy Yuck,The Accordion of Ignorance,The Ducktator (Lament),The Grazed Duck Luck,The President’s Above The Law,The Tyranny of Ignorance,The Weave,Trump Derangement Syndrome ™,Who's Your Vladdy?,Why You Lie (To The People's Face)?,Woke 'em Whacks,Tweeting from the Throne,Radio Static (The Dystopian Cabaret),Profane Obscenities,MASA (Make America Safe Again),Ignoramus Divine,Hitlus With Your Best Shot,Felon Nation,""Shame on You Boo (Don-Be-Gone Orchestra, Duck of the Jungle)"",Chuck-A-Dick,Jingoism 101,Twatocracy (Encore et Encore),""FOTUS Circus: Step right up, My Dearest Souls"",""FOTUS Circus: Step Inside, Don’t Mind The Crime"",""FOTUS Circus: Welcome, You Fools"",""FOTUS Circus: Come On In, You Wretched Fools"",Duck OFF my back,""Oh, WELP… The Duck."",Syndrome Nom Nom,Freakshow King,Kamala's Roots of Resilience,""FOTUS Circus: Step Right Up, Murica Freaks"",FOTUS Circus: Round And Round"
SHOWsutra,show,checked,Is it fun?,Play,Joy + Absurdity,Light,"beFOOL,beSILLY",When the heaviness needs a joy release valve.,Wear the red nose. Angels fly because they live lightly.,"This is where we embrace the cosmic joke, where absurdity is medicine, and the fools are holy. Because life is the grandest cabaret on earth, perfection is a lie and the best way to fight the madness is to dance in it. Reach for SHOW when the heaviness needs an emergency release valve, and you've forgotten that angels fly because they take themselves lightly. When the laughter has done its work, GROW is where the courage lives.","You are embracing the cosmic joke. You realize that perfection is a lie, and the best way to fight the madness is to dance in the cabaret as a holy fool.","This is your emergency release valve. When the politics of BLOWsutra make you want to scream, SHOWsutra reminds you that angels fly because they take themselves lightly. It’s time for a banana joke.","Next time the absurdity of the world feels too heavy to carry, you can look at this manifesto, put on a red nose, and say: 'Ah, I need a SHOWsutra break. I've asked Is it fun? and laughed at the madness. Now, it's time to go play.'",03-SHOW,"Play: (Be) The Fool,Play: B.J. (is for banana jokes),Play: FANANA (party)","7 Dirty Words,A Good Witch,Acoustic Attractions,An American in Paris (Public Domain),Banana Jokes Making Us Laugh,Be The Fool (Embrace The Cracks),Bee The Fool (Perfection Is A Lie),Bee the Fool (Not A Lie),Blessed Are The Cracked,Blessed By The Wiggle,Bo Burnham Covers,Creepy Pasta (What The Hella),Dressed In (Nothing Butt) Wonder,F is for Fabulous,F-BOMB,Fool On A Mission (No Name Game),Freedom Fries,Gladys in Sonderland,Gunther's BBQ,Hammy On Clyde,""Hi, My Name Is (Not Celine Dion)"",Hope is Do-Do-Dope,I Did The Math (Everything is Stupid),I Know You Didn’t Ask,I Think I Need a Good Spank!ng (in Madrid),Blessed Be The Dogs (SHOWsutra Edition),Linguistic Weaponry,Lyrics Matter (FOOsutra),Please Pardon My French,Rachel Barks,Real Winners Dance,Segggsting,Some Songs Are More Fun Than Others,SynthemaSutra,The Fool Who Knows,The Great Naked King,Who Needs A Big D?,Zappa's Religion,Penguins In Shoes,""Not Bad, Friendo"",Enshittification (Word of the Year),Come Waddle With Me,Buuuuurn!,Frogs in the Cogs,Acousticophilia,Lyrics Matter (FOOsutra) EDIT,Bananasutra Cabaret,""Just Be You, Oooh!
(A Birthday Sing-Along)"",Singing Heavenly In Five Steps,This Is Not A Banana,Skanking Pickles,The Seven Sutras of Banana,Lolita In Pensacola,F*ckonomics"
GROWsutra,grow,checked,Is it brave?,Dare,Courage + Curiosity,"Light,Shadows","beBRAVE,beCURIOUS,beKIND",When caring feels uncool but(t) kindness dares.,Choose empathy over hypocrisy. It's a win-win.,"This is the sutra of evolution, where we dare to be brave enough to do the hard work. Empathy in an apathetic world. Honesty in the face of God. Win-win over zero-sum comfort, hard truths over cowardly hypocrisy. Reach for GROW when religion feels confusing, caring feels uncool or scary, and you need to find your coconuts—the courage to care out loud. Once you've got the courage, FLOW is where you stop gripping it.",You are doing the hard work of evolving. You are finding the courage (and the coconuts!) to care deeply in an apathetic world. You are choosing empathy over hypocrisy and win-win over zero-sum games.,"When you feel defeated or scared to speak your truth, GROWsutra is your pep talk. It gives you the strength to break the chains and leave the ordinary behind.","Next time you feel pressured to conform to a zero-sum game, you can look at this manifesto, channel your inner rebel, and say: 'Ah, I'm just in a GROWsutra mood. I've asked Is it brave? and found my coconuts. Now, it's time to step into the light.'",04-GROW,"Dare: DARE (to care),Dare: GOD (etc.),Dare: KIND(ness)","ABC Of Kindness,Because the Light,Blessed Be Your Voice,""Courage, care, and coconuts"",Do You Ever Wonder?,Double Standards,El Papito (Es No MAGA Show),Glitter On A Turd,""Hello, Oh No"",""Hereby, I Cry"",""Hold The Mic, Babe"",How Do We Find Meaning?,Jealousy (Not For Me),Kids Just Want To Have Hope,Kindness,Kindness (Oh Sweet Kindness),La Force Douce,Let’s Play A Game Where We All Win! (If The Game Is Absurd),Make your Own Bible,No Holy Fool,""No, I'm Not Being Political (CIRCA 2025)"",""No, I'm Not Being Political (CIRCA 2026)"",Nous Sommes Le Feu,One Percent Rising,Ordo Amoris in Decay (All I Want Is To Believe),Our Best (The Four Commandments),Peel Me Kindly,Possum Scrotum,""Pro-life Means What, Honey?"",Queer Almighty,Reason Over Reverence,Seminal Bollocks,Shush (How To Help A Bible Bro Grow Up),Sing Your Own Gospel,The Atheist Tango,The Invisible Man In The Sky,Tune In The Tender,Untamed,V.O.I.C.E.S (Blessed Be),V.O.I.C.E.S (What You Want Baby),Waldo's Atheist Tango,Waldo's Fascist Tango (Down We Go),We Live Not By Lies,We Remember What (We Remember What) We Feel☉,What the Mirror Said (Reste Lucide),What’s Behind Every Door?,Where Hope Expires (Hole of Fire),Who Knows Where How Happiness Truly Grows,""Why trust an old, mean religion?"",Why We Can't Be Brave?,WIN-WIN (dub),Zero Sum (Zero Sean),The Courage To Care,Love from the Future (The Hesse Song),Can You Play Win-Win Or No?,Broken Whole,Open The Window,Connecting Dots"
FLOWsutra,flow,checked,Is it free?,Trust,Trust + Adaptability,Light,"beYOU,beWISE,beKIND,beHUMBLE,beBRIGHT",When you feel stuck or heavy from trying too hard.,"Be water, my friend. The river doesn't argue with the rock.","The river doesn't argue with the rock, it just flows... This is where we breathe deeper, slower, embrace serendipity, trusting the rhythm, and letting our soul flow into the quiet, magical spaces where we are finally free. Reach for FLOW when you feel rigid, stuck, from holding on too much, or heavy, from trying too hard. Drop the baggage. Be water, my friend. Because, the river that flows long enough starts to shimmer—that's GLOW.","You are slipping into the stream and letting go of rigid control. You realize that the river doesn't argue with the rock—it just flows. In this mood, you are formless, full of grace, and done chasing wild geese on corporate horizons. You aren't doing bad doing nothing. Instead of fighting the tide, you are embracing serendipity, trusting the rhythm, and letting your soul flow into the quiet, magical spaces where you are finally free.","This is your antidote to the grind. When you find yourself overthinking, grasping, stumbling, and carrying the heavy baggage of a world gone bananas, you are trying too hard, my friend. When your knuckles are white from holding on to control, use this compass to name the mood. It is time to pivot to FLOWsutra. Stop it and just be. Drop your armor, your worries, and your shoes, and take a meditative dive underground where true dreams breathe. Let go of fear, because there's nothing to lose when you flow like water.","Next time you find yourself stuck in the mud of over-worrying, you can look at this manifesto, take a breath, and say: 'Ah, I'm fighting the current. I need to ask Is it free? and practice some Trust. It's time to be water, my friend.'",05-FLOW,"EP: Peachy,Trust: FLY (like water),Trust: WET (my friend)","Ain't Doing Bad Doing Nothing,Bare Your Soul (Velvet),Curious Like A Kiss,Flow Like Water (My Friend),Fluye (como el mar),""Freee, La Fille"",Just Be,Let's Do It,Making Songs Like,Peace Unseen,Sous Terre (Underground),Sutra of Immanence,They Call Her Wild (But She's Just Free),""Out of Step, Out Of Mind"",Thrifting Memories,""Too Hard, My Friend"",Wet (Prickly) Peaches vol.2,When We Duende (All Night),When We Duende (Encore),Where We Begin (Preakly Peaches),Whispers (Lithium),Self-Remembering,Oxytocin,Win-Win After Midnight,Open The Meow,Feral Fandango,Camus Dit Oui,Life's A Song,Feel The Sway,""Lightly, My Darling"",Drop Di Baggage,Like Rivers In Syncopated Times,Feel the ryhthm,The Sound of A Wondering Mind,Suspended in Time"
GLOWsutra,glow,checked,Is it full?,Bless,Gratitude + Poetry,Light,"beGRATEFUL,beWONDROUS",When the sheer poetry of being alive is a blessing.,Find the rainbows in the clouds.,"This is where gratitude shines, and it’s divine. You know that warm, shimmering feeling that comes with thankfulness, that sense of wonder that feels like butterflies in your stomach? It could be seeing a rainbow in the clouds, or petting an adorable kitten or puppy, or maybe tasting a warm cup of tea, or a good glass of wine, or the smell of the ocean in a fresh breeze on your face. This is about the sheer poetry of being alive. Reach for GLOW when life feels scarce or cynical and you need to notice what's already here. Gratitude deep enough is awe—and that's BOW.","You are shimmering with thankfulness. You are noticing the small, sacred things—a good cup of coffee, a rainbow in the clouds, or the sheer poetry of being alive.","When life feels scarce or cynical, GLOWsutra is the practice of radiating warmth. It shifts your focus from what is missing to what is abundant.","Next time you feel overwhelmed by the grey cynicism of the daily grind, you can look at this manifesto, notice the light, and say: 'Ah, I'm ready for a GLOWsutra mood. I've asked Is it full? and found my gratitude. Now, it's time to shimmer.'",06-GLOW,"Bless: POET(ry),Bless: RAINBOWS (in my clouds)","A Toast To The Good Life,Awe Is Like...,Awe Is Mighty,Berries & Beaches,Clay Maiden,Creo (La Poesia),Donkeys Years,French Poppies,Jacques Brel,La Poesia Importa,More Than A Plate (Anthony Bourdain <3),My Quest,""Poem (I wanted to be, basically)"",Poetry Matters,Poetry Nah Lie,Poetry Slow Burns,Poets Hats,Rainbows in the Clouds,She Wears The Words,The Poem,The Quest,This Is My Quest,To Dream,Up a San Francisco Hill,The World We Knew,Grateful For The Weird,Dream A Dog,Maupassant,Kiss A Pulse"
BOWsutra,bow,checked,Is it awe?,Bow,Awe + Humility,Light,beHUMBLE,When fear or grief is taking the wheel.,"Let gravity meet grace, it's divine.","This is where we honor and surrender to the glorious grace of existence, where grace meets gravity, where we humbly bow to the mystery, the unseen, the magic of the soul. Reach for BOW when fear or grief is taking the wheel and you need to remember and accept that we’re all just tiny specks in a sea of stars, but(t) love is so mighty, even death is nothing... until the cycle starts over, because like Socrates said, “the unexamined life is not worth living”, and all we really know is don’t know shit about fuck, and it all starts again, in the KNOW.","You are experiencing the ultimate, glorious grace of existence. You are honoring the unseen, respecting the profound mysteries of life and death, and bowing to the magic of the soul.","When ego or grief takes over, BOWsutra grounds you. It teaches that grief and gratitude are the same feeling, and reminds you that the ones we love are just dogs in the sky waiting in the next room.","Next time the weight of loss or the arrogance of ego tries to take the wheel, you can look at this manifesto, look up at the stars, and say: 'Ah, I need a BOWsutra moment. I've asked Is it awe? and bowed to the mystery. Blessed be the dogs.'",07-BOW,"Bow: (Thank) Dogs,Bow: Cosmic Bananas,Bow: Death (is nothing),EP: Best Teacher Award","Blessed Be The Dogs,But Where Do Pigeons Go To Die?,Darling,Dead Dogs Deets,Easy (Death Is Nothing At All),Like A Dog In The Sky,""Oh, Martine"",The Umm Song,Who Knows What Goes On?,""We’re Tiny Specks, Right?"""
